file path,audio file type
H:\Music\Jordan Smith\The Voice Performance\Jordan Smith-Hallelujah.m4a,.m4a
H:\Music\Jordan Smith\The Voice Performance\Jordan Smith-Somebody To Love.m4a,.m4a
H:\Music\Joshua Davis\The Voice Peformance\Brian Johnson & Joshua Davis-Knockin' On Heaven's Door.m4a,.m4a
H:\Music\Joshua Davis\The Voice Peformance\Joshua Davis-Budapest.m4a,.m4a
H:\Music\Joshua Davis\The Voice Peformance\Joshua Davis-Fields of Gold.m4a,.m4a
H:\Music\Joshua Davis\The Voice Peformance\Joshua Davis-Hallelujah.m4a,.m4a
H:\Music\Joshua Davis\The Voice Peformance\Joshua Davis-Hold Back the River.m4a,.m4a
H:\Music\Joshua Davis\The Voice Peformance\Joshua Davis-I Can't Make You Love Me.m4a,.m4a
H:\Music\Joshua Davis\The Voice Peformance\Joshua Davis-The Workingman's Hymn.m4a,.m4a
H:\Music\Joshua Davis\The Voice Peformance\Joshua Davis-When I Paint My Masterpiece.m4a,.m4a
H:\Music\The Eagles\The Eagles-Desperado.m4a,.m4a
"H:\Music\.38 Special\.38 Special-Teacher, Teacher.mp3",.mp3
H:\Music\.38 Special\Special Forces\.38 Special-Caught Up in You.mp3,.mp3
H:\Music\.38 Special\Tour De Force\.38 Special-Back Where You Belong.mp3,.mp3
H:\Music\.38 Special\Tour De Force\.38 Special-If I'd Been The One.mp3,.mp3
H:\Music\.38 Special\Wild-eyed Southern Boys\.38 Special-Hold On Loosely.mp3,.mp3
H:\Music\3 Doors Down\3 Doors Down\3 Doors Down-It's Not My Time.mp3,.mp3
H:\Music\3 Doors Down\3 Doors Down\3 Doors Down-Your Arms Feel Like Home.mp3,.mp3
H:\Music\3 Doors Down\Away From The Sun\3 Doors Down-Here Without You.mp3,.mp3
"H:\Music\4 Non Blondes\Bigger, Better, Faster, More!\4 Non Blondes-What's Up.mp3",.mp3
H:\Music\48th Highlanders\48th Highlanders-Last Post.mp3,.mp3
H:\Music\48th Highlanders\48th Highlanders-The Maple Leaf Forever.mp3,.mp3
H:\Music\Abba\ABBA-Angel Eyes.mp3,.mp3
"H:\Music\Abba\ABBA-Another Town, Another Train.mp3",.mp3
H:\Music\Abba\ABBA-Bang-A-Boomerang.mp3,.mp3
H:\Music\Abba\ABBA-Chiquitita.mp3,.mp3
H:\Music\Abba\ABBA-Dance (While the Music Still Goes On).mp3,.mp3
H:\Music\Abba\ABBA-Dancing Queen.mp3,.mp3
H:\Music\Abba\ABBA-Does Your Mother Know.mp3,.mp3
H:\Music\Abba\ABBA-Fernando.mp3,.mp3
H:\Music\Abba\ABBA-Gimme! Gimme! Gimme! (A Man After Midnight).mp3,.mp3
H:\Music\Abba\ABBA-He is your brother.mp3,.mp3
"H:\Music\Abba\ABBA-Honey, Honey.mp3",.mp3
"H:\Music\Abba\ABBA-I Do, I Do, I Do, I Do, I Do.mp3",.mp3
"H:\Music\Abba\ABBA-Knowing Me, Knowing You.mp3",.mp3
H:\Music\Abba\ABBA-Mamma Mia.mp3,.mp3
"H:\Music\Abba\ABBA-Money, Money, Money.mp3",.mp3
H:\Music\Abba\ABBA-Nina Pretty Ballerina.mp3,.mp3
H:\Music\Abba\ABBA-Our Last Summer.mp3,.mp3
H:\Music\Abba\ABBA-People Need Love.mp3,.mp3
H:\Music\Abba\ABBA-Ring Ring.mp3,.mp3
H:\Music\Abba\ABBA-S.O.S.mp3,.mp3
H:\Music\Abba\ABBA-So Long.mp3,.mp3
H:\Music\Abba\ABBA-Take a Chance on Me.mp3,.mp3
H:\Music\Abba\ABBA-Thank You For The Music.mp3,.mp3
H:\Music\Abba\ABBA-Waterloo.mp3,.mp3
H:\Music\ACDC\Back In Black\ACDC - Given The Dog A Bone.mp3,.mp3
H:\Music\ACDC\Back In Black\ACDC - Hells Bells.mp3,.mp3
H:\Music\ACDC\Back In Black\ACDC - Shoot To Thrill.mp3,.mp3
H:\Music\ACDC\Back In Black\ACDC- Back in Black.mp3,.mp3
H:\Music\ACDC\Back In Black\ACDC- Have A Drink On Me.mp3,.mp3
H:\Music\ACDC\Back In Black\ACDC- Shake A Leg.mp3,.mp3
H:\Music\ACDC\Back In Black\ACDC- You Shook Me All Night Long.mp3,.mp3
H:\Music\ACDC\The Razors Edge\ACDC - Thunderstruck.mp3,.mp3
H:\Music\Ace of Base\Ace Of Base-Beautiful Life.mp3,.mp3
H:\Music\Ace of Base\Ace Of Base-Cruel Summer.mp3,.mp3
H:\Music\Ace of Base\Ace Of Base-The Sign.mp3,.mp3
H:\Music\Adam Gregory\Adam Gregory-No Vacancy.mp3,.mp3
H:\Music\Adam Wakefield\The Voice Performance\Adam Wakefield -  Lonesome Broken and Blue.mp3,.mp3
H:\Music\Adam Wakefield\The Voice Performance\Adam Wakefield - Lights.mp3,.mp3
H:\Music\Adele\Adele - Skyfall.mp3,.mp3
H:\Music\Adele\ADELE-Don't You Remember.mp3,.mp3
H:\Music\Adele\ADELE-He Won't Go.mp3,.mp3
H:\Music\Adele\Adele-Lovesong.mp3,.mp3
H:\Music\Adele\Adele-One And Only.mp3,.mp3
H:\Music\Adele\Adele-Rolling In The Deep (acapella).mp3,.mp3
H:\Music\Adele\Adele-Rolling In The Deep.mp3,.mp3
H:\Music\Adele\Adele-Rumour Has It.mp3,.mp3
H:\Music\Adele\Adele-Someone Like You.mp3,.mp3
H:\Music\Aerosmith\Aerosmith-Dude (Looks Like A Lady).mp3,.mp3
H:\Music\Aerosmith\Aerosmith-Sweet Emotion.mp3,.mp3
H:\Music\Aerosmith\Aerosmith-Walk This Way.mp3,.mp3
H:\Music\Aerosmith\Devil's Got a New Disguise_ The Very Bes\Aerosmith-Devil's Got a New Disguise.mp3,.mp3
H:\Music\Aerosmith\Devil's Got a New Disguise_ The Very Bes\Aerosmith-Dream On.mp3,.mp3
H:\Music\Aha\a-Ha-Take On Me.mp3,.mp3
H:\Music\Alabama\Alabama-Mountain Music.mp3,.mp3
H:\Music\Alan Jackson\Alan Jackson-chasin' that neon rainbow.mp3,.mp3
H:\Music\Alan Jackson\Alan Jackson-Chattahoochee.mp3,.mp3
H:\Music\Alan Jackson\Who I Am\Alan Jackson-Gone Country.mp3,.mp3
H:\Music\Alan Jackson\Who I Am\Alan Jackson-I Don't Even Know Your Name.mp3,.mp3
H:\Music\Alan Jackson\Who I Am\Alan Jackson-Livin' On Love.mp3,.mp3
H:\Music\Alan Jackson\Who I Am\Alan Jackson-Summertime Blues.mp3,.mp3
H:\Music\Alan Jackson\Who I Am\Alan Jackson-Thank God For the Radio.mp3,.mp3
H:\Music\Alan Jackson\Who I Am\Alan Jackson-Who I Am.mp3,.mp3
H:\Music\Alan Parsons Project\The Alan Parsons Project-Eye In The Sky.mp3,.mp3
H:\Music\Alannah Myles\Alannah Myles-Black Velvet.mp3,.mp3
H:\Music\Alannah Myles\Alannah Myles-Love Is.mp3,.mp3
H:\Music\Alannah Myles\Alannah Myles-Lover Of Mine.mp3,.mp3
H:\Music\Albert Collins\Albert Collins - Trash Talkin'.mp3,.mp3
H:\Music\Albert King\Albert King - Angel Of Mercy.mp3,.mp3
H:\Music\Albert King\Albert King - Born Under A Bad Sign.mp3,.mp3
H:\Music\Albert King\Albert King - Crosscut Saw.mp3,.mp3
H:\Music\Albert King\Albert King - Reconsider Baby.mp3,.mp3
H:\Music\Albert King\Albert King-Callin' On My Darling.mp3,.mp3
H:\Music\Alberta Hunter\Alberta Hunter - Amtrak Blues.mp3,.mp3
"H:\Music\Alison Krauss\Alison Krauss & Union Station-Baby, Now That I've Found You.mp3",.mp3
H:\Music\Alison Krauss\Alison Krauss & Union Station-The Lucky One.mp3,.mp3
H:\Music\Alison Krauss\Alison Krauss & Union Station-When You Say Nothing at All.mp3,.mp3
H:\Music\Alvin Red Tyler\Alvin 'Red' Tyler-No Relation.mp3,.mp3
H:\Music\Alvin Youngblood Hart\Alvin Youngblood Hart-Moonlight Mile.mp3,.mp3
H:\Music\Alvin Youngblood Hart\Alvin Youngblood Hart-She Put Me Outdoors.mp3,.mp3
H:\Music\Alvin Youngblood Hart\Alvin Youngblood Hart-Sway.mp3,.mp3
H:\Music\Amanda Marshall\Amanda Marshall-Sitting On Top Of The World.mp3,.mp3
H:\Music\Amanda Marshall\Amanda Marshall-Sunday Morning After.mp3,.mp3
H:\Music\Amazulu\Amazulu-Montego Bay.mp3,.mp3
H:\Music\America\America-A Horse With No Name.mp3,.mp3
H:\Music\America\America-Sister Golden Hair.mp3,.mp3
H:\Music\America\America-You Can Do Magic.mp3,.mp3
H:\Music\Amos Milbourne\Amos Milbourne-Bewildered.mp3,.mp3
H:\Music\Amos Milbourne\Amos Milbourne-Trouble In Mind.mp3,.mp3
H:\Music\Amos Milbourne\Amos Milburn-Down The Road Apiece.mp3,.mp3
H:\Music\Amy Grant\Amy Grant-Big Yellow Taxi.mp3,.mp3
H:\Music\Amy Winehouse\Amy Winehouse-Cupid (Deluxe Edition Version).mp3,.mp3
H:\Music\Amy Winehouse\Amy Winehouse-Hey Little Rich Girl (Ft. Zalon & Ade).mp3,.mp3
H:\Music\Amy Winehouse\Amy Winehouse-Love Is A Losing Game (Original Demo).mp3,.mp3
H:\Music\Amy Winehouse\Amy Winehouse-Monkey Man.mp3,.mp3
H:\Music\Amy Winehouse\Amy Winehouse-To Know Him Is To Love Him (Napster Live).mp3,.mp3
H:\Music\Amy Winehouse\Amy Winehouse-You're Wondering Now.mp3,.mp3
"H:\Music\Anders Osbourne\Anders Osborne-Boxes, Bills And Pain.mp3",.mp3
H:\Music\Angie Keilhauer\The Voice Performance\Angie Keilhauer - I Hold On.mp3,.mp3
H:\Music\Animals\The Animals-The House of the Rising Sun.mp3,.mp3
H:\Music\Anne Murray\Anne Murray - Hark! The Herald Angels Sing.mp3,.mp3
H:\Music\Annie Lennox\Annie Lennox - Into the West.mp3,.mp3
H:\Music\April Wine\April Wine-Fast Train.mp3,.mp3
H:\Music\April Wine\April Wine-I Like To Rock.mp3,.mp3
H:\Music\April Wine\April Wine-Just Between You And Me.mp3,.mp3
H:\Music\April Wine\April Wine-Oowatanite.mp3,.mp3
H:\Music\April Wine\April Wine-Rock N Roll is a Viscous Game.mp3,.mp3
H:\Music\April Wine\April Wine-Roller.mp3,.mp3
H:\Music\April Wine\April Wine-Say Hello.mp3,.mp3
H:\Music\April Wine\April Wine-Sign Of The Gypsy Queen.mp3,.mp3
H:\Music\April Wine\April Wine-Sons of the Pioneers.mp3,.mp3
H:\Music\April Wine\April Wine-Tonite Is A Wonderful Time To Fall In Love.mp3,.mp3
H:\Music\April Wine\April Wine-You Could Have Been A Lady.mp3,.mp3
H:\Music\Aretha Franklin\Aretha Franklin - There Is A Fountain.mp3,.mp3
H:\Music\Arlo Guthrie\Arlo Guthrie-City Of New Orleans.mp3,.mp3
H:\Music\Arlo Guthrie\Arlo Guthrie-Coming Into Los Angeles.mp3,.mp3
H:\Music\Arlo Guthrie\Arlo Guthrie-Will the Circle Be Unbroken.mp3,.mp3
H:\Music\Arthur Big Boy Crudup\Arthur 'Big Boy' Crudup-She's Gone.mp3,.mp3
H:\Music\Asia\Asia - Heat of the Moment.mp3,.mp3
H:\Music\Asia\Asia - Only Time Will Tell.mp3,.mp3
H:\Music\Asia\Asia - Sole Survivor.mp3,.mp3
H:\Music\Asia\Asia - Time Again.mp3,.mp3
H:\Music\Avril Lavigne\Avril Lavigne-Let Me Go (feat. Chad Kroeger).mp3,.mp3
H:\Music\B.B. King\B.B. King - B.B. Boogie.mp3,.mp3
H:\Music\B.B. King\B.B. King - Catfish Blues.mp3,.mp3
H:\Music\B.B. King\B.B. King - Every Day I Have The Blues.mp3,.mp3
H:\Music\B.B. King\B.B. King - Please Love Me.mp3,.mp3
H:\Music\B.B. King\B.B. King - The Other Night Blues.mp3,.mp3
H:\Music\B.B. King\B.B. King - Why I Sing The Blues.mp3,.mp3
H:\Music\B.B. King\B.B. King-Ask Me No Questions.mp3,.mp3
H:\Music\B.B. King\B.B. King-Everyday I Have The Blues.mp3,.mp3
H:\Music\B.B. King\B.B. King-Guess Who.mp3,.mp3
H:\Music\B.B. King\B.B. King-Help The Poor.mp3,.mp3
H:\Music\B.B. King\B.B. King-Let Me Make You Cry A Little Longer.mp3,.mp3
H:\Music\B.B. King\B.B. King-The Thrill Is Gone.mp3,.mp3
H:\Music\B.J. Thomas\All-Time Greatest Hits\B.J. Thomas - Hooked On a Feeling.mp3,.mp3
H:\Music\B.J. Thomas\Greatest & Latest\B.J. Thomas - Another Somebody Done Somebody Wrong Song.mp3,.mp3
H:\Music\Bagpipes\Bagpipes - Amazing Grace.mp3,.mp3
H:\Music\Bagpipes\Bagpipes - Taps.mp3,.mp3
H:\Music\Bagpipes\Pink Floyd\The Wall\Pink Floyd - Mother.mp3,.mp3
H:\Music\Bangles\The Bangles-Hazy Shade Of Winter.mp3,.mp3
H:\Music\Bangles\The Bangles-Manic Monday.mp3,.mp3
H:\Music\Barbra Streisand\Barbra Streisand-Guilty.mp3,.mp3
H:\Music\Barenaked Ladies\Barenaked Ladies-If I Had $1000000.mp3,.mp3
H:\Music\Barenaked Ladies\Barenaked Ladies-It's All Been Done.mp3,.mp3
H:\Music\Barenaked Ladies\Barenaked Ladies-Jane.mp3,.mp3
H:\Music\Barenaked Ladies\Barenaked Ladies-Lovers In A Dangerous Time.mp3,.mp3
H:\Music\Barenaked Ladies\Barenaked for the Holidays\Barenaked Ladies-Auld Lang Syne.mp3,.mp3
H:\Music\Barenaked Ladies\Barenaked for the Holidays\Barenaked Ladies-Carol of the Bells.mp3,.mp3
H:\Music\Barenaked Ladies\Barenaked for the Holidays\Barenaked Ladies-Christmas Pics.mp3,.mp3
H:\Music\Barenaked Ladies\Barenaked for the Holidays\Barenaked Ladies-Christmastime (Oh Yeah).mp3,.mp3
H:\Music\Barenaked Ladies\Barenaked for the Holidays\Barenaked Ladies-Deck the Stills.mp3,.mp3
H:\Music\Barenaked Ladies\Barenaked for the Holidays\Barenaked Ladies-Do They Know It's Christmas-.mp3,.mp3
H:\Music\Barenaked Ladies\Barenaked for the Holidays\Barenaked Ladies-Elf's Lament (with Michael Buble).mp3,.mp3
H:\Music\Barenaked Ladies\Barenaked for the Holidays\Barenaked Ladies-Footprints.mp3,.mp3
H:\Music\Barenaked Ladies\Barenaked for the Holidays\Barenaked Ladies-God Rest Ye Merry Gentlemen - We Three Kings (with Sarah McLachlan).mp3,.mp3
H:\Music\Barenaked Ladies\Barenaked for the Holidays\Barenaked Ladies-Green Christmas.mp3,.mp3
H:\Music\Barenaked Ladies\Barenaked for the Holidays\Barenaked Ladies-Hanukkah Blessings.mp3,.mp3
"H:\Music\Barenaked Ladies\Barenaked for the Holidays\Barenaked Ladies-Hanukkah, Oh Hanukkah.mp3",.mp3
H:\Music\Barenaked Ladies\Barenaked for the Holidays\Barenaked Ladies-I Have a Little Dreidel.mp3,.mp3
H:\Music\Barenaked Ladies\Barenaked for the Holidays\Barenaked Ladies-I Saw Three Ships.mp3,.mp3
H:\Music\Barenaked Ladies\Barenaked for the Holidays\Barenaked Ladies-Jingle Bells.mp3,.mp3
H:\Music\Barenaked Ladies\Barenaked for the Holidays\Barenaked Ladies-O' Holy Night.mp3,.mp3
H:\Music\Barenaked Ladies\Barenaked for the Holidays\Barenaked Ladies-Rudolph the Red-Nosed Reindeer.mp3,.mp3
H:\Music\Barenaked Ladies\Barenaked for the Holidays\Barenaked Ladies-Sleigh Ride.mp3,.mp3
H:\Music\Barenaked Ladies\Barenaked for the Holidays\Barenaked Ladies-Snowman.mp3,.mp3
H:\Music\Barenaked Ladies\Barenaked for the Holidays\Barenaked Ladies-Wonderful Christmastime.mp3,.mp3
H:\Music\Bear McCreary\Bear McCreary - BSG Colonial Anthem.mp3,.mp3
H:\Music\Bear McCreary\Bear McCreary - BSG Gayatri Mantra Theme Song.mp3,.mp3
"H:\Music\Bear McCreary\Bear McCreary-All Along The Watchtower (From 'Crossroads, Part 2').mp3",.mp3
H:\Music\Bear McCreary\Bear McCreary-Gaeta's Lament.mp3,.mp3
H:\Music\BeauSoleil\BeauSoleil-It's You I Love.mp3,.mp3
H:\Music\Belinda Carlilse\Belinda Carlisle-Circle In The Sand.mp3,.mp3
H:\Music\Belinda Carlilse\Belinda Carlisle-Heaven Is A Place On Earth.mp3,.mp3
H:\Music\Belinda Carlilse\Belinda Carlisle-I Get Weak.mp3,.mp3
H:\Music\Belinda Carlilse\Belinda Carlisle-In Too Deep.mp3,.mp3
H:\Music\Belinda Carlilse\Belinda Carlisle-Mad About You.mp3,.mp3
H:\Music\Bennie Sharp\Bennie Sharp-St Louis Sunset Twist.mp3,.mp3
H:\Music\Bertie Higgins\Bertie Higgins-Key Largo.mp3,.mp3
H:\Music\Bessie Smith\Bessie Smith - Alexander's Ragtime Band.mp3,.mp3
H:\Music\Bessie Smith\Bessie Smith - Poor Man's Blues.mp3,.mp3
H:\Music\Bessie Smith\Bessie Smith-Down Hearted Blues.mp3,.mp3
H:\Music\Bessie Smith\Bessie Smith-Me And My Gin.mp3,.mp3
H:\Music\Bessie Smith\Bessie Smith-St. Louis Blues.mp3,.mp3
H:\Music\Big Bill Broonzy\Big Bill Broonzy-C And A Blues.mp3,.mp3
H:\Music\Big Bill Broonzy\Big Bill Broonzy-Spreadin' Snakes Blues.mp3,.mp3
H:\Music\Big Country\Big Country-In A Big Country.mp3,.mp3
H:\Music\Big Joe Turner\Big Joe Turner - Piney Brown Blues.mp3,.mp3
"H:\Music\Big Joe Turner\Big Joe Turner - Squeeze Me, Baby.mp3",.mp3
H:\Music\Big Joe Turner\Big Joe Turner - Stormy Monday Blue.mp3,.mp3
H:\Music\Big Joe Turner\Big Joe Turner - TV Mama.mp3,.mp3
H:\Music\Big Joe Turner\Big Joe Turner - Wee Baby Blues.mp3,.mp3
H:\Music\Big Joe Turner\Big Joe Turner-Corrine Corrina.mp3,.mp3
H:\Music\Big Joe Turner\Big Joe Turner-Doggin' The Dog.mp3,.mp3
H:\Music\Big Joe Williams\Big Joe Williams - Nobody Knows You When You're Down And Out.mp3,.mp3
H:\Music\Big Joe Williams\Big Joe Williams-Don't You Leave Me Here.mp3,.mp3
H:\Music\Big Joe Williams\Big Joe Williams-I Know You're Gonna Miss Me.mp3,.mp3
H:\Music\Big Joe Williams\Big Joe Williams-Sloppy Drunk.mp3,.mp3
H:\Music\Big Mama Thornton\Big Mama Thornton - Ball & Chain.mp3,.mp3
H:\Music\Big Maybelle\Big Maybelle-I Won't Cry Anymore.mp3,.mp3
H:\Music\Big Maybelle\Big Maybelle-The Same Old Sotry.mp3,.mp3
H:\Music\Bill Bourne\Bill Bourne-Bill Miner.mp3,.mp3
H:\Music\Bill Bourne\Bill Bourne-Fiderana.mp3,.mp3
H:\Music\Bill Bourne\Bill Bourne-Mbo.mp3,.mp3
H:\Music\Bill Bourne\Bill Bourne-Precious Love.mp3,.mp3
H:\Music\Bill Bourne\Bill Bourne-Red Moon.mp3,.mp3
H:\Music\Bill Bourne\Bill Bourne-Scarecrow Murders.mp3,.mp3
H:\Music\Bill Bourne\Bill Bourne-The Chant.mp3,.mp3
H:\Music\Bill Bourne\Bill Bourne-The House.mp3,.mp3
H:\Music\Bill Bourne\Bill Bourne-These Blues.mp3,.mp3
H:\Music\Bill Bourne\Bill Bourne-Waiting.mp3,.mp3
H:\Music\Bill Bourne\Bill Bourne-Yesterday Is Gone.mp3,.mp3
H:\Music\Billie Holiday\Billie Holiday - Don't Explain.mp3,.mp3
H:\Music\Billie Holiday\Billie Holiday - Fooling Myself.mp3,.mp3
H:\Music\Billie Holiday\Billie Holiday - I've Got It Bad And That Ain't Good.mp3,.mp3
H:\Music\Billie Holiday\Billie Holiday - Nice Work If You Can Get It.mp3,.mp3
H:\Music\Billie Holiday\Billie Holiday - Please Don't Talk About Me When I'm Gone.mp3,.mp3
H:\Music\Billie Holiday\Billie Holiday-Am I Blue.mp3,.mp3
H:\Music\Billie Holiday\Billie Holiday-Billie's Blues.mp3,.mp3
H:\Music\Billie Holiday\Billie Holiday-Easy To Remember.mp3,.mp3
H:\Music\Billie Holiday\Billie Holiday-Gloomy Sunday.mp3,.mp3
H:\Music\Billie Holiday\Billie Holiday-God Bless The Child.mp3,.mp3
H:\Music\Billie Holiday\Billie Holiday-Just Friends-Billie Holiday.mp3,.mp3
H:\Music\Billie Holiday\Billie Holiday-They Can't Take That Away From Me.mp3,.mp3
H:\Music\Billy Boy Arnold\Billy Boy Arnold & Sammy Lawhorn-Ooh Wee.mp3,.mp3
H:\Music\Billy Boy Arnold\Billy Boy Arnold-Sinner's Prayer.mp3,.mp3
H:\Music\Billy Idol\Billy Idol-Mony Mony.mp3,.mp3
"H:\Music\Billy Idol\Vital Idol\Billy Idol-White Wedding, Pts. 1-2 [Shot Gun Mix].mp3",.mp3
H:\Music\Bing Crosby\Bing Crosby - White Christmas.mp3,.mp3
"H:\Music\Blind Boy Fuller\Blind Boy Fuller-Truckin' My Blues Away, # 2.mp3",.mp3
H:\Music\Blind Lemon Jefferson\Blind Lemon Jefferson-Match Box Blues.mp3,.mp3
H:\Music\Blind Willie Johnson\Blind Willie Johnson - God Moves On The Water.mp3,.mp3
"H:\Music\Blind Willie Johnson\Blind Willie Johnson-Lord, I Just Can't Keep From Cryin'.mp3",.mp3
"H:\Music\Blind Willie Johnson\Blind Willie Johnson-Lord, I Just Can't Keep From Crying.mp3",.mp3
H:\Music\Blind Willie McTell\Blind Willie McTell - Broke Down Engine.mp3,.mp3
H:\Music\Blind Willie McTell\Blind Willie McTell-Death Cell Blues.mp3,.mp3
H:\Music\Blind Willie McTell\Blind Willie McTell-My Baby's Gone.mp3,.mp3
H:\Music\Blind Willie McTell\Blind Willie McTell-Southern Can Is Mine.mp3,.mp3
H:\Music\Blue Oyster Cult\Blue Oyster Cult-(Don't Fear) The Reaper.mp3,.mp3
H:\Music\Blue Oyster Cult\Blue Oyster Cult-Burnin' for You.mp3,.mp3
H:\Music\Bo Carter\Bo Carter-Pigmeat Is What I Crave.mp3,.mp3
H:\Music\Bo Diddley\Bo Diddley - Bo Diddley.mp3,.mp3
H:\Music\Bo Diddley\Bo Diddley-Cracklin'.mp3,.mp3
H:\Music\Bo Diddley\Bo Diddley-Diddley Daddy.mp3,.mp3
H:\Music\Bo Diddley\Bo Diddley-Goin' Down Slow.mp3,.mp3
H:\Music\Bo Diddley\Bo Diddley-Long Distance Call.mp3,.mp3
"H:\Music\Bo Diddley\Bo Diddley-Ooh, Baby - Wrecking My Love Life.mp3",.mp3
H:\Music\Bo Diddley\Bo Diddley-Somebody's Cryin'.mp3,.mp3
H:\Music\Bo Diddley\Bo Diddley-Sweet Little Angel.mp3,.mp3
H:\Music\Bo Diddley\Bo Diddley-The Red Rooster.mp3,.mp3
H:\Music\Bob Seger\Bob Seger & the Silver Bullet Band-Against the Wind.mp3,.mp3
H:\Music\Bob Seger\Bob Seger & the Silver Bullet Band-Betty Lou's Gettin' Out Tonight.mp3,.mp3
H:\Music\Bob Seger\Bob Seger & the Silver Bullet Band-Feel Like a Number.mp3,.mp3
H:\Music\Bob Seger\Bob Seger & the Silver Bullet Band-Fire Lake.mp3,.mp3
H:\Music\Bob Seger\Bob Seger & the Silver Bullet Band-Hollywood Nights.mp3,.mp3
H:\Music\Bob Seger\Bob Seger & the Silver Bullet Band-Mainstreet.mp3,.mp3
H:\Music\Bob Seger\Bob Seger & the Silver Bullet Band-Night Moves.mp3,.mp3
H:\Music\Bob Seger\Bob Seger & the Silver Bullet Band-Nine Tonight.mp3,.mp3
H:\Music\Bob Seger\Bob Seger & the Silver Bullet Band-Old Time Rock & Roll.mp3,.mp3
H:\Music\Bob Seger\Bob Seger & the Silver Bullet Band-Rock & Roll Never Forgets.mp3,.mp3
H:\Music\Bob Seger\Bob Seger & the Silver Bullet Band-We've Got Tonight.mp3,.mp3
H:\Music\Bob Seger\Bob Seger & the Silver Bullet Band-You'll Accomp'ny Me.mp3,.mp3
H:\Music\Bob Seger\Face the Promise\Bob Seger-No Matter Who You Are.mp3,.mp3
H:\Music\Bob Seger\Face the Promise\Bob Seger-Real Mean Bottle.mp3,.mp3
H:\Music\Bob Seger\Face the Promise\Bob Seger-Wait for Me.mp3,.mp3
H:\Music\Bob Seger\Face the Promise\Bob Seger-Wreck This Heart.mp3,.mp3
H:\Music\Bob Seger\Ultimate Hits - Rock and Roll Never Forgets\Bob Seger & The Silver Bullet Band-Katmandu.mp3,.mp3
H:\Music\Bobby Blue Bland\Bobby 'Blue' Bland-A Touch Of The Blues.mp3,.mp3
H:\Music\Bobby Blue Bland\Bobby 'Blue' Bland-Do What You Set Out To Do.mp3,.mp3
H:\Music\Bobby Blue Bland\Bobby 'Blue' Bland-Driftin' Blues.mp3,.mp3
H:\Music\Bobby Blue Bland\Bobby 'Blue' Bland-Let The Good Times Roll.mp3,.mp3
H:\Music\Bobby Blue Bland\Bobby 'Blue' Bland-Two Steps From The Blues.mp3,.mp3
H:\Music\Bobby Darin\Bobby Darin-Talk to the Animals.mp3,.mp3
H:\Music\Bobby Helms\Bobby Helms- Jingle Bell Rock.mp3,.mp3
"H:\Music\Bobby McFerrin\Bobby McFerrin-Don't Worry, Be Happy.mp3",.mp3
H:\Music\Bobby Womack\Bobby Womack-It's All Over Now.mp3,.mp3
H:\Music\Boney M\Boney M-Rasputin.mp3,.mp3
H:\Music\Bonnie Tyler\Bonnie Tyler-It's A Heartache.mp3,.mp3
H:\Music\Bonnie Tyler\Bonnie Tyler-Total Eclipse of the Heart.mp3,.mp3
H:\Music\Bonnie Tyler\Faster Than the Speed of Night\Bonnie Tyler-Faster Than the Speed of Night.mp3,.mp3
H:\Music\Bonnie Tyler\Faster Than the Speed of Night\Bonnie Tyler-Goin' Through the Motions.mp3,.mp3
H:\Music\Bonnie Tyler\Faster Than the Speed of Night\Bonnie Tyler-Have You Ever Seen the Rain-.mp3,.mp3
H:\Music\Bonnie Tyler\Faster Than the Speed of Night\Bonnie Tyler-It's a Jungle out There.mp3,.mp3
H:\Music\Bonnie Tyler\Faster Than the Speed of Night\Bonnie Tyler-Straight from the Heart.mp3,.mp3
H:\Music\Boston\Boston-A Man I'll Never Be.mp3,.mp3
H:\Music\Boston\Boston-Don't Be Afraid.mp3,.mp3
H:\Music\Boston\Boston-Don't Look Back.mp3,.mp3
H:\Music\Boston\Boston-Feelin' Satisfied.mp3,.mp3
H:\Music\Boston\Boston-Foreplay-Long Time.mp3,.mp3
H:\Music\Boston\Boston-Hitch a Ride.mp3,.mp3
H:\Music\Boston\Boston-It's Easy.mp3,.mp3
H:\Music\Boston\Boston-Let Me Take You Home Tonight.mp3,.mp3
H:\Music\Boston\Boston-More Than a Feeling.mp3,.mp3
H:\Music\Boston\Boston-Party.mp3,.mp3
H:\Music\Boston\Boston-Peace of Mind.mp3,.mp3
H:\Music\Boston\Boston-Rock and Roll Band.mp3,.mp3
H:\Music\Boston\Boston-Smokin'.mp3,.mp3
H:\Music\Boston\Boston-Something About You.mp3,.mp3
H:\Music\Boston\Boston-The Journey.mp3,.mp3
H:\Music\Boston\Boston-Used to Bad News.mp3,.mp3
H:\Music\Boston\Third Stage\Boston-A New World.mp3,.mp3
H:\Music\Boston\Third Stage\Boston-Amanda.mp3,.mp3
H:\Music\Boston\Third Stage\Boston-Can'tcha Say (You Believe in Me)- Still in Love.mp3,.mp3
H:\Music\Boston\Third Stage\Boston-Cool the Engines.mp3,.mp3
H:\Music\Boston\Third Stage\Boston-I Think I Like It.mp3,.mp3
H:\Music\Boston\Third Stage\Boston-The Launch.mp3,.mp3
H:\Music\Boston\Third Stage\Boston-We're Ready.mp3,.mp3
H:\Music\Boz Scaggs\Boz Scaggs-Breakdown Dead Ahead.mp3,.mp3
H:\Music\Boz Scaggs\Boz Scaggs-Lido Shuffle.mp3,.mp3
H:\Music\Boz Scaggs\Boz Scaggs-Lowdown.mp3,.mp3
H:\Music\Brenda Lee\Brenda Lee - Rockin' Around The Christmas Tree.mp3,.mp3
H:\Music\Brooks & Dunn\Brand New Man\Brooks & Dunn-Boot Scootin' Boogie.mp3,.mp3
H:\Music\Brooks & Dunn\Brand New Man\Brooks & Dunn-Brand New Man.mp3,.mp3
H:\Music\Brooks & Dunn\Waitin' on Sundown\Brooks & Dunn-Little Miss Honky Tonk.mp3,.mp3
H:\Music\Brooks & Dunn\Waitin' on Sundown\Brooks & Dunn-She's Not the Cheatin' Kind.mp3,.mp3
H:\Music\Brooks & Dunn\Waitin' on Sundown\Brooks & Dunn-She's the Kind of Trouble.mp3,.mp3
H:\Music\Brooks & Dunn\Waitin' on Sundown\Brooks & Dunn-Whiskey Under the Bridge.mp3,.mp3
H:\Music\Brownie McGhee\Brownie McGhee - The Blues Had A Baby.mp3,.mp3
H:\Music\Brownie McGhee\Brownie McGhee-Key To My Door.mp3,.mp3
H:\Music\Brownie McGhee\Brownie McGhee-Money Spending Woman.mp3,.mp3
H:\Music\Bruce Springsteen\Born In the U.S.A\Bruce Springsteen - I'm On Fire.mp3,.mp3
H:\Music\Bryan Adams\Bryan Adams & Melanie C-When You're Gone.mp3,.mp3
H:\Music\BTO\Bachman-Turner Overdrive-Takin' Care Of Business.mp3,.mp3
H:\Music\BTO\Bachman-Turner Overdrive-You Ain't Seen Nothing Yet.mp3,.mp3
H:\Music\Buckingham McVie\Carnival Begin.mp3,.mp3
H:\Music\Buckingham McVie\Feel About You.mp3,.mp3
H:\Music\Buckingham McVie\Game of Pretend.mp3,.mp3
H:\Music\Buckingham McVie\In My World.mp3,.mp3
H:\Music\Buckingham McVie\Lay Down for Free.mp3,.mp3
H:\Music\Buckingham McVie\Love Is Here to Stay.mp3,.mp3
H:\Music\Buckingham McVie\On With the Show.mp3,.mp3
H:\Music\Buckingham McVie\Red Sun.mp3,.mp3
H:\Music\Buckingham McVie\Sleeping Around the Corner.mp3,.mp3
H:\Music\Buckingham McVie\Too Far Gone.mp3,.mp3
H:\Music\Buckingham Nicks\Buckingham Nicks\Buckingham Nicks-Crying in the Night.mp3,.mp3
H:\Music\Buckingham Nicks\Buckingham Nicks\Buckingham Nicks-Stephanie.mp3,.mp3
H:\Music\Buckwheat Zydeco\Buckwheat Zydeco-Think It Over One More Time.mp3,.mp3
H:\Music\Buddy Guy\Buddy Guy-Buddy's Groove.mp3,.mp3
H:\Music\Buddy Guy\Buddy Guy-In My Younger Days.mp3,.mp3
H:\Music\Buddy Guy\Buddy Guy-Sit & Cry.mp3,.mp3
H:\Music\Buddy Guy\Buddy Guy-Stone Crazy.mp3,.mp3
H:\Music\Buddy Reed\Buddy Reed-Rialto Rock.mp3,.mp3
H:\Music\Bukka White\Bukka White - Parchman Farm Blues.mp3,.mp3
H:\Music\Bukka White\Bukka White-Fixin' To Die Blues.mp3,.mp3
H:\Music\Bukka White\Bukka White-Sleepy Man Blues.mp3,.mp3
H:\Music\Burl Ives\Burl Ives - A Holly Jolly Christmas.mp3,.mp3
H:\Music\Burton Cummings\The Best of Burton Cummings Disc 1\Burton Cummings-Break It To Them Gently.mp3,.mp3
H:\Music\Burton Cummings\The Best of Burton Cummings Disc 1\Burton Cummings-Fine State Of Affairs.mp3,.mp3
H:\Music\Burton Cummings\The Best of Burton Cummings Disc 1\Burton Cummings-I Will Play A Rhapsody.mp3,.mp3
H:\Music\Burton Cummings\The Best of Burton Cummings Disc 1\Burton Cummings-My Own Way To Rock.mp3,.mp3
H:\Music\Burton Cummings\The Best of Burton Cummings Disc 1\Burton Cummings-Never Had a Lady.mp3,.mp3
H:\Music\Burton Cummings\The Best of Burton Cummings Disc 1\Burton Cummings-Stand Tall.mp3,.mp3
H:\Music\Burton Cummings\The Best of Burton Cummings Disc 1\Burton Cummings-Your Backyard.mp3,.mp3
H:\Music\Buster Brown\Buster Brown - Fanny Mae.mp3,.mp3
H:\Music\Canadian Brass\Vivaldi- The Four Seasons\Autumn Adagio molto.mp3,.mp3
H:\Music\Canadian Brass\Vivaldi- The Four Seasons\Autumn Allegro (2).mp3,.mp3
H:\Music\Canadian Brass\Vivaldi- The Four Seasons\Autumn Allegro.mp3,.mp3
H:\Music\Canadian Brass\Vivaldi- The Four Seasons\Spring Allegro (2).mp3,.mp3
H:\Music\Canadian Brass\Vivaldi- The Four Seasons\Spring Allegro.mp3,.mp3
H:\Music\Canadian Brass\Vivaldi- The Four Seasons\Spring Largo.mp3,.mp3
H:\Music\Canadian Brass\Vivaldi- The Four Seasons\Summer Adagio Presto.mp3,.mp3
H:\Music\Canadian Brass\Vivaldi- The Four Seasons\Summer Allegro non molto.mp3,.mp3
H:\Music\Canadian Brass\Vivaldi- The Four Seasons\Summer Presto.mp3,.mp3
H:\Music\Canadian Brass\Vivaldi- The Four Seasons\Winter Allegro non molto.mp3,.mp3
H:\Music\Canadian Brass\Vivaldi- The Four Seasons\Winter Allegro.mp3,.mp3
H:\Music\Canadian Brass\Vivaldi- The Four Seasons\Winter Largo.mp3,.mp3
H:\Music\Cara Dillon\Cara Dillon-Black is the colour.mp3,.mp3
H:\Music\Cara Dillon\Cara Dillon-Blue Mountain River.mp3,.mp3
H:\Music\Cara Dillon\Cara Dillon-Lark In The Clear Air.mp3,.mp3
H:\Music\Cara Dillon\Cara Dillon-Where Are You.mp3,.mp3
H:\Music\Carl Perkins\Carl Perkins - Honey Don't.mp3,.mp3
H:\Music\Carlos Santana\Carlos Santana-Dou You Like The Way.mp3,.mp3
H:\Music\Carlos Santana\Carlos Santana-Why Don't You And I.mp3,.mp3
H:\Music\Carly Simon\Carly Simon-You're So Vain.mp3,.mp3
H:\Music\Carmen McRae\Carmen McRae-New York State Of Mind.mp3,.mp3
H:\Music\Cat Stevens\Cat Stevens - Oh Very Young.mp3,.mp3
H:\Music\Cat Stevens\Cat Stevens-Father And Son.mp3,.mp3
H:\Music\Cat Stevens\Cat Stevens-Hard Headed Woman.mp3,.mp3
H:\Music\Cat Stevens\Cat Stevens-Moonshadow.mp3,.mp3
H:\Music\Cat Stevens\Cat Stevens-Morning Has Broken.mp3,.mp3
H:\Music\Cat Stevens\Cat Stevens-Sad Lisa.mp3,.mp3
H:\Music\Cat Stevens\Cat Stevens-The First Cut Is The Deepest.mp3,.mp3
H:\Music\Cat Stevens\Cat Stevens-Where Do The Children Play.mp3,.mp3
H:\Music\Cat Stevens\Cat Stevens-Wild World.mp3,.mp3
H:\Music\Celine Dion\Celine Dion-I Drove All Night.mp3,.mp3
H:\Music\Celine Dion\Celine Dion-I'm Alive.mp3,.mp3
H:\Music\Celine Dion\Celine Dion-Its All Coming Back To Me Now.mp3,.mp3
H:\Music\Celine Dion\Celine Dion-My Heart Will Go On.mp3,.mp3
H:\Music\Celine Dion\Celine Dion-The Power of Love.mp3,.mp3
H:\Music\Champion Jack Dupree\Champion Jack Dupree - Chain Gang Blues.mp3,.mp3
H:\Music\Champion Jack Dupree\Champion Jack Dupree - Overhead Blues.mp3,.mp3
H:\Music\Champion Jack Dupree\Champion Jack Dupree - Shake Baby Shake.mp3,.mp3
H:\Music\Champion Jack Dupree\Champion Jack Dupree-Heavy Heart Blues.mp3,.mp3
H:\Music\Charles Brown\Charles Brown - Driftin' Blues.mp3,.mp3
H:\Music\Charles Brown\Charles Brown-It's Gettin' To Be Evening.mp3,.mp3
H:\Music\Charles Brown\Charles Brown-Livin' In Misery.mp3,.mp3
H:\Music\Charley Patton\Charley Patton-Revenue Man Blues.mp3,.mp3
H:\Music\Charlie Musselwhite\Charlie Musselwhite-Christo Redemptor.mp3,.mp3
H:\Music\Charlie Parker\Charlie Parker - Parker's Mood.mp3,.mp3
H:\Music\Cheap Trick\Cheap Trick-I Want You to Want Me [Live].mp3,.mp3
"H:\Music\Cher\Cher-Gypsies, Tramps and Thieves.mp3",.mp3
H:\Music\Cher\Cher-Half-Breed.mp3,.mp3
H:\Music\Cher\Cher-This Is A Song For The Lonely.mp3,.mp3
"H:\Music\Chilliwack\Chilliwack-My Girl (Gone, Gone, Gone).mp3",.mp3
H:\Music\Chilliwack\Chilliwack-Watcha Gonna Do.mp3,.mp3
H:\Music\Chilliwack\Greatest Hits\Chilliwack -  Baby Blue.mp3,.mp3
H:\Music\Chilliwack\Greatest Hits\chilliwack - California Girl.mp3,.mp3
H:\Music\Chilliwack\Greatest Hits\Chilliwack -Arms of Mary.mp3,.mp3
H:\Music\Chris de Burgh\Chris de Burgh-Don't Pay The Ferryman.mp3,.mp3
H:\Music\Chris de Burgh\Chris de Burgh-Ship To Shore.mp3,.mp3
H:\Music\Christina Aguilera\Christina Aguilera-Beautiful.mp3,.mp3
H:\Music\Chuck Berry\Chuck Berry - In The Wee Wee Hours.mp3,.mp3
H:\Music\Chuck Norris\Chuck Norris - Let Me Know.mp3,.mp3
H:\Music\Clarence Edwards\Clarence Edwards-Rocky Mountains.mp3,.mp3
H:\Music\Clarence Gatemouth Brown\Clarence Gatemouth Brown - Funky Mama.mp3,.mp3
"H:\Music\Clarence Gatemouth Brown\Clarence Gatemouth Brown - Jelly, Jelly.mp3",.mp3
H:\Music\Clarence Gatemouth Brown\Clarence Gatemouth Brown -Depression Blues.mp3,.mp3
H:\Music\Clarence Gatemouth Brown\Clarence Gatemouth Brown -Got My Mojo Working.mp3,.mp3
H:\Music\Clarence Gatemouth Brown\Clarence Gatemouth Brown -Ventilator Blues.mp3,.mp3
H:\Music\Clay Walker\Clay Walker-Then What.mp3,.mp3
H:\Music\Clifton Chenier\Clifton Chenier - Caledonia.mp3,.mp3
H:\Music\Clifton Chenier\Clifton Chenier - Le Blues De La Vache A Lait.mp3,.mp3
H:\Music\Clint Black\Clint Black-A Good Run of Bad Luck.mp3,.mp3
H:\Music\Clint Black\Clint Black-Cadillac Jack Favor.mp3,.mp3
H:\Music\Clint Black\Clint Black-Killin' Time.mp3,.mp3
H:\Music\Clint Black\Clint Black-No Time To Kill.mp3,.mp3
H:\Music\Clint Black\Clint Black-Nothin' But The Taillights.mp3,.mp3
H:\Music\Clint Black\Clint Black-Summer's Comin'.mp3,.mp3
H:\Music\Clint Black\Clint Black-When My Ship Comes In.mp3,.mp3
H:\Music\Colin James\Colin James\Colin James - Five Long Years.mp3,.mp3
H:\Music\Colin James\Colin James\Colin James - Voodoo Thing.mp3,.mp3
H:\Music\Colin James\Fifteen\Colin James-Stone Faith.mp3,.mp3
H:\Music\Collective Soul\Collective Soul-Welcome All Again.mp3,.mp3
H:\Music\Cornell Dupree\Cornell Dupree - Okie Dokie Stomp.mp3,.mp3
H:\Music\Coven\Coven - One Tin Soldier.mp3,.mp3
H:\Music\Cowboy Junkies\Cowboy Junkies-Anniversary Song.mp3,.mp3
H:\Music\Craig Wayne Boyd\Can't You See\Craig Wayne Boyd-Can't You See.mp3,.mp3
H:\Music\Craig Wayne Boyd\Craig Boyd\Craig Wayne Boyd-Half A Halo Angel.mp3,.mp3
H:\Music\Craig Wayne Boyd\I Ain't No Quitter\Craig Wayne Boyd-Learning to Dance.mp3,.mp3
H:\Music\Craig Wayne Boyd\I Walk the Line\Craig Wayne Boyd-I Walk the Line.mp3,.mp3
H:\Music\Craig Wayne Boyd\Take It Easy\Craig Wayne Boyd-Take It Easy.mp3,.mp3
H:\Music\Crash Test Dummies\Crash Test Dummies-Superman's Song.mp3,.mp3
H:\Music\Creed\Creed-One.mp3,.mp3
H:\Music\Crowded House\Crowded House-Better Be Home Soon.mp3,.mp3
H:\Music\Crowded House\Crowded House-Don't Dream It's Over.mp3,.mp3
H:\Music\Crowded House\Crowded House-Fall At Your Feet.mp3,.mp3
H:\Music\Crowded House\Crowded House-Something So Strong.mp3,.mp3
H:\Music\Crowded House\Crowded House-World Where You Live.mp3,.mp3
H:\Music\Crush\Crush-Live.mp3,.mp3
H:\Music\Curtis Salgado\Curtis Salgado-Cookie Dough.mp3,.mp3
H:\Music\Cutting Crew\Cutting Crew - I Just Died in Your Arms Tonight.mp3,.mp3
H:\Music\D.L. Menard\D.L. Menard-The Bachelor's Life.mp3,.mp3
H:\Music\Dakota Station\Dakota Station - Cry Me A River.mp3,.mp3
H:\Music\Dakota Station\Dakota Station - It's The Talk Of The Town.mp3,.mp3
H:\Music\Dan Seals\Dan Seals & Marie Osmond-Meet Me In Montana.mp3,.mp3
H:\Music\Dan Seals\Dan Seals-Big Wheels In The Moonlight.mp3,.mp3
H:\Music\Dan Seals\Dan Seals-I'd Really Love to See You Tonight.mp3,.mp3
H:\Music\Dan Seals\Dan Seals-My Old Yellow Car.mp3,.mp3
H:\Music\Daughtry\Daughtry-Home.mp3,.mp3
H:\Music\Daughtry\Daughtry-No Surprise.mp3,.mp3
H:\Music\Daughtry\Daughtry-What About Now.mp3,.mp3
H:\Music\Dave Matthews\Dave Mathews-Empty Bed Blues.mp3,.mp3
H:\Music\Dean Martin\Dean Martin - Let It Snow! Let It Snow! Let It Snow!.mp3,.mp3
H:\Music\Debbie Davies\Debbie Davies-I Just Want To Make Love To You.mp3,.mp3
H:\Music\Deep Purple\Deep Purple-Smoke On The Water (Album Version).mp3,.mp3
H:\Music\Def Leppard\Def Leppard-Animal.mp3,.mp3
H:\Music\Def Leppard\Def Leppard-Hysteria.mp3,.mp3
H:\Music\Def Leppard\Def Leppard-I Wanna Touch You.mp3,.mp3
H:\Music\Def Leppard\Def Leppard-Photograph.mp3,.mp3
H:\Music\Def Leppard\Def Leppard-Pour Some Sugar on Me.mp3,.mp3
H:\Music\Default\Default-Count on Me.mp3,.mp3
H:\Music\Default\Elocation\Default - Taking My Life Away.mp3,.mp3
H:\Music\Default\The Fallout\Default - Wasting My Time.mp3,.mp3
H:\Music\Del Rey\Del Rey-Crazy Cryin' Blues.mp3,.mp3
H:\Music\Del Rey\Del Rey-I Am Sailin'.mp3,.mp3
H:\Music\Del Rey\Del Rey-Long As I Can See You Smile.mp3,.mp3
H:\Music\Del Rey\Del Rey-Lookin' The World Over.mp3,.mp3
H:\Music\Del Rey\Del Rey-Tricks Ain't Walkin'.mp3,.mp3
H:\Music\Della Reese\Della Reese-Stormy Weather - Della Reese.mp3,.mp3
H:\Music\DeltaCappella\Ain't No Doubt\DeltaCappella-Boogie Nights.mp3,.mp3
H:\Music\DeltaCappella\Ain't No Doubt\DeltaCappella-Change the World.mp3,.mp3
H:\Music\DeltaCappella\Ain't No Doubt\DeltaCappella-Ghost Riders In the Sky.mp3,.mp3
H:\Music\DeltaCappella\Ain't No Doubt\DeltaCappella-Hallelujah.mp3,.mp3
H:\Music\DeltaCappella\Ain't No Doubt\DeltaCappella-I Only Have Eyes For You.mp3,.mp3
H:\Music\DeltaCappella\Ain't No Doubt\DeltaCappella-I Won't Give Up.mp3,.mp3
H:\Music\DeltaCappella\Ain't No Doubt\DeltaCappella-Not Over You.mp3,.mp3
H:\Music\DeltaCappella\Ain't No Doubt\DeltaCappella-Paperback Writer.mp3,.mp3
H:\Music\DeltaCappella\Ain't No Doubt\DeltaCappella-Spinning Wheel.mp3,.mp3
H:\Music\DeltaCappella\Ain't No Doubt\DeltaCappella-Suspicious Minds.mp3,.mp3
H:\Music\DeltaCappella\Ain't No Doubt\DeltaCappella-Without You.mp3,.mp3
H:\Music\Diamond Rio\Diamond Rio-Lyin' Eyes.mp3,.mp3
H:\Music\Diana Krall\Diana Krall - Jingle Bells.mp3,.mp3
H:\Music\Diesel\Diesel-Sausalito Summernight.mp3,.mp3
H:\Music\Dinah Washington\Dinah Washington - Baby Get Lost.mp3,.mp3
H:\Music\Dinah Washington\Dinah Washington-Begging Mama Blues.mp3,.mp3
H:\Music\Dinah Washington\Dinah Washington-Rich Man's Blues.mp3,.mp3
H:\Music\Dinah Washington\Dinah Washington-Trouble Trouble.mp3,.mp3
H:\Music\Dire Straits\Dire Straits-Skateaway.mp3,.mp3
H:\Music\Dire Straits\Dire Straits-Sultans Of Swing.mp3,.mp3
H:\Music\Disturbed\Immortalized\Disturbed  - The Sound Of Silence.mp3,.mp3
H:\Music\Dixie Chicks\Dixie Chicks-Cowboy Take Me Away.mp3,.mp3
H:\Music\Dixie Chicks\Dixie Chicks-Everybody Knows.mp3,.mp3
H:\Music\Dixie Chicks\Dixie Chicks-I Can Love You Better.mp3,.mp3
H:\Music\Dixie Chicks\Dixie Chicks-Landslide.mp3,.mp3
H:\Music\Dixie Chicks\Dixie Chicks-Long Time Gone.mp3,.mp3
H:\Music\Dixie Chicks\Dixie Chicks-Not Ready To Make Nice.mp3,.mp3
H:\Music\Dixie Chicks\Dixie Chicks-The Long Way Around.mp3,.mp3
H:\Music\Dixie Chicks\Dixie Chicks-There's Your Trouble.mp3,.mp3
H:\Music\Dixie Chicks\Dixie Chicks-Travelin' Soldier.mp3,.mp3
H:\Music\Dixie Chicks\Dixie Chicks-Wide Open Spaces.mp3,.mp3
H:\Music\Dolly Parton\Blue Smoke\Dolly Parton-Unlikely Angel.mp3,.mp3
H:\Music\Dolly Parton\The Very Best of Dolly Parton\Dolly Parton-Love Is Like a Butterfly.mp3,.mp3
H:\Music\Don Garner\Don Garner & Dee Dee Ford - I Need Your Lovin'.mp3,.mp3
H:\Music\Don McLean\Don McLean-American Pie.mp3,.mp3
H:\Music\Don Williams\Don Williams-Good Ole Boys Like Me.mp3,.mp3
H:\Music\Doobie Brothers\Doobie Brothers-China Grove.mp3,.mp3
H:\Music\Doobie Brothers\Doobie Brothers-The Doctor.mp3,.mp3
H:\Music\Duke Robillard\Duke Robillard-Sayin' Don't Make It So.mp3,.mp3
H:\Music\Dusty Springfield\Dusty Springfield-Son Of A Preacher Man.mp3,.mp3
H:\Music\Dwight Yoakam\Buenas Noches from a Lonely Room\Dwight Yoakam-I Got You.mp3,.mp3
H:\Music\Dwight Yoakam\Buenas Noches from a Lonely Room\Dwight Yoakam-I Hear You Knockin'.mp3,.mp3
H:\Music\Dwight Yoakam\Buenas Noches from a Lonely Room\Dwight Yoakam-Streets of Bakersfield.mp3,.mp3
H:\Music\Dwight Yoakam\Buenas Noches from a Lonely Room\Dwight Yoakam-What I Don't Know.mp3,.mp3
"H:\Music\Dwight Yoakam\Guitars, Cadillacs, Etc., Etc\Dwight Yoakam-Guitars, Cadillacs.mp3",.mp3
"H:\Music\Dwight Yoakam\Guitars, Cadillacs, Etc., Etc\Dwight Yoakam-Honky Tonk Man.mp3",.mp3
"H:\Music\Dwight Yoakam\Guitars, Cadillacs, Etc., Etc\Dwight Yoakam-I'll Be Gone.mp3",.mp3
H:\Music\Eagle Eye Cherry\Eagle Eye Cherry-Save Tonight.mp3,.mp3
H:\Music\Earl Hooker\Earl Hooker-End Of The Blues.mp3,.mp3
H:\Music\Eartha Kitt\Eartha Kitt - Santa Baby.mp3,.mp3
H:\Music\Econoline Crush\The Devil You Know\Econoline Crush-Haven't Gone Away.mp3,.mp3
H:\Music\Eddie Clearwater\Eddy 'The Chief' Clearwater-Eddie Clearwater - I Don't Know Why.mp3,.mp3
H:\Music\Eddie Money\Greatest Hits- The Sound of Money\Eddie Money-Baby Hold On.mp3,.mp3
H:\Music\Eddie Money\Greatest Hits- The Sound of Money\Eddie Money-I Wanna Go Back.mp3,.mp3
H:\Music\Eddie Money\Greatest Hits- The Sound of Money\Eddie Money-Looking Through the Eyes of a Child.mp3,.mp3
H:\Music\Eddie Money\Greatest Hits- The Sound of Money\Eddie Money-No Control.mp3,.mp3
H:\Music\Eddie Money\Greatest Hits- The Sound of Money\Eddie Money-Stop Steppin' on My Heart.mp3,.mp3
H:\Music\Eddie Money\Greatest Hits- The Sound of Money\Eddie Money-Take Me Home Tonight-Be My Baby.mp3,.mp3
H:\Music\Eddie Money\Greatest Hits- The Sound of Money\Eddie Money-Think I'm in Love.mp3,.mp3
H:\Music\Eddie Money\Greatest Hits- The Sound of Money\Eddie Money-Two Tickets to Paradise.mp3,.mp3
H:\Music\Eddie Money\Greatest Hits- The Sound of Money\Eddie Money-Walk on Water.mp3,.mp3
H:\Music\Eddie Money\Greatest Hits- The Sound of Money\Eddie Money-Where's the Party- [Live].mp3,.mp3
H:\Music\Eddie Vinson\Eddie 'Cleanhead' Vinson-Alimony Blues.mp3,.mp3
H:\Music\Eddie Vinson\Eddie 'Cleanhead' Vinson-Cherry Red-Eddie 'Clean Head' Vinson.mp3,.mp3
H:\Music\Eddie Vinson\Eddie 'Cleanhead' Vinson-Cleanhead Blues.mp3,.mp3
H:\Music\Eddie Vinson\Eddie 'Cleanhead' Vinson-Sugar.mp3,.mp3
"H:\Music\Edward Bear\Edward Bear-You, Me and Mexico.mp3",.mp3
H:\Music\Ella Fitzgerald\Ella Fitzgerald- Sleigh Ride.mp3,.mp3
H:\Music\Ella Fitzgerald\Ella Fitzgerald-A Little Bit Later On.mp3,.mp3
H:\Music\Ella Fitzgerald\Ella Fitzgerald-Basin Street Blues.mp3,.mp3
H:\Music\Ella Fitzgerald\Ella Fitzgerald-Drowning In My Own Tears.mp3,.mp3
H:\Music\Ella Fitzgerald\Ella Fitzgerald-Starlit Hour.mp3,.mp3
H:\Music\Elle King\Elle King - Good Girls.mp3,.mp3
H:\Music\Elle King\Love Stuff\Elle King - Where the Devil Don't Go.mp3,.mp3
H:\Music\Ellie Lawrence\The Voice Performance\Ellie Lawrence - Exs and Ohs.mp3,.mp3
H:\Music\Elmore James\Elmore James - Dust My Broom.mp3,.mp3
H:\Music\Elmore James\Elmore James - Look On Yonder Wall.mp3,.mp3
H:\Music\Elmore James\Elmore James - The Sky Is Crying.mp3,.mp3
H:\Music\Elmore James\Elmore James-Madison Blues.mp3,.mp3
H:\Music\Elmore James\Elmore James-Mean Mistreatin' Mama.mp3,.mp3
H:\Music\Elmore James\Elmore James-Whose Muddy Shoes.mp3,.mp3
H:\Music\ELO\ELO - Don't Bring Me Down.mp3,.mp3
H:\Music\ELO\ELO-Turn To Stone.mp3,.mp3
H:\Music\Elton John\Elton John - Rocket Man.mp3,.mp3
H:\Music\Elton John\Elton John-I Want Love.mp3,.mp3
H:\Music\Elton John & Billy Joel\Elton John & Billy Joel - Piano Man.mp3,.mp3
H:\Music\Elton John & George Michael\Elton John & George Michael-Don't Let The Sun Go Down On Me.mp3,.mp3
H:\Music\Elton John & Kiki Dee\Elton John & Kiki Dee-Don't Go Breaking My Heart.mp3,.mp3
H:\Music\Emerson Drive\Emerson Drive-Fall Into Me.mp3,.mp3
H:\Music\Enya\Enya - Carribean Blue.mp3,.mp3
H:\Music\Enya\Enya - China Roses.mp3,.mp3
H:\Music\Enya\Enya - Last Of The Mohicans.mp3,.mp3
H:\Music\Enya\Enya - Lazy Days.mp3,.mp3
H:\Music\Enya\Enya - Lothlorien.mp3,.mp3
H:\Music\Enya\Enya - Only Time.mp3,.mp3
H:\Music\Enya\Enya - Pilgrim.mp3,.mp3
H:\Music\Enya\Enya - The Council of Elrond.mp3,.mp3
H:\Music\Enya\Enya - Waterfall.mp3,.mp3
H:\Music\Enya\Enya - Willows On The Water.mp3,.mp3
H:\Music\Enya\Enya-Adiemus.mp3,.mp3
H:\Music\Enya\Enya-Angeles.mp3,.mp3
H:\Music\Enya\Enya-Boadicea.mp3,.mp3
H:\Music\Enya\Enya-Brave Heart.mp3,.mp3
H:\Music\Enya\Enya-Exile.mp3,.mp3
H:\Music\Enya\Enya-Far And Away.mp3,.mp3
H:\Music\Enya\Enya-March Of the Celts.mp3,.mp3
H:\Music\Enya\Enya-May It Be.mp3,.mp3
H:\Music\Enya\Enya-Orinoco Flow (Sail Away).mp3,.mp3
H:\Music\Enya\Enya-Storms In Africa.mp3,.mp3
H:\Music\Enya\Enya-Triad.mp3,.mp3
H:\Music\Eria Fachin\Eria Fachin-Savin' Myself.mp3,.mp3
H:\Music\Eric Clapton\Eric Clapton - My Fathers Eyes.mp3,.mp3
H:\Music\Eric Clapton\Eric Clapton - Wonderful Tonight.mp3,.mp3
H:\Music\Eric Clapton\Eric Clapton-Lay Down Sally.mp3,.mp3
H:\Music\Etta James\Etta James - Drowning In My Own Tears.mp3,.mp3
H:\Music\Etta James\Etta James - I'd Rather Go Blind.mp3,.mp3
H:\Music\Etta James\Etta James - Respect Yourself.mp3,.mp3
H:\Music\Etta James\Etta James-At Last.mp3,.mp3
H:\Music\Etta James\Etta James-Born Under A Bad Sign.mp3,.mp3
H:\Music\Etta James\Etta James-Cheatin' in the Next Room.mp3,.mp3
H:\Music\Etta James\Etta James-Crawlin' King Snake.mp3,.mp3
H:\Music\Etta James\Etta James-Don't Start Me To Talking.mp3,.mp3
H:\Music\Etta James\Etta James-Driving Wheel.mp3,.mp3
H:\Music\Etta James\Etta James-Dust My Broom.mp3,.mp3
H:\Music\Etta James\Etta James-Here I Am (Come And Take Me).mp3,.mp3
"H:\Music\Etta James\Etta James-Honey, Don't Tear My Clothes.mp3",.mp3
H:\Music\Etta James\Etta James-Hoochie Coochie Gal.mp3,.mp3
H:\Music\Etta James\Etta James-Hush Hush.mp3,.mp3
H:\Music\Etta James\Etta James-I Got My Mojo Working.mp3,.mp3
H:\Music\Etta James\Etta James-I Want to Ta-Ta You Baby.mp3,.mp3
H:\Music\Etta James\Etta James-I'll Take Care Of You.mp3,.mp3
H:\Music\Etta James\Etta James-If You Want Me To Stay.mp3,.mp3
H:\Music\Etta James\Etta James-Inner City Blues (Make Me Wanna Holler).mp3,.mp3
"H:\Music\Etta James\Etta James-Life, Love & The Blues.mp3",.mp3
H:\Music\Etta James\Etta James-Lil' Red Rooster.mp3,.mp3
H:\Music\Etta James\Etta James-Running Out Of Lies.mp3,.mp3
H:\Music\Etta James\Etta James-Smokestack Lightnin'.mp3,.mp3
H:\Music\Etta James\Etta James-Spoonful.mp3,.mp3
H:\Music\Etta James\Etta James-That's Alright.mp3,.mp3
H:\Music\Etta James\Etta James-The Love You Save (May Be Your Own).mp3,.mp3
H:\Music\Etta James\Etta James-The Sky Is Crying.mp3,.mp3
H:\Music\Etta James\Etta James-You Shook Me.mp3,.mp3
H:\Music\Europe\The Final Countdown\Europe-The Final Countdown.mp3,.mp3
H:\Music\Faith Hill\Faith Hill-Breathe.mp3,.mp3
H:\Music\Faith Hill\Faith Hill-Take Me As I Am.mp3,.mp3
H:\Music\Faith Hill\Faith Hill-The Way You Love Me.mp3,.mp3
H:\Music\Faith Hill\Faith Hill-This Kiss.mp3,.mp3
H:\Music\Farmer's Daughter\Makin' Hay\FARMER'S DAUGHTER-Cornfields or Cadillacs.mp3,.mp3
H:\Music\Fathead\Fathead-Cockle Doodle Do.mp3,.mp3
H:\Music\Fathead\Fathead-First Class Riff-Raff.mp3,.mp3
H:\Music\Fathead\Fathead-Greed (Share The Wealth).mp3,.mp3
H:\Music\Fathead\Fathead-Hard Times.mp3,.mp3
H:\Music\Fathead\Fathead-I Want You.mp3,.mp3
H:\Music\Fathead\Fathead-I've Been Bluesified.mp3,.mp3
H:\Music\Fathead\Fathead-Just Another Day.mp3,.mp3
H:\Music\Fathead\Fathead-Living Like A King.mp3,.mp3
H:\Music\Fathead\Fathead-Same Old Thing.mp3,.mp3
H:\Music\Fathead\Fathead-Shake This Feeling.mp3,.mp3
H:\Music\Fathead\Fathead-She's Got The Look (She's Got The Touch).mp3,.mp3
H:\Music\Fathead\Fathead-The Low Life.mp3,.mp3
H:\Music\Fats Domino\Fats Domino - Blue Monday.mp3,.mp3
H:\Music\Fenton Robinson\Fenton Robinson-You Don't Know What Love Is.mp3,.mp3
H:\Music\Fleetwood Mac\Fleetwood Mac\Fleetwood Mac-Monday Morning.mp3,.mp3
H:\Music\Fleetwood Mac\Fleetwood Mac\Fleetwood Mac-Over My Head.mp3,.mp3
H:\Music\Fleetwood Mac\Fleetwood Mac\Fleetwood Mac-Rhiannon.mp3,.mp3
H:\Music\Fleetwood Mac\Fleetwood Mac\Fleetwood Mac-Say You Love Me.mp3,.mp3
H:\Music\Fleetwood Mac\Live\Fleetwood Mac-Don't Let Me Down Again.mp3,.mp3
H:\Music\Fleetwood Mac\Live\Fleetwood Mac-Fireflies.mp3,.mp3
H:\Music\Fleetwood Mac\Mirage\Fleetwood Mac-Gypsy.mp3,.mp3
H:\Music\Fleetwood Mac\Rumours\Fleetwood Mac-Don't Stop.mp3,.mp3
H:\Music\Fleetwood Mac\Rumours\Fleetwood Mac-Dreams.mp3,.mp3
H:\Music\Fleetwood Mac\Rumours\Fleetwood Mac-Go Your Own Way.mp3,.mp3
H:\Music\Fleetwood Mac\Rumours\Fleetwood Mac-Gold Dust Woman.mp3,.mp3
H:\Music\Fleetwood Mac\Rumours\Fleetwood Mac-I Don't Want to Know.mp3,.mp3
H:\Music\Fleetwood Mac\Rumours\Fleetwood Mac-Never Going Back Again.mp3,.mp3
H:\Music\Fleetwood Mac\Rumours\Fleetwood Mac-Oh Daddy.mp3,.mp3
H:\Music\Fleetwood Mac\Rumours\Fleetwood Mac-Second Hand News.mp3,.mp3
H:\Music\Fleetwood Mac\Rumours\Fleetwood Mac-Songbird.mp3,.mp3
H:\Music\Fleetwood Mac\Rumours\Fleetwood Mac-The Chain.mp3,.mp3
H:\Music\Fleetwood Mac\Rumours\Fleetwood Mac-You Make Loving Fun.mp3,.mp3
H:\Music\Fleetwood Mac\Say You Will\Fleetwood Mac-Bleed to Love Her.mp3,.mp3
H:\Music\Fleetwood Mac\Say You Will\Fleetwood Mac-Peacekeeper.mp3,.mp3
H:\Music\Fleetwood Mac\Say You Will\Fleetwood Mac-Say You Will.mp3,.mp3
H:\Music\Fleetwood Mac\Say You Will\Fleetwood Mac-Thrown Down.mp3,.mp3
H:\Music\Fleetwood Mac\Tango In The Night\Fleetwood Mac-Big Love.mp3,.mp3
H:\Music\Fleetwood Mac\Tango In The Night\Fleetwood Mac-Little Lies.mp3,.mp3
H:\Music\Fleetwood Mac\The Dance\Fleetwood Mac-Everywhere.mp3,.mp3
H:\Music\Fleetwood Mac\The Dance\Fleetwood Mac-Landslide.mp3,.mp3
H:\Music\Fleetwood Mac\The Dance\Fleetwood Mac-Silver Springs.mp3,.mp3
H:\Music\Fleetwood Mac\The Dance\Fleetwood Mac-Sweet Girl.mp3,.mp3
H:\Music\Fleetwood Mac\The Dance\Fleetwood Mac-Temporary One.mp3,.mp3
H:\Music\Fleetwood Mac\Tusk\Fleetwood Mac - Sara.mp3,.mp3
H:\Music\Fleetwood Mac\Tusk\Fleetwood Mac-Tusk.mp3,.mp3
H:\Music\Floyd Dixon\Floyd Dixon-Dallas Blues.mp3,.mp3
H:\Music\FM\Tonight\FM-Dream Girl.mp3,.mp3
H:\Music\Foo Fighters\Foo Fighters-Big Me.mp3,.mp3
H:\Music\Foo Fighters\Foo Fighters-Learn to Fly.mp3,.mp3
H:\Music\Foo Fighters\Foo Fighters-Long Road to Ruin.mp3,.mp3
H:\Music\Freddie King\Freddie King-Woman Across The River.mp3,.mp3
H:\Music\Fritz Richmond\Fritz Richmond-Sweet Lovin' Ol' Soul.mp3,.mp3
H:\Music\Furry Lewis\Furry Lewis - John Henry.mp3,.mp3
H:\Music\Furry Lewis\Furry Lewis - Saint Louis Blues.mp3,.mp3
H:\Music\Garth Brooks\The Hits\Garth Brooks-Ain't Goin' Down (Til the Sun Comes Up).mp3,.mp3
H:\Music\Garth Brooks\The Hits\Garth Brooks-American Honky-Tonk Bar Association.mp3,.mp3
H:\Music\Garth Brooks\The Hits\Garth Brooks-Callin' Baton Rouge.mp3,.mp3
H:\Music\Garth Brooks\The Hits\Garth Brooks-Friends in Low Places.mp3,.mp3
H:\Music\Garth Brooks\The Hits\Garth Brooks-Much Too Young (To Feel This Damn Old).mp3,.mp3
H:\Music\Garth Brooks\The Hits\Garth Brooks-Papa Loved Mama.mp3,.mp3
H:\Music\Garth Brooks\The Hits\Garth Brooks-Standing Outside the Fire.mp3,.mp3
H:\Music\Garth Brooks\The Hits\Garth Brooks-That Summer.mp3,.mp3
H:\Music\Garth Brooks\The Hits\Garth Brooks-The Thunder Rolls.mp3,.mp3
"H:\Music\Garth Brooks\The Hits\Garth Brooks-Two of a Kind, Workin' on a Full House.mp3",.mp3
H:\Music\Garth Brooks\The Hits\Garth Brooks-Unanswered Prayers.mp3,.mp3
H:\Music\Gary Wright\Gary Wright-Dream Weaver.mp3,.mp3
H:\Music\Gatemouth Moore\Gatemouth Moore - Did You Ever Love A Woman.mp3,.mp3
H:\Music\Gatemouth Moore\Gatemouth Moore - Goin' Down Slow.mp3,.mp3
H:\Music\Gatemouth Moore\Gatemouth Moore-Boogie Woogie Papa.mp3,.mp3
H:\Music\Gayle Peevey\Gayle Peevey-I Want a Hippopotamus for Christmas.mp3,.mp3
H:\Music\Genesis\Genesis-I Can't Dance.mp3,.mp3
H:\Music\Genesis\Genesis-I'd Rather Be You.mp3,.mp3
H:\Music\Genesis\Genesis-In Too Deep.mp3,.mp3
H:\Music\George Harrison\George Harrison-My Sweet Lord.mp3,.mp3
H:\Music\George Harrison\Cloud Nine\George Harrison-Got My Mind Set on You.mp3,.mp3
H:\Music\George Harrison & Eric Clapton\George Harrison & Eric Clapton-While My Guitar Gently Weeps.mp3,.mp3
H:\Music\George Thorogood\George Thorogood-Bad To The Bone.mp3,.mp3
H:\Music\George Thorogood\George Thorogood-Hot Rod Lincoln.mp3,.mp3
H:\Music\George Thorogood\George Thorogood-Move It On Over.mp3,.mp3
"H:\Music\George Thorogood\George Thorogood-One Bourbon, Scotch, and Beer.mp3",.mp3
H:\Music\George Thorogood\George Thorogood-Six Days On The Road.mp3,.mp3
H:\Music\George Thorogood\George Thorogood-Willie And The Hand Jive.mp3,.mp3
H:\Music\Geri Haliwell\Geri Halliwell-Don't Call Me Baby.mp3,.mp3
H:\Music\Gino Vanelli\Gino Vannelli-Black Cars.mp3,.mp3
H:\Music\Gino Vanelli\Gino Vannelli-Wild horses.mp3,.mp3
H:\Music\Glass Tiger\Glass Tiger - Don't Forget Me When I'm Gone.mp3,.mp3
H:\Music\Glass Tiger\Glass Tiger-Diamond Sun.mp3,.mp3
H:\Music\Glenn Frey\Glenn Frey-Smuggler's Blues.mp3,.mp3
H:\Music\Go Go's\The Go-Go's-Our Lips Are Sealed.mp3,.mp3
H:\Music\Go Go's\The Go-Go's-Vacation.mp3,.mp3
H:\Music\Go Go's\The Go-Go's-We Got the Beat [Single Mix].mp3,.mp3
H:\Music\Golden Earring\Golden Earring-Radar Love.mp3,.mp3
H:\Music\Good Brothers\The Good Brothers-Fox On the Run.mp3,.mp3
H:\Music\Gordon Lightfoot\Gordon Lighfoot- If You Need Me.mp3,.mp3
H:\Music\Gordon Lightfoot\Gordon Lightfoot - Biscuit City.mp3,.mp3
H:\Music\Gordon Lightfoot\Gordon Lightfoot - Broken Dreams.mp3,.mp3
H:\Music\Gordon Lightfoot\Gordon Lightfoot - Gotta Get Away.mp3,.mp3
H:\Music\Gordon Lightfoot\Gordon Lightfoot - Hey You.mp3,.mp3
H:\Music\Gordon Lightfoot\Gordon Lightfoot - Knotty Pine.mp3,.mp3
H:\Music\Gordon Lightfoot\Gordon Lightfoot - Romance.mp3,.mp3
H:\Music\Gordon Lightfoot\Gordon Lightfoot - Salute.mp3,.mp3
H:\Music\Gordon Lightfoot\Gordon Lightfoot - Someone To Believe In.mp3,.mp3
H:\Music\Gordon Lightfoot\Gordon Lightfoot - Tattoo.mp3,.mp3
H:\Music\Gordon Lightfoot\Gordon Lightfoot - Whisper My Name.mp3,.mp3
H:\Music\Gordon Lightfoot\Gordon Lightfoot - Whispers of The North.mp3,.mp3
H:\Music\Gordon Lightfoot\Gordon Lightfoot - Without You.mp3,.mp3
H:\Music\Gordon Lightfoot\Gordon Lightfoot-Alberta Bound.mp3,.mp3
H:\Music\Gordon Lightfoot\Gordon Lightfoot-Black Day In July.mp3,.mp3
H:\Music\Gordon Lightfoot\Gordon Lightfoot-Blackberry Wine.mp3,.mp3
H:\Music\Gordon Lightfoot\Gordon Lightfoot-Carefree Highway.mp3,.mp3
H:\Music\Gordon Lightfoot\Gordon Lightfoot-Circle Of Steel.mp3,.mp3
H:\Music\Gordon Lightfoot\Gordon Lightfoot-Cotton Jenny.mp3,.mp3
H:\Music\Gordon Lightfoot\Gordon Lightfoot-Did She Mention My Name.mp3,.mp3
H:\Music\Gordon Lightfoot\Gordon Lightfoot-Don Quixote.mp3,.mp3
H:\Music\Gordon Lightfoot\Gordon Lightfoot-Dream Street Rose.mp3,.mp3
H:\Music\Gordon Lightfoot\Gordon Lightfoot-Early Morning Rain.mp3,.mp3
H:\Music\Gordon Lightfoot\Gordon Lightfoot-High And Dry.mp3,.mp3
H:\Music\Gordon Lightfoot\Gordon Lightfoot-If You Could Read My Mind.mp3,.mp3
H:\Music\Gordon Lightfoot\Gordon Lightfoot-Me And Bobby McGee.mp3,.mp3
H:\Music\Gordon Lightfoot\Gordon Lightfoot-Old Dan's Records.mp3,.mp3
H:\Music\Gordon Lightfoot\Gordon Lightfoot-Rainy Day People.mp3,.mp3
H:\Music\Gordon Lightfoot\Gordon Lightfoot-Summertime Dream.mp3,.mp3
H:\Music\Gordon Lightfoot\Gordon Lightfoot-Sundown.mp3,.mp3
H:\Music\Gordon Lightfoot\Gordon Lightfoot-The Auctioneer.mp3,.mp3
H:\Music\Gordon Lightfoot\Gordon Lightfoot-The First Time Ever I Saw Your Face.mp3,.mp3
H:\Music\Gordon Lightfoot\Gordon Lightfoot-Wreck Of The Edmund Fitzgerald.mp3,.mp3
H:\Music\Gordon Lightfoot\A Painter Passing Through\Gordon Lightfoot-A Painter Passing Through.mp3,.mp3
H:\Music\Gordon Lightfoot\A Painter Passing Through\Gordon Lightfoot-Boathouse.mp3,.mp3
H:\Music\Gordon Lightfoot\A Painter Passing Through\Gordon Lightfoot-Drifters.mp3,.mp3
H:\Music\Gordon Lightfoot\A Painter Passing Through\Gordon Lightfoot-I Used to Be a Country Singer.mp3,.mp3
H:\Music\Gordon Lightfoot\A Painter Passing Through\Gordon Lightfoot-Much to My Surprise.mp3,.mp3
H:\Music\Gordon Lightfoot\A Painter Passing Through\Gordon Lightfoot-My Little Love.mp3,.mp3
H:\Music\Gordon Lightfoot\A Painter Passing Through\Gordon Lightfoot-On Yonge Street.mp3,.mp3
H:\Music\Gordon Lightfoot\A Painter Passing Through\Gordon Lightfoot-Red Velvet.mp3,.mp3
H:\Music\Gordon Lightfoot\A Painter Passing Through\Gordon Lightfoot-Ringneck Loon.mp3,.mp3
H:\Music\Gordon Lightfoot\A Painter Passing Through\Gordon Lightfoot-Uncle Toad Said.mp3,.mp3
H:\Music\Gordon Lightfoot\East of Midnight\Gordon Lightfoot - Let It Ride.mp3,.mp3
H:\Music\Gordon Lightfoot\Gord's Gold\Gordon Lightfoot-Beautiful.mp3,.mp3
H:\Music\Gordon Lightfoot\Gord's Gold\Gordon Lightfoot-Bitter Green.mp3,.mp3
H:\Music\Gordon Lightfoot\Gord's Gold\Gordon Lightfoot-Canadian Railroad Trilogy.mp3,.mp3
H:\Music\Gordon Lightfoot\Gord's Gold\Gordon Lightfoot-Cold on the Shoulder.mp3,.mp3
H:\Music\Gordon Lightfoot\Gord's Gold\Gordon Lightfoot-For Lovin' Me-Did She Mention My Name.mp3,.mp3
H:\Music\Gordon Lightfoot\Gord's Gold\Gordon Lightfoot-Minstrel of the Dawn.mp3,.mp3
H:\Music\Gordon Lightfoot\Gord's Gold\Gordon Lightfoot-Softly.mp3,.mp3
H:\Music\Gordon Lightfoot\Gord's Gold\Gordon Lightfoot-Song for a Winter's Night.mp3,.mp3
H:\Music\Gordon Lightfoot\Gord's Gold\Gordon Lightfoot-Steel Rail Blues.mp3,.mp3
H:\Music\Gordon Lightfoot\Gord's Gold\Gordon Lightfoot-Summer Side of Life.mp3,.mp3
H:\Music\Gordon Lightfoot\Gord's Gold\Gordon Lightfoot-Wherefore and Why.mp3,.mp3
"H:\Music\Gordon Lightfoot\Gord's Gold, Vol. 2\Gordon Lightfoot-Baby Step Back.mp3",.mp3
"H:\Music\Gordon Lightfoot\Gord's Gold, Vol. 2\Gordon Lightfoot-Cherokee Bend.mp3",.mp3
"H:\Music\Gordon Lightfoot\Gord's Gold, Vol. 2\Gordon Lightfoot-Hangdog Hotel Room.mp3",.mp3
"H:\Music\Gordon Lightfoot\Gord's Gold, Vol. 2\Gordon Lightfoot-If It Should Please You.mp3",.mp3
"H:\Music\Gordon Lightfoot\Gord's Gold, Vol. 2\Gordon Lightfoot-It's Worth Believin'.mp3",.mp3
"H:\Music\Gordon Lightfoot\Gord's Gold, Vol. 2\Gordon Lightfoot-Pony Man.mp3",.mp3
"H:\Music\Gordon Lightfoot\Gord's Gold, Vol. 2\Gordon Lightfoot-Shadows.mp3",.mp3
"H:\Music\Gordon Lightfoot\Gord's Gold, Vol. 2\Gordon Lightfoot-Triangle.mp3",.mp3
H:\Music\Gordon Lightfoot\Over 60 Minutes With Lightfoot\Gordon Lightfoot-Boss Man.mp3,.mp3
H:\Music\Gordon Lightfoot\Over 60 Minutes With Lightfoot\Gordon Lightfoot-For Lovin' Me.mp3,.mp3
H:\Music\Gordon Lightfoot\Over 60 Minutes With Lightfoot\Gordon Lightfoot-Go Go Round.mp3,.mp3
H:\Music\Gordon Lightfoot\Over 60 Minutes With Lightfoot\Gordon Lightfoot-Home From The Forest.mp3,.mp3
H:\Music\Gordon Lightfoot\Over 60 Minutes With Lightfoot\Gordon Lightfoot-Mountains And Marian.mp3,.mp3
H:\Music\Gordon Lightfoot\Over 60 Minutes With Lightfoot\Gordon Lightfoot-Ribbon Of Darkness.mp3,.mp3
H:\Music\Gordon Lightfoot\Over 60 Minutes With Lightfoot\Gordon Lightfoot-The Way I Feel.mp3,.mp3
H:\Music\Gordon Lightfoot\Summertime Dream\Gordon Lightfoot-I'd Do It Again.mp3,.mp3
H:\Music\Gordon Lightfoot\Summertime Dream\Gordon Lightfoot-Never Too Close.mp3,.mp3
H:\Music\Gordon Lightfoot\Summertime Dream\Gordon Lightfoot-Race Among the Ruins.mp3,.mp3
H:\Music\Gordon Lightfoot\Summertime Dream\Gordon Lightfoot-The House You Live In.mp3,.mp3
H:\Music\Gordon Lightfoot\Summertime Dream\Gordon Lightfoot-Too Many Clues in This Room.mp3,.mp3
H:\Music\Gowan\Gowan-A Criminal Mind.mp3,.mp3
H:\Music\Gowan\Gowan-Strange Animal.mp3,.mp3
H:\Music\Grand Funk\Grand Funk Hits\Grand Funk Railroad-Some Kind of Wonderful.mp3,.mp3
H:\Music\Grand Funk\Grand Funk Hits\Grand Funk Railroad-We're an American Band.mp3,.mp3
H:\Music\Guitar Slim\Guitar Slim - Down Through The Years.mp3,.mp3
H:\Music\Guns & Roses\Guns 'n' Roses-Cats in the cradle and a silver spoon.mp3,.mp3
H:\Music\Guns & Roses\Guns N' Roses-Sweet Child O' Mine.mp3,.mp3
H:\Music\Guy Davis\Guy Davis-Best I Can.mp3,.mp3
H:\Music\Guy Davis\Guy Davis-Dorothy Is Harlem Bound.mp3,.mp3
H:\Music\Guy Davis\Guy Davis-Everything Is Gonna Be Alright.mp3,.mp3
H:\Music\Guy Davis\Guy Davis-Georgia Flood.mp3,.mp3
H:\Music\Guy Davis\Guy Davis-Grandma's Tea House.mp3,.mp3
H:\Music\Guy Davis\Guy Davis-Home Cooked Meal.mp3,.mp3
H:\Music\Guy Davis\Guy Davis-If I Could Fly Like An Eagle.mp3,.mp3
H:\Music\Guy Davis\Guy Davis-If You Love Somebody.mp3,.mp3
H:\Music\Guy Davis\Guy Davis-Marlboro Blues.mp3,.mp3
H:\Music\Guy Davis\Guy Davis-Po' Boy.mp3,.mp3
H:\Music\Guy Davis\Guy Davis-Pretty Little Woman.mp3,.mp3
H:\Music\Guy Davis\Guy Davis-You Don't Know My Mind.mp3,.mp3
H:\Music\Guy Davis\Guy Davis-You Remembered My Name.mp3,.mp3
H:\Music\Guy Lombardo\Guy Lombardo - Auld Lang Syne.mp3,.mp3
H:\Music\Hall & Oates\Daryl Hall & John Oates-Jingle Bell Rock.mp3,.mp3
H:\Music\Hannah Huston\The Voice Performance\Hannah Huston - Every Breath You Take.mp3,.mp3
H:\Music\Hannah Huston\The Voice Performance\Hannah Huston - House of the Rising Sun.mp3,.mp3
H:\Music\Hannah Huston\The Voice Performance\Hannah Huston - Rolling In the Deep.mp3,.mp3
H:\Music\Hans Theessink\Hans Theessink-61 Highway.mp3,.mp3
H:\Music\Hans Theessink\Hans Theessink-A Hundred and Ten in the Shade.mp3,.mp3
H:\Music\Hans Theessink\Hans Theessink-Behind The Sun.mp3,.mp3
H:\Music\Hans Theessink\Hans Theessink-Believe The Devil Took Her Hand.mp3,.mp3
H:\Music\Hans Theessink\Hans Theessink-Brand New Dawn.mp3,.mp3
H:\Music\Hans Theessink\Hans Theessink-Bridges.mp3,.mp3
H:\Music\Hans Theessink\Hans Theessink-Circles.mp3,.mp3
H:\Music\Hans Theessink\Hans Theessink-Deadly Combination.mp3,.mp3
H:\Music\Hans Theessink\Hans Theessink-Dream.mp3,.mp3
H:\Music\Hans Theessink\Hans Theessink-From Four Till Late.mp3,.mp3
H:\Music\Hans Theessink\Hans Theessink-Green Green Rocky Road.mp3,.mp3
H:\Music\Hans Theessink\Hans Theessink-Hard Time Killing Floor.mp3,.mp3
H:\Music\Hans Theessink\Hans Theessink-He was a Friend of Mine.mp3,.mp3
H:\Music\Hans Theessink\Hans Theessink-Little Girl.mp3,.mp3
H:\Music\Hans Theessink\Hans Theessink-M and O Blues.mp3,.mp3
H:\Music\Hans Theessink\Hans Theessink-Mbube.mp3,.mp3
H:\Music\Hans Theessink\Hans Theessink-Mercury Blues.mp3,.mp3
H:\Music\Hans Theessink\Hans Theessink-Moses.mp3,.mp3
H:\Music\Hans Theessink\Hans Theessink-My Girl.mp3,.mp3
H:\Music\Hans Theessink\Hans Theessink-Odyssey.mp3,.mp3
H:\Music\Hans Theessink\Hans Theessink-People Get Ready.mp3,.mp3
H:\Music\Hans Theessink\Hans Theessink-Rain.mp3,.mp3
H:\Music\Hans Theessink\Hans Theessink-Rained Five Days.mp3,.mp3
H:\Music\Hans Theessink\Hans Theessink-Running Home.mp3,.mp3
H:\Music\Hans Theessink\Hans Theessink-St. James Infirmary.mp3,.mp3
H:\Music\Hans Theessink\Hans Theessink-What Will The Children Play.mp3,.mp3
H:\Music\Hans Theessink\Hans Theessink-Zambezi.mp3,.mp3
H:\Music\Hanson\Middle of Nowhere\Hanson-Mmmbop.mp3,.mp3
H:\Music\Harlequin\Harlequin - Innoence.mp3,.mp3
H:\Music\Heart\Heart-All Eyes.mp3,.mp3
H:\Music\Heart\Heart-Crazy on You.mp3,.mp3
H:\Music\Heart\Heart-Dreamboat Annie (Fantasy Child).mp3,.mp3
H:\Music\Heart\Heart-Dreamboat Annie (Reprise).mp3,.mp3
H:\Music\Heart\Heart-Dreamboat Annie.mp3,.mp3
H:\Music\Heart\Heart-If Looks Could Kill.mp3,.mp3
H:\Music\Heart\Heart-Kick It Out.mp3,.mp3
H:\Music\Heart\Heart-Magic Man.mp3,.mp3
H:\Music\Heart\Heart-Nothin' at All.mp3,.mp3
H:\Music\Heart\Bad Animals\Heart-Who Will You Run To.mp3,.mp3
H:\Music\Hinder\Hinder-Homecoming Queen.mp3,.mp3
H:\Music\Hinder\Hinder-Lips of an Angel.mp3,.mp3
"H:\Music\Holst\The Planets\London Symphony Orchestra-Jupiter, the Bringer of Jollity.mp3",.mp3
"H:\Music\Holst\The Planets\London Symphony Orchestra-Mars, the Bringer of War.mp3",.mp3
"H:\Music\Holst\The Planets\London Symphony Orchestra-Mercury, the Winged Messenger.mp3",.mp3
"H:\Music\Holst\The Planets\London Symphony Orchestra-Neptune, the Mystic.mp3",.mp3
"H:\Music\Holst\The Planets\London Symphony Orchestra-Saturn, the Bringer of Old Age.mp3",.mp3
"H:\Music\Holst\The Planets\London Symphony Orchestra-Uranus, the Magician.mp3",.mp3
"H:\Music\Holst\The Planets\London Symphony Orchestra-Venus, the Bringer of Peace.mp3",.mp3
H:\Music\Howard Shore\Howard Shore-The Black Rider.mp3,.mp3
H:\Music\Howard Shore\Howard Shore-The Taming Of Smeagol.mp3,.mp3
H:\Music\Howlin' Wolf\Howlin' Wolf - Little Red Rooster.mp3,.mp3
"H:\Music\Howlin' Wolf\Howlin' Wolf, Muddy Waters, Bo Diddley-Spoonful.mp3",.mp3
H:\Music\Howlin' Wolf\Howlin' Wolf-Do The Do.mp3,.mp3
H:\Music\Howlin' Wolf\Howlin' Wolf-Highway 49.mp3,.mp3
H:\Music\Howlin' Wolf\Howlin' Wolf-How Many More Years.mp3,.mp3
H:\Music\Howlin' Wolf\Howlin' Wolf-Rockin' Daddy.mp3,.mp3
H:\Music\Howlin' Wolf\Howlin' Wolf-Tail Dragger.mp3,.mp3
H:\Music\Howlin' Wolf\Howlin' Wolf-The Red Rooster [Rehearsal].mp3,.mp3
H:\Music\Howlin' Wolf\Howlin' Wolf-The Red Rooster.mp3,.mp3
H:\Music\Howlin' Wolf\Howlin' Wolf-Wang Dang Doodle.mp3,.mp3
H:\Music\Howlin' Wolf\Howlin' Wolf-What a Woman!.mp3,.mp3
H:\Music\Howlin' Wolf\Howlin' Wolf-Who's Been Talking-.mp3,.mp3
H:\Music\Howlin' Wolf\Howlin' Wolf-Worried About My Baby.mp3,.mp3
H:\Music\Huey Lewis & the News\Sports\Huey Lewis-Heart & Soul.mp3,.mp3
H:\Music\Huey Lewis & the News\Sports\Huey Lewis-I Want a New Drug.mp3,.mp3
H:\Music\Huey Lewis & the News\Sports\Huey Lewis-If This Is It.mp3,.mp3
H:\Music\Huey Lewis & the News\Sports\Huey Lewis-The Heart of Rock & Roll.mp3,.mp3
H:\Music\Ike Turner\Ike & Tina Turner - I Smell Trouble.mp3,.mp3
H:\Music\Ike Turner\Ike & Tina Turner - Poor Fool.mp3,.mp3
H:\Music\Ike Turner\Ike Turner-Hey - Hey.mp3,.mp3
H:\Music\Irish Rovers\The Irish Rovers-Grandma Got Run Over By a Reindeer.mp3,.mp3
H:\Music\Irma Thomas\Irma Thomas - Wish Someone Would Care.mp3,.mp3
H:\Music\Irma Thomas\Irma Thomas-Gonna Cry 'Til My Tears Run Dry.mp3,.mp3
H:\Music\Irma Thomas\Irma Thomas-The New Rules.mp3,.mp3
H:\Music\It's All About The Blues\It's All About The Blues - Baby Please Don't Go.mp3,.mp3
H:\Music\It's All About The Blues\It's All About The Blues - Browned Skin Woman.mp3,.mp3
H:\Music\It's All About The Blues\It's All About The Blues - CC Rider.mp3,.mp3
H:\Music\It's All About The Blues\It's All About The Blues - Harmonica Hop.mp3,.mp3
H:\Music\It's All About The Blues\It's All About The Blues - Jinx Blues.mp3,.mp3
H:\Music\It's All About The Blues\It's All About The Blues - Mean Old Bedbug Blues.mp3,.mp3
H:\Music\It's All About The Blues\It's All About The Blues - Pratt City Blues.mp3,.mp3
H:\Music\It's All About The Blues\It's All About The Blues - St Louis Blues.mp3,.mp3
H:\Music\Jackson Delta\Jackson Delta-Crazy (About You).mp3,.mp3
H:\Music\Jackson Delta\Jackson Delta-Fool In Love.mp3,.mp3
H:\Music\Jackson Delta\Jackson Delta-Goin' Back To Memphis.mp3,.mp3
H:\Music\Jackson Delta\Jackson Delta-Honey What's Wrong With You.mp3,.mp3
H:\Music\Jackson Delta\Jackson Delta-I Sleep With A Ghost.mp3,.mp3
H:\Music\Jackson Delta\Jackson Delta-Little Sister's Gonna Be Alright.mp3,.mp3
H:\Music\Jackson Delta\Jackson Delta-Lookin' Back.mp3,.mp3
H:\Music\Jackson Delta\Jackson Delta-My Ears Keep Hearing Voices.mp3,.mp3
H:\Music\Jackson Delta\Jackson Delta-My Mistake.mp3,.mp3
H:\Music\Jackson Delta\Jackson Delta-Silly Rules.mp3,.mp3
H:\Music\Jackson Delta\Jackson Delta-The Feel Of Uncertainty.mp3,.mp3
H:\Music\Jackson Delta\Jackson Delta-Unpaid Bills Blues.mp3,.mp3
H:\Music\Jackson Delta\Jackson Delta-Worried Life.mp3,.mp3
H:\Music\James Booker\James Booker-One For The Highway.mp3,.mp3
H:\Music\Jan Hammer\Jan Hammer-Theme from Miami Vice.mp3,.mp3
H:\Music\Jane Wiedlin\Jane Wiedlin-Rush Hour.mp3,.mp3
H:\Music\Jason McCoy\Jason McCoy-Born Again in Dixieland.mp3,.mp3
H:\Music\Jeff Buckley\Jeff Buckley-Hallelujah.mp3,.mp3
H:\Music\Jeff Healey\Jeff Healey-Baby's Lookin' Hot.mp3,.mp3
H:\Music\Jeff Healey\Jeff Healey-Cruel Little Number.mp3,.mp3
H:\Music\Jeff Healey\Jeff Healey-Dreams Of Love.mp3,.mp3
H:\Music\Jeff Healey\Jeff Healey-Evil And Here To Stay.mp3,.mp3
H:\Music\Jeff Healey\Jeff Healey-If You Can't Feel Anything Else.mp3,.mp3
H:\Music\Jeff Healey\Jeff Healey-Leave The Light On.mp3,.mp3
H:\Music\Jeff Healey\Jeff Healey-Lost In Your Eyes.mp3,.mp3
H:\Music\Jeff Healey\Jeff Healey-My Kinda Lover.mp3,.mp3
H:\Music\Jeff Healey\Jeff Healey-You're Coming Home.mp3,.mp3
H:\Music\Jeff Healey\The Jeff Healey Band-Heart Of An Angel.mp3,.mp3
H:\Music\Jeff Healey\The Jeff Healey Band-House That Love Built.mp3,.mp3
H:\Music\Jeff Healey\The Jeff Healey Band-It Could All Get Blown Away.mp3,.mp3
H:\Music\Jefferson Airplane\Jefferson Airplane-White Rabbit.mp3,.mp3
"H:\Music\Jefferson Airplane\Peter, Paul, and Mary-Leaving on a Jet Plane.mp3",.mp3
H:\Music\Jefferson Starship\Jefferson Starship-We Built This City.mp3,.mp3
H:\Music\Jelly Roll Morton\Jelly Roll Morton - Dead Man Blues.mp3,.mp3
H:\Music\Jennifer Rush\Jennifer Rush-Flames of Paradise.mp3,.mp3
H:\Music\Jennifer Rush\Jennifer Rush-Heart over Mind.mp3,.mp3
H:\Music\Jennifer Rush\Jennifer Rush-The Power Of Love.mp3,.mp3
H:\Music\Jerry Lee Lewis\Jerry Lee Lewis - Whole Lotta Shakin' Goin' On.mp3,.mp3
H:\Music\Jesse Cook\Jesse Cook-Fall At Your Feet.mp3,.mp3
H:\Music\Jessica Andrews\Jessica Andrews-Who I Am.mp3,.mp3
H:\Music\Jessica Simpson\Jessica Simpson-Come On Over.mp3,.mp3
H:\Music\Jesus Jones\Jesus Jones-Right Here Right Now.mp3,.mp3
H:\Music\Jim Croce\Jim Croce - A Long Time Ago.mp3,.mp3
H:\Music\Jim Croce\Jim Croce - Alabama Rain.mp3,.mp3
"H:\Music\Jim Croce\Jim Croce - Cigarettes, Whiskey & Wild Wild Women.mp3",.mp3
H:\Music\Jim Croce\Jim Croce - If You Want To Be Happy For The Rest Of Your Life.mp3,.mp3
H:\Music\Jim Croce\Jim Croce - Mr Bojangles.mp3,.mp3
H:\Music\Jim Croce\Jim Croce - old man river.mp3,.mp3
H:\Music\Jim Croce\Jim Croce - Speedball Tucker.mp3,.mp3
H:\Music\Jim Croce\Jim Croce - The Hard Way Every Time.mp3,.mp3
H:\Music\Jim Croce\Jim Croce - Thursday.mp3,.mp3
"H:\Music\Jim Croce\Jim Croce-Bad, Bad Leroy Brown.mp3",.mp3
H:\Music\Jim Croce\Jim Croce-Box #10.mp3,.mp3
H:\Music\Jim Croce\Jim Croce-Chain Gang Medley.mp3,.mp3
H:\Music\Jim Croce\Jim Croce-I Got a Name.mp3,.mp3
H:\Music\Jim Croce\Jim Croce-I'll Have to Say I Love You in a Song.mp3,.mp3
H:\Music\Jim Croce\Jim Croce-Lover's Cross.mp3,.mp3
H:\Music\Jim Croce\Jim Croce-New York's Not My Home.mp3,.mp3
H:\Music\Jim Croce\Jim Croce-One Less Set of Footsteps.mp3,.mp3
H:\Music\Jim Croce\Jim Croce-Operator (That's Not the Way It Feels).mp3,.mp3
H:\Music\Jim Croce\Jim Croce-Photographs and Memories.mp3,.mp3
H:\Music\Jim Croce\Jim Croce-Rapid Roy (The Stock Car Boy).mp3,.mp3
H:\Music\Jim Croce\Jim Croce-Roller Derby Queen.mp3,.mp3
H:\Music\Jim Croce\Jim Croce-These Dreams.mp3,.mp3
H:\Music\Jim Croce\Jim Croce-Time in a Bottle.mp3,.mp3
H:\Music\Jim Croce\Jim Croce-Walkin' Back To Georgia.mp3,.mp3
H:\Music\Jim Croce\Jim Croce-Workin' at the Car Wash Blues.mp3,.mp3
H:\Music\Jim Croce\Jim Croce-You Don't Mess Around With Jim.mp3,.mp3
H:\Music\Jimi Hendrix\Jimi Hendrix-All Along The Watchtower.mp3,.mp3
H:\Music\Jimi Hendrix\Jimi Hendrix-Purple Haze.mp3,.mp3
H:\Music\Jimmy Bowskill\Jimmy Bowskill-Be Mine.mp3,.mp3
H:\Music\Jimmy Bowskill\Jimmy Bowskill-Black Sea Star.mp3,.mp3
H:\Music\Jimmy Bowskill\Jimmy Bowskill-Blues Don't Like Nobody.mp3,.mp3
H:\Music\Jimmy Bowskill\Jimmy Bowskill-Deep Blue.mp3,.mp3
H:\Music\Jimmy Bowskill\Jimmy Bowskill-Diamond Ring.mp3,.mp3
H:\Music\Jimmy Bowskill\Jimmy Bowskill-Drifting Haze.mp3,.mp3
H:\Music\Jimmy Bowskill\Jimmy Bowskill-Falling.mp3,.mp3
H:\Music\Jimmy Bowskill\Jimmy Bowskill-Far From Reality.mp3,.mp3
H:\Music\Jimmy Bowskill\Jimmy Bowskill-Honeybee.mp3,.mp3
H:\Music\Jimmy Bowskill\Jimmy Bowskill-Hotspell.mp3,.mp3
H:\Music\Jimmy Bowskill\Jimmy Bowskill-Kindhearted Woman Blues.mp3,.mp3
H:\Music\Jimmy Bowskill\Jimmy Bowskill-Life's So Peculiar.mp3,.mp3
H:\Music\Jimmy Bowskill\Jimmy Bowskill-Livin' With The Blues.mp3,.mp3
H:\Music\Jimmy Bowskill\Jimmy Bowskill-Loser.mp3,.mp3
H:\Music\Jimmy Bowskill\Jimmy Bowskill-Mortisha.mp3,.mp3
H:\Music\Jimmy Bowskill\Jimmy Bowskill-Nine.mp3,.mp3
H:\Music\Jimmy Bowskill\Jimmy Bowskill-Ramblin' On My Mind.mp3,.mp3
H:\Music\Jimmy Bowskill\Jimmy Bowskill-Rattle Snake Shake.mp3,.mp3
H:\Music\Jimmy Bowskill\Jimmy Bowskill-Schoolhouse.mp3,.mp3
H:\Music\Jimmy Bowskill\Jimmy Bowskill-Stones In My Passway.mp3,.mp3
H:\Music\Jimmy Bowskill\Jimmy Bowskill-The Kara-Dag.mp3,.mp3
H:\Music\Jimmy Bowskill\Jimmy Bowskill-The Truth.mp3,.mp3
H:\Music\Jimmy Bowskill\Jimmy Bowskill-Weekend Fish Fry.mp3,.mp3
H:\Music\Jimmy Bowskill\Jimmy Bowskill-Who's Knockin'.mp3,.mp3
H:\Music\Jimmy Bowskill\Jimmy Bowskill-Work Til My Days Are Gone.mp3,.mp3
"H:\Music\Jimmy Buffett\Jimmy Buffett-Changes in Latitudes, Changes in Attitudes.mp3",.mp3
H:\Music\Jimmy Buffett\Jimmy Buffett-Cheeseburger In Paradise.mp3,.mp3
H:\Music\Jimmy Buffett\Jimmy Buffett-Come Monday.mp3,.mp3
H:\Music\Jimmy Buffett\Jimmy Buffett-He Went to Paris.mp3,.mp3
H:\Music\Jimmy Buffett\Jimmy Buffett-Margaritaville.mp3,.mp3
H:\Music\Jimmy Buffett\Jimmy Buffett-Son Of A Son Of A Sailor.mp3,.mp3
H:\Music\Jimmy Buffett\License to Chill\Jimmy Buffett-Anything Anytime Anywhere.mp3,.mp3
H:\Music\Jimmy Buffett\License to Chill\Jimmy Buffett-Back to the Island.mp3,.mp3
H:\Music\Jimmy Buffett\License to Chill\Jimmy Buffett-Boats to Build.mp3,.mp3
H:\Music\Jimmy Buffett\License to Chill\Jimmy Buffett-Coast of Carolina.mp3,.mp3
H:\Music\Jimmy Buffett\License to Chill\Jimmy Buffett-Coastal Confessions.mp3,.mp3
H:\Music\Jimmy Buffett\License to Chill\Jimmy Buffett-Conky Tonkin'.mp3,.mp3
H:\Music\Jimmy Buffett\License to Chill\Jimmy Buffett-Hey Good Lookin'.mp3,.mp3
H:\Music\Jimmy Buffett\License to Chill\Jimmy Buffett-License to Chill.mp3,.mp3
H:\Music\Jimmy Buffett\License to Chill\Jimmy Buffett-Piece of Work.mp3,.mp3
H:\Music\Jimmy Buffett\License to Chill\Jimmy Buffett-Playin' the Loser Again.mp3,.mp3
H:\Music\Jimmy Buffett\License to Chill\Jimmy Buffett-Scarlet Begonias.mp3,.mp3
H:\Music\Jimmy Buffett\License to Chill\Jimmy Buffett-Sea of Heartbreak.mp3,.mp3
H:\Music\Jimmy Buffett\License to Chill\Jimmy Buffett-Simply Complicated.mp3,.mp3
H:\Music\Jimmy Buffett\License to Chill\Jimmy Buffett-Someone I Used to Love.mp3,.mp3
H:\Music\Jimmy Buffett\License to Chill\Jimmy Buffett-Trip Around the Sun.mp3,.mp3
H:\Music\Jimmy Buffett\License to Chill\Jimmy Buffett-Window on the World.mp3,.mp3
H:\Music\Jimmy Johnson\Jimmy Johnson-When My First Wife Quit Me.mp3,.mp3
H:\Music\Jimmy McGriff\Jimmy McGriff - C Jam Blues.mp3,.mp3
H:\Music\Jimmy McGriff\Jimmy McGriff - Freedom Suite.mp3,.mp3
H:\Music\Jimmy Rankin\Jimmy Rankin-Followed her around.mp3,.mp3
H:\Music\Jimmy Reed\Jimmy Reed - I Was So Young.mp3,.mp3
H:\Music\Jimmy Reed\Jimmy Reed - Take Out Some Insurance.mp3,.mp3
H:\Music\Jimmy Reed\Jimmy Reed-Heartaches & Troubles.mp3,.mp3
H:\Music\Jimmy Rushing\Jimmy Rushing - She's Mine She's Yours.mp3,.mp3
H:\Music\Jimmy Witherspoon\Jimmy Witherspoon - Ain't Nobody's Business.mp3,.mp3
H:\Music\Jimmy Witherspoon\Jimmy Witherspoon - Have a Ball.mp3,.mp3
H:\Music\Jo-El Sonnier\Jo-El Sonnier-Louisiana Blues.mp3,.mp3
H:\Music\Joe Liggins\Joe Liggins-Boom Chick A Boogie.mp3,.mp3
H:\Music\Joe Liggins\Joe Liggins-Goin' Back To L.A.-Joe Liggins.mp3,.mp3
H:\Music\Joe Louis Walker\Joe Louis Walker-Heart Of Stone.mp3,.mp3
"H:\Music\John & the Sisters\John & The Sisters-L,A.mp3",.mp3
H:\Music\John Anderson\John Anderson-Heartache Tonight.mp3,.mp3
H:\Music\John Anderson\John Anderson-Seminole Wind.mp3,.mp3
H:\Music\John Cafferty\John Cafferty-On The Dark Side.mp3,.mp3
H:\Music\John Farnham\John Farnham-You're the voice.mp3,.mp3
H:\Music\John Fogerty\John Fogerty-Centerfield.mp3,.mp3
H:\Music\John Hammond\John Hammond Jr-Fannin Street.mp3,.mp3
H:\Music\John Hammond\John Hammond Jr. - Backdoor Man.mp3,.mp3
H:\Music\John Hammond\John Hammond Jr. - Barbecue Blues.mp3,.mp3
H:\Music\John Hammond\John Hammond Jr. - Big Boss Man.mp3,.mp3
H:\Music\John Hammond\John Hammond Jr. - Drop Down Mama.mp3,.mp3
H:\Music\John Hammond\John Hammond Jr. - Get Right Church.mp3,.mp3
H:\Music\John Hammond\John Hammond Jr. - Going Back To Florida.mp3,.mp3
H:\Music\John Hammond\John Hammond Jr. - I Wish You Would Come Back Baby.mp3,.mp3
H:\Music\John Hammond\John Hammond Jr. - I'm A Man.mp3,.mp3
H:\Music\John Hammond\John Hammond Jr. - Keys To The Highway.mp3,.mp3
"H:\Music\John Hammond\John Hammond Jr. - Louise, Louise Blues.mp3",.mp3
H:\Music\John Hammond\John Hammond Jr. - Milk Cows Calf Blues.mp3,.mp3
H:\Music\John Hammond\John Hammond Jr. - No Money Down.mp3,.mp3
H:\Music\John Hammond\John Hammond Jr. - See That My Grave Is Kept Clean.mp3,.mp3
H:\Music\John Hammond\John Hammond Jr. - Shake For Me J.mp3,.mp3
H:\Music\John Hammond\John Hammond Jr. - So Many Roads So Many Tra.mp3,.mp3
H:\Music\John Hammond\John Hammond Jr. - Statesborough Blues (Alternate version).mp3,.mp3
H:\Music\John Hammond\John Hammond Jr. - They Call It Stormy Mon..mp3,.mp3
H:\Music\John Hammond\John Hammond Jr. - Thirty Two-Twenty Blues.mp3,.mp3
H:\Music\John Hammond\John Hammond Jr. - Traveling Riverside Blues.mp3,.mp3
H:\Music\John Hammond\John Hammond Jr. - Who Do You Love.mp3,.mp3
H:\Music\John Hammond\John Hammond Jr.- Baby Please Dont Go.mp3,.mp3
H:\Music\John Hammond\John Hammond Jr.- My Babe.mp3,.mp3
H:\Music\John Hammond\John Hammond Jr.- Stones In My Passway.mp3,.mp3
H:\Music\John Hammond\John Hammond Jr.-'Til The Money Runs Out.mp3,.mp3
H:\Music\John Hammond\John Hammond Jr.-16 Shells From A Thirty-Ought Six.mp3,.mp3
H:\Music\John Hammond\John Hammond Jr.-2-19.mp3,.mp3
H:\Music\John Hammond\John Hammond Jr.-Big Black Mariah.mp3,.mp3
H:\Music\John Hammond\John Hammond Jr.-Buzz Fledderjohn.mp3,.mp3
H:\Music\John Hammond\John Hammond Jr.-Clap Hands.mp3,.mp3
H:\Music\John Hammond\John Hammond Jr.-Fattening Frogs For Snakes.mp3,.mp3
H:\Music\John Hammond\John Hammond Jr.-Get Behind The Mule.mp3,.mp3
H:\Music\John Hammond\John Hammond Jr.-Gone So Long.mp3,.mp3
H:\Music\John Hammond\John Hammond Jr.-Got To Find My Baby.mp3,.mp3
H:\Music\John Hammond\John Hammond Jr.-Gypsy Woman.mp3,.mp3
H:\Music\John Hammond\John Hammond Jr.-Heartattack And Vine.mp3,.mp3
H:\Music\John Hammond\John Hammond Jr.-I Know I've Been Changed.mp3,.mp3
H:\Music\John Hammond\John Hammond Jr.-Jockey Full of Bourbon.mp3,.mp3
H:\Music\John Hammond\John Hammond Jr.-Key To The Highway.mp3,.mp3
H:\Music\John Hammond\John Hammond Jr.-Louisiana Blues.mp3,.mp3
H:\Music\John Hammond\John Hammond Jr.-Mellow Down Easy.mp3,.mp3
H:\Music\John Hammond\John Hammond Jr.-Mellow Peaches.mp3,.mp3
H:\Music\John Hammond\John Hammond Jr.-Murder In The Red Barn.mp3,.mp3
H:\Music\John Hammond\John Hammond Jr.-My Baby Left Me.mp3,.mp3
H:\Music\John Hammond\John Hammond Jr.-Shore Leave.mp3,.mp3
H:\Music\John Hammond\John Hammond Jr.-Step It Up And Go.mp3,.mp3
H:\Music\John Hammond\John Hammond Jr.-You Don't Love Me.mp3,.mp3
H:\Music\John Hammond\John Hammond Jr.-Your Funeral And My Trial.mp3,.mp3
H:\Music\John Lee Hooker\John Lee Hooker & Ben Harper-Burnin' Hell.mp3,.mp3
H:\Music\John Lee Hooker\John Lee Hooker & Carlos Santana-Chill Out (Things Gonna Change).mp3,.mp3
H:\Music\John Lee Hooker\John Lee Hooker & Carlos Santana-The Healer.mp3,.mp3
H:\Music\John Lee Hooker\John Lee Hooker & Eric Clapton-Boogie Chillen.mp3,.mp3
H:\Music\John Lee Hooker\John Lee Hooker & Jimmie Vaughan-Boom Boom.mp3,.mp3
H:\Music\John Lee Hooker\John Lee Hooker & Los Lobos-Dimples.mp3,.mp3
H:\Music\John Lee Hooker\John Lee Hooker & Robert Cray-Baby Lee.mp3,.mp3
H:\Music\John Lee Hooker\John Lee Hooker & Van Morrison-I Cover The Waterfront.mp3,.mp3
H:\Music\John Lee Hooker\John Lee Hooker - Boogie Chillen.mp3,.mp3
H:\Music\John Lee Hooker\John Lee Hooker - Boogie Chillun.mp3,.mp3
H:\Music\John Lee Hooker\John Lee Hooker - Frisco Blues.mp3,.mp3
H:\Music\John Lee Hooker\John Lee Hooker - My Baby Don't Love Me.mp3,.mp3
H:\Music\John Lee Hooker\John Lee Hooker With Bonnie Raitt-I'm In The Mood.mp3,.mp3
H:\Music\John Lee Hooker\John Lee Hooker-(I Got) A Good 'Un.mp3,.mp3
H:\Music\John Lee Hooker\John Lee Hooker-Baby Lee.mp3,.mp3
H:\Music\John Lee Hooker\John Lee Hooker-Back Biters And Syndicators.mp3,.mp3
"H:\Music\John Lee Hooker\John Lee Hooker-Big Legs, Tight Skirt.mp3",.mp3
H:\Music\John Lee Hooker\John Lee Hooker-Blues Before Sunrise.mp3,.mp3
H:\Music\John Lee Hooker\John Lee Hooker-Boom Boom.mp3,.mp3
H:\Music\John Lee Hooker\John Lee Hooker-Crawlin' King Snake.mp3,.mp3
H:\Music\John Lee Hooker\John Lee Hooker-Crawling King Snake.mp3,.mp3
H:\Music\John Lee Hooker\John Lee Hooker-Cry Before I Go.mp3,.mp3
H:\Music\John Lee Hooker\John Lee Hooker-Dimples.mp3,.mp3
H:\Music\John Lee Hooker\John Lee Hooker-Doin' The Shout.mp3,.mp3
H:\Music\John Lee Hooker\John Lee Hooker-Don't Look Back.mp3,.mp3
H:\Music\John Lee Hooker\John Lee Hooker-Dusty Road.mp3,.mp3
H:\Music\John Lee Hooker\John Lee Hooker-Hard Headed Woman.mp3,.mp3
H:\Music\John Lee Hooker\John Lee Hooker-Hey Boogie.mp3,.mp3
H:\Music\John Lee Hooker\John Lee Hooker-Hobo Blues.mp3,.mp3
H:\Music\John Lee Hooker\John Lee Hooker-House Rent Boogie.mp3,.mp3
H:\Music\John Lee Hooker\John Lee Hooker-I Don't Need No Steam Heat.mp3,.mp3
H:\Music\John Lee Hooker\John Lee Hooker-I Put My Trust In You.mp3,.mp3
H:\Music\John Lee Hooker\John Lee Hooker-I Won't Be In Hard Luck No More.mp3,.mp3
H:\Music\John Lee Hooker\John Lee Hooker-I'm A Stranger.mp3,.mp3
H:\Music\John Lee Hooker\John Lee Hooker-I'm Going Upstairs.mp3,.mp3
H:\Music\John Lee Hooker\John Lee Hooker-I'm In The Mood.mp3,.mp3
H:\Music\John Lee Hooker\John Lee Hooker-I'm So Excited.mp3,.mp3
H:\Music\John Lee Hooker\John Lee Hooker-Let's Make It.mp3,.mp3
H:\Music\John Lee Hooker\John Lee Hooker-Little Wheel.mp3,.mp3
H:\Music\John Lee Hooker\John Lee Hooker-Mr. Lucky.mp3,.mp3
H:\Music\John Lee Hooker\John Lee Hooker-No Shoes.mp3,.mp3
H:\Music\John Lee Hooker\John Lee Hooker-Old Time Shimmy.mp3,.mp3
H:\Music\John Lee Hooker\John Lee Hooker-Onions.mp3,.mp3
H:\Music\John Lee Hooker\John Lee Hooker-Please Don't Go.mp3,.mp3
H:\Music\John Lee Hooker\John Lee Hooker-Process.mp3,.mp3
H:\Music\John Lee Hooker\John Lee Hooker-Tantalizing With The Blues.mp3,.mp3
H:\Music\John Lee Hooker\John Lee Hooker-The Motor City Is Burning.mp3,.mp3
H:\Music\John Lee Hooker\John Lee Hooker-Thelma.mp3,.mp3
H:\Music\John Lee Hooker\John Lee Hooker-This Is Hip.mp3,.mp3
H:\Music\John Lee Hooker\John Lee Hooker-Trouble Blues.mp3,.mp3
H:\Music\John Lee Hooker\John Lee Hooker-Tupelo.mp3,.mp3
H:\Music\John Lee Hooker\John Lee Hooker-War Is Over (Goodbye California).mp3,.mp3
H:\Music\John Lee Hooker\John Lee Hooker-When My First Wife Left Me.mp3,.mp3
H:\Music\John Lee Hooker\John Lee Hooker-Whiskey And Wimmen.mp3,.mp3
H:\Music\John Mayall\John Mayall-Road Show.mp3,.mp3
H:\Music\John Mayer\Heavier Things\John Mayer-Bigger Than My Body.mp3,.mp3
H:\Music\John Mayer\Heavier Things\John Mayer-Clarity.mp3,.mp3
H:\Music\John Mayer\Heavier Things\John Mayer-Come Back to Bed.mp3,.mp3
H:\Music\John Mayer\Heavier Things\John Mayer-Daughters.mp3,.mp3
H:\Music\John Mayer\Heavier Things\John Mayer-Home Life.mp3,.mp3
H:\Music\John Mayer\Heavier Things\John Mayer-New Deep.mp3,.mp3
H:\Music\John Mayer\Heavier Things\John Mayer-Only Heart.mp3,.mp3
H:\Music\John Mayer\Heavier Things\John Mayer-Something's Missing.mp3,.mp3
H:\Music\John Mayer\Heavier Things\John Mayer-Split Screen Sadness.mp3,.mp3
H:\Music\John Mayer\Heavier Things\John Mayer-Wheel.mp3,.mp3
H:\Music\John McDermott\John McDermott - O Holy Night.mp3,.mp3
H:\Music\John Mellencamp\John Mellencamp-Paper In Fire.mp3,.mp3
H:\Music\John Mellencamp\American Fool\John Mellencamp-Hand to Hold on To.mp3,.mp3
H:\Music\John Mellencamp\American Fool\John Mellencamp-Hurts So Good.mp3,.mp3
H:\Music\John Mellencamp\American Fool\John Mellencamp-Jack & Diane.mp3,.mp3
H:\Music\Johnny Adams\Johnny Adams-She Said The Same Things To Me.mp3,.mp3
H:\Music\Johnny Adams\Johnny Adams-We Don't See Eye To Eye.mp3,.mp3
H:\Music\Johnny Copeland\Johnny Copeland-Tumbling Dice.mp3,.mp3
H:\Music\Johnny Lang\Jonny Lang-A Quitter Never Wins.mp3,.mp3
H:\Music\Johnny Lang\Jonny Lang-Back For The Taste Of Your Love.mp3,.mp3
H:\Music\Johnny Lang\Jonny Lang-Darker Side.mp3,.mp3
H:\Music\Johnny Lang\Jonny Lang-Good Morning Little School Girl.mp3,.mp3
H:\Music\Johnny Lang\Jonny Lang-Hit The Ground Runnin'.mp3,.mp3
H:\Music\Johnny Lang\Jonny Lang-Lie To Me.mp3,.mp3
H:\Music\Johnny Lang\Jonny Lang-Matchbox.mp3,.mp3
H:\Music\Johnny Lang\Jonny Lang-Missing Your Love.mp3,.mp3
H:\Music\Johnny Lang\Jonny Lang-Rack Em Up.mp3,.mp3
H:\Music\Johnny Lang\Jonny Lang-Still Wonder.mp3,.mp3
H:\Music\Johnny Lang\Jonny Lang-There's Gotta Be A Change.mp3,.mp3
H:\Music\Johnny Lang\Jonny Lang-When I Come To You.mp3,.mp3
H:\Music\Johnny Otis\Johnny Otis - Barrelhouse Blues.mp3,.mp3
H:\Music\Johnny Otis\Johnny Otis - Slow Fuse.mp3,.mp3
H:\Music\Johnny Otis\Johnny Otis-Bad Luck Shadow.mp3,.mp3
H:\Music\Johnny Otis\Johnny Otis-The Signifyin' Monkey.mp3,.mp3
H:\Music\Johnny Shines\Johnny Shines - Too Wet To Plow.mp3,.mp3
H:\Music\Johnny Winter\Johnny Winter - Tired Of Tryin'.mp3,.mp3
H:\Music\Johnny Winter\Rocky Hill & Johnny Winter - Bad Girl Blues.mp3,.mp3
H:\Music\Jonatha Brooke\Back in the Circus\Jonatha Brooke - Back in the Circus.mp3,.mp3
H:\Music\Jordan Smith\The Voice Performance\Jordan Smith-Halo.mp3,.mp3
H:\Music\Josh Halverson\The Voice Performance\Josh Halverson - Whiskey and You.mp3,.mp3
"H:\Music\Josh White\Josh White-Apples, Peaches And Cherries.mp3",.mp3
H:\Music\Josh White\Josh White-Back Water Blues.mp3,.mp3
H:\Music\Josh White\Josh White-Badly Mistreated Man.mp3,.mp3
H:\Music\Josh White\Josh White-Ball & Chain Blues.mp3,.mp3
H:\Music\Josh White\Josh White-Barbara Allen.mp3,.mp3
H:\Music\Josh White\Josh White-Bed Springs Blues.mp3,.mp3
H:\Music\Josh White\Josh White-Black And Evil Blues.mp3,.mp3
H:\Music\Josh White\Josh White-Black Girl.mp3,.mp3
H:\Music\Josh White\Josh White-Black Man.mp3,.mp3
H:\Music\Josh White\Josh White-Bury My Body.mp3,.mp3
H:\Music\Josh White\Josh White-Call Me Darling.mp3,.mp3
H:\Music\Josh White\Josh White-Did You Read That Letter-.mp3,.mp3
H:\Music\Josh White\Josh White-Dip His Finger In The Water (w-Bill White).mp3,.mp3
H:\Music\Josh White\Josh White-Don't Lie Buddy.mp3,.mp3
H:\Music\Josh White\Josh White-Double Crossing Woman.mp3,.mp3
H:\Music\Josh White\Josh White-Downhearted Man Blues.mp3,.mp3
H:\Music\Josh White\Josh White-Evil Hearted Man.mp3,.mp3
H:\Music\Josh White\Josh White-Frankie And Johnny.mp3,.mp3
"H:\Music\Josh White\Josh White-Free And Equal Blues, Pts 1 & 2.mp3",.mp3
H:\Music\Josh White\Josh White-Friendless City Blues.mp3,.mp3
H:\Music\Josh White\Josh White-Gloomy Sunday.mp3,.mp3
H:\Music\Josh White\Josh White-Good Morning Blues (w-Libby Holman).mp3,.mp3
H:\Music\Josh White\Josh White-Green Grass Growing All Around (w-Bill White).mp3,.mp3
H:\Music\Josh White\Josh White-Greenville Sheik.mp3,.mp3
H:\Music\Josh White\Josh White-Hard Time Blues.mp3,.mp3
H:\Music\Josh White\Josh White-He Never Said A Mumblin' Word.mp3,.mp3
H:\Music\Josh White\Josh White-Helleleu.mp3,.mp3
H:\Music\Josh White\Josh White-Howling Wolf Blues.mp3,.mp3
H:\Music\Josh White\Josh White-I Ain't Got Nothing But The Blues (w-Beverly White).mp3,.mp3
H:\Music\Josh White\Josh White-I Believe I'll Make A Change.mp3,.mp3
H:\Music\Josh White\Josh White-I Gave My Love A Cherry.mp3,.mp3
H:\Music\Josh White\Josh White-I Want You And I Need You.mp3,.mp3
H:\Music\Josh White\Josh White-I'm Gonna Move To The Outskirts Of Town.mp3,.mp3
"H:\Music\Josh White\Josh White-Jelly, Jelly.mp3",.mp3
H:\Music\Josh White\Josh White-Jesus Gonna Make Up My Dying Bed.mp3,.mp3
H:\Music\Josh White\Josh White-Jim Crow (w-Bill White).mp3,.mp3
H:\Music\Josh White\Josh White-Jim Crow Train.mp3,.mp3
H:\Music\Josh White\Josh White-John Henry.mp3,.mp3
H:\Music\Josh White\Josh White-Josh & Bill Blues (w-Bill White).mp3,.mp3
H:\Music\Josh White\Josh White-Joshua Fit The Battle Of Jericho.mp3,.mp3
H:\Music\Josh White\Josh White-Lazy Black Snake Blues.mp3,.mp3
H:\Music\Josh White\Josh White-Like A Natural Man.mp3,.mp3
H:\Music\Josh White\Josh White-Lonesome Road.mp3,.mp3
"H:\Music\Josh White\Josh White-Lord Randall, My Son.mp3",.mp3
"H:\Music\Josh White\Josh White-Lord, I Want To Die Easy.mp3",.mp3
H:\Music\Josh White\Josh White-Low Cotton.mp3,.mp3
H:\Music\Josh White\Josh White-Midnight Special.mp3,.mp3
H:\Music\Josh White\Josh White-Milk Cow Blues.mp3,.mp3
H:\Music\Josh White\Josh White-Miss Otis Regrets.mp3,.mp3
H:\Music\Josh White\Josh White-Molly Malone.mp3,.mp3
H:\Music\Josh White\Josh White-My Father Is A Husbandman.mp3,.mp3
H:\Music\Josh White\Josh White-New Milk Cow Blues.mp3,.mp3
H:\Music\Josh White\Josh White-Nobody Knows You When You're Down And Out.mp3,.mp3
H:\Music\Josh White\Josh White-Number Twelve Train.mp3,.mp3
H:\Music\Josh White\Josh White-On Top Of Old Smokey.mp3,.mp3
H:\Music\Josh White\Josh White-One For My Baby.mp3,.mp3
H:\Music\Josh White\Josh White-One Meat Ball.mp3,.mp3
H:\Music\Josh White\Josh White-Paul And Silas Bound In Jail.mp3,.mp3
H:\Music\Josh White\Josh White-Peter.mp3,.mp3
H:\Music\Josh White\Josh White-Prison BOund Blues.mp3,.mp3
H:\Music\Josh White\Josh White-Raise A Ruckus.mp3,.mp3
H:\Music\Josh White\Josh White-Scandalize My Name.mp3,.mp3
H:\Music\Josh White\Josh White-Silicosis Is Killin' Me.mp3,.mp3
H:\Music\Josh White\Josh White-So Sonn In The Mornin'.mp3,.mp3
H:\Music\Josh White\Josh White-Sometime (w-Sonny Terry & Brownie McGhee).mp3,.mp3
H:\Music\Josh White\Josh White-St. James Infirmary.mp3,.mp3
H:\Music\Josh White\Josh White-Stormy Weather No. 1.mp3,.mp3
H:\Music\Josh White\Josh White-Strange Fruit.mp3,.mp3
H:\Music\Josh White\Josh White-T. B. Blues.mp3,.mp3
H:\Music\Josh White\Josh White-Take A Gal Like You.mp3,.mp3
H:\Music\Josh White\Josh White-Takin' Names.mp3,.mp3
H:\Music\Josh White\Josh White-The Butterfly Song.mp3,.mp3
"H:\Music\Josh White\Josh White-The Foggy, Foggy Dew.mp3",.mp3
H:\Music\Josh White\Josh White-The House Of The Risin' Sun.mp3,.mp3
H:\Music\Josh White\Josh White-The Lass With The Delicate Air.mp3,.mp3
H:\Music\Josh White\Josh White-Timber (Jerry The Mule).mp3,.mp3
H:\Music\Josh White\Josh White-Told My Captain.mp3,.mp3
H:\Music\Josh White\Josh White-Waltzing Matilda.mp3,.mp3
H:\Music\Josh White\Josh White-Wanderings.mp3,.mp3
H:\Music\Josh White\Josh White-Watercress.mp3,.mp3
H:\Music\Josh White\Josh White-Welfare Blues.mp3,.mp3
H:\Music\Josh White\Josh White-When The Sun Goes Down (w-Libby Holman).mp3,.mp3
H:\Music\Josh White\Josh White-Woman Sure Is A Curious Critter.mp3,.mp3
H:\Music\Josh White Jr. With Robin Batteau\Josh White Jr. With Robin Batteau-Call Me Darling.mp3,.mp3
H:\Music\Josh White Jr. With Robin Batteau\Josh White Jr. With Robin Batteau-Don't Smoke In Bed.mp3,.mp3
H:\Music\Josh White Jr. With Robin Batteau\Josh White Jr. With Robin Batteau-Frankie & Johnnie.mp3,.mp3
H:\Music\Josh White Jr. With Robin Batteau\Josh White Jr. With Robin Batteau-House Of The Rising Sun.mp3,.mp3
H:\Music\Josh White Jr. With Robin Batteau\Josh White Jr. With Robin Batteau-Miss Otis Regrets.mp3,.mp3
H:\Music\Josh White Jr. With Robin Batteau\Josh White Jr. With Robin Batteau-Outskirts Of Town.mp3,.mp3
H:\Music\Josh White Jr. With Robin Batteau\Josh White Jr. With Robin Batteau-St. James Infirmary.mp3,.mp3
H:\Music\Josh White Jr. With Robin Batteau\Josh White Jr. With Robin Batteau-Strange Fruit.mp3,.mp3
H:\Music\Josh White Jr. With Robin Batteau\Josh White Jr. With Robin Batteau-You Won't Let Me Go.mp3,.mp3
H:\Music\Josh White Jr. With Robin Batteau\Josh White Jr. With Robin Batteau-You'd Be So Nice To Come Home To.mp3,.mp3
H:\Music\Journey\Journey-Don't Stop Believin'.mp3,.mp3
H:\Music\Journey\Journey-Escape.mp3,.mp3
H:\Music\Journey\Journey-Keep on Runnin'.mp3,.mp3
H:\Music\Journey\Journey-Lay It Down.mp3,.mp3
"H:\Music\Journey\Journey-Lovin', Touchin', Squeezin'.mp3",.mp3
H:\Music\Journey\Journey-Stone in Love.mp3,.mp3
H:\Music\Journey\Journey-Wheel in the Sky.mp3,.mp3
H:\Music\Journey\Journey's Greatest Hits\Journey-Any Way You Want It.mp3,.mp3
H:\Music\Journey\Journey's Greatest Hits\Journey-Ask the Lonely.mp3,.mp3
H:\Music\Journey\Journey's Greatest Hits\Journey-Be Good to Yourself.mp3,.mp3
H:\Music\Journey\Journey's Greatest Hits\Journey-Faithfully.mp3,.mp3
H:\Music\Journey\Journey's Greatest Hits\Journey-Lights.mp3,.mp3
H:\Music\Journey\Journey's Greatest Hits\Journey-Only the Young.mp3,.mp3
H:\Music\Journey\Journey's Greatest Hits\Journey-Open Arms.mp3,.mp3
H:\Music\Journey\Journey's Greatest Hits\Journey-Send Her My Love.mp3,.mp3
H:\Music\Journey\Journey's Greatest Hits\Journey-Separate Ways (Worlds Apart).mp3,.mp3
H:\Music\Journey\Journey's Greatest Hits\Journey-Who's Crying Now.mp3,.mp3
H:\Music\Julian Lennon\Julian Lennon-Too Late For Goodbyes.mp3,.mp3
H:\Music\Julian Lennon\Julian Lennon-Valotte.mp3,.mp3
H:\Music\Junior Parker\Junior Parker - The Things I Used To Do.mp3,.mp3
H:\Music\Junior White\Junior Wells-(I Can't Get No) Satisfaction.mp3,.mp3
H:\Music\Kansas\Kansas-Carry on Wayward Son.mp3,.mp3
H:\Music\Kate Bush\Kate Bush-Wuthering Heights.mp3,.mp3
H:\Music\Kathy Mattea\Kathy Mattea-Daddy's Hands.mp3,.mp3
H:\Music\Kathy Mattea\Kathy Mattea-Eighteen Wheels and a Dozen Roses.mp3,.mp3
H:\Music\Kathy Mattea\Kathy Mattea-Walking Away A Winner.mp3,.mp3
H:\Music\Keb' Mo'\Keb' Mo' - I'm On Your Side.mp3,.mp3
H:\Music\Keith Woodrow\Keith Woodrow - Don't Tell Your Children.mp3,.mp3
H:\Music\Keith Woodrow\Keith Woodrow - Double Trouble.mp3,.mp3
H:\Music\Keith Woodrow\Keith Woodrow - Floatin' Bridge.mp3,.mp3
H:\Music\Keith Woodrow\Keith Woodrow - Four Till Late.mp3,.mp3
H:\Music\Keith Woodrow\Keith Woodrow - Highwater Blues.mp3,.mp3
H:\Music\Keith Woodrow\Keith Woodrow - If I Had Possession Over Judgement Day.mp3,.mp3
H:\Music\Keith Woodrow\Keith Woodrow - Love In Vain.mp3,.mp3
H:\Music\Keith Woodrow\Keith Woodrow - Love You Pretty Baby.mp3,.mp3
H:\Music\Keith Woodrow\Keith Woodrow - Me And The Devil.mp3,.mp3
H:\Music\Keith Woodrow\Keith Woodrow - Standin' Around Crying.mp3,.mp3
H:\Music\Keith Woodrow\Keith Woodrow - Stones In My Passway.mp3,.mp3
H:\Music\Keith Woodrow\Keith Woodrow - Stop Breaking Down.mp3,.mp3
H:\Music\Keith Woodrow\Keith Woodrow - You Shook Me.mp3,.mp3
H:\Music\Kelly Joe Phelps\Kelly Joe Phelps-Capman Bootman.mp3,.mp3
H:\Music\Kelly Joe Phelps\Kelly Joe Phelps-Dock Boggs Country Blues.mp3,.mp3
H:\Music\Kelly Joe Phelps\Kelly Joe Phelps-Goodnight Irene.mp3,.mp3
H:\Music\Kelly Joe Phelps\Kelly Joe Phelps-Hobo's Son.mp3,.mp3
H:\Music\Kelly Joe Phelps\Kelly Joe Phelps-Katy.mp3,.mp3
H:\Music\Kelly Joe Phelps\Kelly Joe Phelps-Many A Time.mp3,.mp3
H:\Music\Kelly Joe Phelps\Kelly Joe Phelps-Piece By Piece.mp3,.mp3
H:\Music\Kelly Joe Phelps\Kelly Joe Phelps-River Rat Jimmy.mp3,.mp3
H:\Music\Kelly Joe Phelps\Kelly Joe Phelps-The House Carpenter.mp3,.mp3
H:\Music\Kelly Joe Phelps\Kelly Joe Phelps-Train Carried My Girl From Town.mp3,.mp3
H:\Music\Kelly Joe Phelps\Kelly Joe Phelps-Wandering Away.mp3,.mp3
H:\Music\Ken Hamm\Ken Hamm-32-20 Blues.mp3,.mp3
H:\Music\Ken Hamm\Ken Hamm-Bourgeois Blues.mp3,.mp3
H:\Music\Ken Hamm\Ken Hamm-Bring It On Home.mp3,.mp3
H:\Music\Ken Hamm\Ken Hamm-Can't Judge A Book - Who Do You Love.mp3,.mp3
H:\Music\Ken Hamm\Ken Hamm-Candyman Blues.mp3,.mp3
H:\Music\Ken Hamm\Ken Hamm-Come In My Kitchen.mp3,.mp3
H:\Music\Ken Hamm\Ken Hamm-Crow Jane.mp3,.mp3
H:\Music\Ken Hamm\Ken Hamm-Dig Myself A Hole.mp3,.mp3
H:\Music\Ken Hamm\Ken Hamm-Duncan And Brady.mp3,.mp3
H:\Music\Ken Hamm\Ken Hamm-From A Buick Six.mp3,.mp3
H:\Music\Ken Hamm\Ken Hamm-From Four Until Late.mp3,.mp3
H:\Music\Ken Hamm\Ken Hamm-I Can't Be Satisfied.mp3,.mp3
H:\Music\Ken Hamm\Ken Hamm-Pony Boy.mp3,.mp3
H:\Music\Ken Hamm\Ken Hamm-Poor Boy Long Ways From Home.mp3,.mp3
H:\Music\Ken Hamm\Ken Hamm-Prodigal Son.mp3,.mp3
H:\Music\Ken Hamm\Ken Hamm-Relax Your Mind.mp3,.mp3
H:\Music\Ken Hamm\Ken Hamm-Seventh Son.mp3,.mp3
H:\Music\Ken Hamm\Ken Hamm-Shake It and Break It.mp3,.mp3
H:\Music\Ken Hamm\Ken Hamm-She Moves Me.mp3,.mp3
H:\Music\Ken Hamm\Ken Hamm-When You Got A Good Friend.mp3,.mp3
H:\Music\Kenny Loggins\Kenny Loggins-Caddy Shack Theme.mp3,.mp3
H:\Music\Kenny Loggins\Kenny Loggins-Danger Zone.mp3,.mp3
H:\Music\Kenny Loggins\Kenny Loggins-Forever.mp3,.mp3
H:\Music\Kenny Loggins\Kenny Loggins-The Last Unicorn.mp3,.mp3
H:\Music\Kenny Rogers\Daytime Friends - The Very Best of Kenny\Kenny Rogers-Lady.mp3,.mp3
H:\Music\Kenny Wayne Shepherd\Trouble Is.._\Kenny Wayne Shepard - Blue On Black.mp3,.mp3
H:\Music\Kid Rock\Kid Rock-All Summer Long.mp3,.mp3
H:\Music\Kid Rock\Kid Rock-Amen.mp3,.mp3
H:\Music\Kim Carnes\Kim Carnes-Bette Davis Eyes.mp3,.mp3
H:\Music\Kim Mitchell\Kim Mitchell-Go For Soda.mp3,.mp3
H:\Music\Kim Mitchell\Kim Mitchell-Lager & Ale.mp3,.mp3
H:\Music\Kim Mitchell\Rockland\Kim Mitchell-Rock & Roll Duty.mp3,.mp3
H:\Music\Kiss\Kiss-Domino.mp3,.mp3
H:\Music\Klaatu\Klaatu-Calling Occupants Of Interplanetary Craft.mp3,.mp3
H:\Music\Koko Taylor\Koko Taylor-Big Boss Man.mp3,.mp3
H:\Music\Koko Taylor\Koko Taylor-I Got What It Takes.mp3,.mp3
H:\Music\Koko Taylor\Koko Taylor-Wang Dang Doodle.mp3,.mp3
H:\Music\Kylie Minogue\Kylie Minogue-I cant get you out of my head.mp3,.mp3
H:\Music\Kylie Minogue\Kylie Minogue-The Loco-Motion.mp3,.mp3
H:\Music\Lacy Gibson\Lacy Gibson-You Better Be Sure.mp3,.mp3
H:\Music\Laith Al-Saadi\Real\Laith Al-Saadi - Complete Disgrace.mp3,.mp3
H:\Music\Laith Al-Saadi\Real\Laith Al-Saadi - Gone (Alternate Take).mp3,.mp3
H:\Music\Laith Al-Saadi\Real\Laith Al-Saadi - Gone.mp3,.mp3
H:\Music\Laith Al-Saadi\Real\Laith Al-Saadi - How It's Gonna Be.mp3,.mp3
H:\Music\Laith Al-Saadi\Real\Laith Al-Saadi - Last Time You'll See Me Cry.mp3,.mp3
H:\Music\Laith Al-Saadi\Real\Laith Al-Saadi - Ophelia.mp3,.mp3
H:\Music\Laith Al-Saadi\Real\Laith Al-Saadi - What It Means (Alternate Take).mp3,.mp3
H:\Music\Laith Al-Saadi\Real\Laith Al-Saadi - What It Means.mp3,.mp3
H:\Music\Laith Al-Saadi\The Voice Performance\Laith Al-Saadi - Born Under a Bad Sign.mp3,.mp3
H:\Music\Laith Al-Saadi\The Voice Performance\Laith Al-Saadi - In Your Eyes.mp3,.mp3
H:\Music\Laith Al-Saadi\The Voice Performance\Laith Al-Saadi - Make It Rain.mp3,.mp3
H:\Music\Laith Al-Saadi\The Voice Performance\Laith Al-Saadi - Morning Light.mp3,.mp3
H:\Music\Laith Al-Saadi\The Voice Performance\Laith Al-Saadi - Turn it Around.mp3,.mp3
H:\Music\Laith Al-Saadi\The Voice Performance\Laith Al-Saadi - We've Got Tonight.mp3,.mp3
H:\Music\Laith Al-Saadi\The Voice Performance\Laith Al-Saadi - White Room.mp3,.mp3
H:\Music\Laith Al-Saadi\The Voice Performance\Laith Al-Saadi - With a Little Help From My Friends.mp3,.mp3
H:\Music\Larry Davis\Larry Davis-Angels In Houston.mp3,.mp3
H:\Music\Larry McCray\Larry McCray-Midnight Rambler.mp3,.mp3
H:\Music\Laura Branigan\Laura Branigan-Gloria.mp3,.mp3
H:\Music\Laura Branigan\Laura Branigan-Self Control.mp3,.mp3
H:\Music\Leadbelly\Leadbelly - Bring Me Lil Water Silvy.mp3,.mp3
H:\Music\Leadbelly\Leadbelly - Midnight Special.mp3,.mp3
H:\Music\Leadbelly\Leadbelly - You Don't Know My Mind.mp3,.mp3
H:\Music\Leadbelly\Leadbelly-Blue Tail Fly.mp3,.mp3
H:\Music\Leadbelly\Leadbelly-Easy Rider.mp3,.mp3
H:\Music\Leadbelly\Leadbelly-Fort Worth And Dallas Blues.mp3,.mp3
H:\Music\Leadbelly\Leadbelly-Good Morning Blues.mp3,.mp3
H:\Music\Leadbelly\Leadbelly-Where Did You Sleep Last Night.mp3,.mp3
H:\Music\Led Zepplin\Led Zeppelin-Black Dog.mp3,.mp3
H:\Music\Led Zepplin\Led Zeppelin-Rock and Roll.mp3,.mp3
H:\Music\Led Zepplin\Led Zeppelin-Stairway to Heaven.mp3,.mp3
H:\Music\Lena Horn\Lena Horn-Frankie & Johnny.mp3,.mp3
H:\Music\Lena Horn\Lena Horn-Unlucky Woman.mp3,.mp3
H:\Music\Leroy Carr\Leroy Carr-Stormy Night Blues.mp3,.mp3
H:\Music\Lifehouse\Lifehouse-Hanging By a Moment.mp3,.mp3
H:\Music\Lightnin' Hopkins\Lightnin' Hopkins - Blues Is A Feeling.mp3,.mp3
H:\Music\Lightnin' Hopkins\Lightnin' Hopkins - Cryin'Shame.mp3,.mp3
H:\Music\Lightnin' Hopkins\Lightnin' Hopkins - Lightnin's Blues.mp3,.mp3
H:\Music\Lightnin' Hopkins\Lightnin' Hopkins - Shotgun Blues.mp3,.mp3
H:\Music\Lightnin' Hopkins\Lightnin' Hopkins - Suicide Blues.mp3,.mp3
H:\Music\Lightnin' Hopkins\Lightnin' Hopkins - Trouble In Mind.mp3,.mp3
H:\Music\Lightnin' Hopkins\Lightnin' Hopkins - Your Own Fault Baby To Treat Me The Way You Do.mp3,.mp3
H:\Music\Lightnin' Hopkins\Lightnin' Hopkins-Awful Dreams.mp3,.mp3
H:\Music\Lightnin' Hopkins\Lightnin' Hopkins-Black Cat Blues.mp3,.mp3
H:\Music\Lightnin' Hopkins\Lightnin' Hopkins-Let Me Play With Your Poodle.mp3,.mp3
H:\Music\Lightnin' Hopkins\Lightnin' Hopkins-Shine On Moon.mp3,.mp3
H:\Music\Lightnin' Hopkins\Lightnin' Hopkins-Short Haired Woman.mp3,.mp3
H:\Music\Lightnin' Hopkins\Lightnin' Hopkins-Shotgun.mp3,.mp3
H:\Music\Lightnin' Hopkins\Lightnin' Hopkins-Wonder Why.mp3,.mp3
H:\Music\Lindsey Buckingham\Lindsey Buckingham-Trouble.mp3,.mp3
"H:\Music\Lisa Brokop\Lisa Brokop-Faith, Hope & Love (Not So Far Away).mp3",.mp3
H:\Music\Lisa Brokop\Lisa Brokop-I'd Like To See You Try.mp3,.mp3
H:\Music\Lisa Brokop\Lisa Brokop-Take That.mp3,.mp3
H:\Music\Little Junior Parker\Little Junior Parker - Don't Throw Your Love On Me So Strong.mp3,.mp3
H:\Music\Little Junior Parker\Little Junior Parker - Hey Pretty Baby.mp3,.mp3
H:\Music\Little Junior Parker\Little Junior Parker - I Need Your Love So Bad.mp3,.mp3
H:\Music\Little Milton\Little Milton-A Touch Of The Blues.mp3,.mp3
H:\Music\Little Milton\Little Milton-Blind Man.mp3,.mp3
H:\Music\Little Milton\Little Milton-We're Gonna Make It.mp3,.mp3
H:\Music\Little Miss Higgins\Little Miss Higgins - St. Louis Blues.mp3,.mp3
H:\Music\Little Miss Higgins\Little Miss Higgins - The Dirty Ol Tractor Song (Live).mp3,.mp3
H:\Music\Little Miss Higgins\Little Miss Higgins - Wash These Blues Away.mp3,.mp3
H:\Music\Little Miss Higgins\Little Miss Higgins-Broadcast Boogie.mp3,.mp3
H:\Music\Little Miss Higgins\Little Miss Higgins-Give Your Mama One Smile.mp3,.mp3
H:\Music\Little Miss Higgins\Little Miss Higgins-Gone for Good.mp3,.mp3
H:\Music\Little Miss Higgins\Little Miss Higgins-I'm Gonna Bake My Biscuits.mp3,.mp3
H:\Music\Little Miss Higgins\Little Miss Higgins-Numb Foot Strut.mp3,.mp3
H:\Music\Little Miss Higgins\Little Miss Higgins-Pete's Back Shack Blues.mp3,.mp3
H:\Music\Little Miss Higgins\Little Miss Higgins-The Silvertone Swing.mp3,.mp3
"H:\Music\Little Miss Higgins\Little Miss Higgins-You Turn Me On, I'm a Radio.mp3",.mp3
H:\Music\Little Richard\Little Richard - Lucille.mp3,.mp3
H:\Music\Little Texas\Little Texas-Peaceful Easy Feeling.mp3,.mp3
H:\Music\Little Walter\Little Walter - Juke.mp3,.mp3
H:\Music\Lonesome Sundown\Lonesome Sundown-Steppin' Up In Class.mp3,.mp3
H:\Music\Long John Baldry\Long John Baldry-Morning Dew.mp3,.mp3
H:\Music\Lonnie Johnson\Lonnie Johnson-I Have To Do My Time.mp3,.mp3
H:\Music\Lonnie Johnson\Lonnie Johnson-Low Down St. Louis Blues.mp3,.mp3
H:\Music\Lorde\Pure Heroine\Lorde-400 Lux.mp3,.mp3
H:\Music\Lorde\Pure Heroine\Lorde-A World Alone.mp3,.mp3
H:\Music\Lorde\Pure Heroine\Lorde-Buzzcut Season.mp3,.mp3
H:\Music\Lorde\Pure Heroine\Lorde-Glory and Gore.mp3,.mp3
H:\Music\Lorde\Pure Heroine\Lorde-Ribs.mp3,.mp3
H:\Music\Lorde\Pure Heroine\Lorde-Royals.mp3,.mp3
H:\Music\Lorde\Pure Heroine\Lorde-Still Sane.mp3,.mp3
H:\Music\Lorde\Pure Heroine\Lorde-Team.mp3,.mp3
H:\Music\Lorde\Pure Heroine\Lorde-Tennis Court.mp3,.mp3
H:\Music\Lorde\Pure Heroine\Lorde-White Teeth Teens.mp3,.mp3
H:\Music\Loreena McKennit\Loreena McKennitt-The Mummers' Dance.mp3,.mp3
H:\Music\Lorin Maazel\Wagner- Overtures\Philharmonia Orchestra-Der fliegende Hollander.mp3,.mp3
H:\Music\Lorin Maazel\Wagner- Overtures\Philharmonia Orchestra-Die Meistersinger Von Nurnberg.mp3,.mp3
H:\Music\Lorin Maazel\Wagner- Overtures\Philharmonia Orchestra-Rienzi.mp3,.mp3
H:\Music\Lorin Maazel\Wagner- Overtures\Philharmonia Orchestra-Tannhauser.mp3,.mp3
H:\Music\Lorrie Morgan\Greatest Hits\Lorrie Morgan-Except for Monday.mp3,.mp3
H:\Music\Lorrie Morgan\Greatest Hits\Lorrie Morgan-Five Minutes.mp3,.mp3
H:\Music\Lorrie Morgan\Greatest Hits\Lorrie Morgan-Something in Red.mp3,.mp3
H:\Music\Lorrie Morgan\Greatest Hits\Lorrie Morgan-Watch Me.mp3,.mp3
H:\Music\Lorrie Morgan\Greatest Hits\Lorrie Morgan-What Part of No.mp3,.mp3
H:\Music\Los Lobos\Los Lobos-La Bamba.mp3,.mp3
H:\Music\Los Lonely Boys\Sacred\Los Lonely Boys-Diamonds.mp3,.mp3
H:\Music\Los Lonely Boys\Sacred\Los Lonely Boys-Home.mp3,.mp3
H:\Music\Los Lonely Boys\Sacred\Los Lonely Boys-I Never Met A Woman.mp3,.mp3
H:\Music\Los Lonely Boys\Sacred\Los Lonely Boys-Iselia (bonus track).mp3,.mp3
H:\Music\Los Lonely Boys\Sacred\Los Lonely Boys-Living My Life.mp3,.mp3
H:\Music\Los Lonely Boys\Sacred\Los Lonely Boys-Memories.mp3,.mp3
H:\Music\Los Lonely Boys\Sacred\Los Lonely Boys-My Loneliness.mp3,.mp3
H:\Music\Los Lonely Boys\Sacred\Los Lonely Boys-My Way.mp3,.mp3
H:\Music\Los Lonely Boys\Sacred\Los Lonely Boys-One More Day.mp3,.mp3
H:\Music\Los Lonely Boys\Sacred\Los Lonely Boys-Orale.mp3,.mp3
H:\Music\Los Lonely Boys\Sacred\Los Lonely Boys-Outlaws.mp3,.mp3
H:\Music\Los Lonely Boys\Sacred\Los Lonely Boys-Oye Mamacita.mp3,.mp3
H:\Music\Los Lonely Boys\Sacred\Los Lonely Boys-Roses.mp3,.mp3
H:\Music\Los Lonely Boys\Sacred\Los Lonely Boys-Texican Style.mp3,.mp3
H:\Music\Lou Ann Barton\Lou Ann Barton-Shake Your Hips.mp3,.mp3
H:\Music\Louis Armstrong\Louis Armstrong - St. Louis Blues.mp3,.mp3
H:\Music\Louisiana Red\Louisiana Red - (I'm A) King Bee.mp3,.mp3
H:\Music\Louisiana Red\Louisiana Red - Sweet Blood Call.mp3,.mp3
H:\Music\Louisiana Red\Louisiana Red - Sweet Home Chicago.mp3,.mp3
H:\Music\Louisiana Red\Louisiana Red - Sweet Little Angel.mp3,.mp3
H:\Music\Louisiana Red\Louisiana Red-Lightnin' Bug.mp3,.mp3
H:\Music\Lowell Fulson\Lowell Fulson - Black Nights.mp3,.mp3
H:\Music\Lowell Fulson\Lowell Fulson - Everyday I Have The Blues.mp3,.mp3
H:\Music\Lucky Peterson\Lucky Peterson-Under My Thumb.mp3,.mp3
H:\Music\Luther Allison\Luther Allison-You Can't Always Get What You Want.mp3,.mp3
H:\Music\Lynyrd Skynyrd\Skynyrd's Innyrds- Greatest Hits\Lynyrd Skynyrd - Free Bird.mp3,.mp3
H:\Music\Lynyrd Skynyrd\Skynyrd's Innyrds- Greatest Hits\Lynyrd Skynyrd-Call Me the Breeze.mp3,.mp3
H:\Music\Lynyrd Skynyrd\Skynyrd's Innyrds- Greatest Hits\Lynyrd Skynyrd-Don't Ask Me No Questions.mp3,.mp3
H:\Music\Lynyrd Skynyrd\Skynyrd's Innyrds- Greatest Hits\Lynyrd Skynyrd-Gimme Three Steps.mp3,.mp3
H:\Music\Lynyrd Skynyrd\Skynyrd's Innyrds- Greatest Hits\Lynyrd Skynyrd-Swamp Music.mp3,.mp3
H:\Music\Lynyrd Skynyrd\Skynyrd's Innyrds- Greatest Hits\Lynyrd Skynyrd-Sweet Home Alabama.mp3,.mp3
H:\Music\Lynyrd Skynyrd\Skynyrd's Innyrds- Greatest Hits\Lynyrd Skynyrd-That Smell.mp3,.mp3
H:\Music\Lynyrd Skynyrd\Skynyrd's Innyrds- Greatest Hits\Lynyrd Skynyrd-Truck Drivin' Man.mp3,.mp3
H:\Music\Lynyrd Skynyrd\Skynyrd's Innyrds- Greatest Hits\Lynyrd Skynyrd-What's Your Name.mp3,.mp3
H:\Music\Madonna\Madonna - Die Another Day.mp3,.mp3
H:\Music\Madonna\Madonna - La Isla Bonita.mp3,.mp3
H:\Music\Madonna\Madonna-Like a Prayer.mp3,.mp3
H:\Music\Mae Moore\Mae Moore-Charlie Picked His Apple.mp3,.mp3
H:\Music\Mae Moore\Mae Moore-Compass.mp3,.mp3
H:\Music\Mae Moore\Mae Moore-Don't Miss My Misery.mp3,.mp3
H:\Music\Mae Moore\Mae Moore-Here and Gone.mp3,.mp3
H:\Music\Mae Moore\Mae Moore-Hold On.mp3,.mp3
H:\Music\Mae Moore\Mae Moore-In Your Arms Again.mp3,.mp3
H:\Music\Mae Moore\Mae Moore-Little Wing.mp3,.mp3
H:\Music\Mae Moore\Mae Moore-Oh My.mp3,.mp3
H:\Music\Mae Moore\Mae Moore-Stepping Through Fire.mp3,.mp3
H:\Music\Mae Moore\Mae Moore-Tell Me.mp3,.mp3
H:\Music\Mae Moore\Mae Moore-Troubled Ways.mp3,.mp3
H:\Music\Maggie Reilly\Maggie Reilly-Every Single Heartbeat.mp3,.mp3
H:\Music\Maggie Reilly\Maggie Reilly-Everytime We Touch.mp3,.mp3
H:\Music\Magic Sam\Magic Sam - Gangster Blues.mp3,.mp3
H:\Music\Magic Sam\Magic Sam-Barbecue Blues.mp3,.mp3
H:\Music\Marc Cohn\Marc Cohn-Walking in Memphis.mp3,.mp3
H:\Music\Marcia Ball\Marcia Ball-Don't You Know I Love You.mp3,.mp3
H:\Music\Maria Muldaur\Maria Muldaur with Bonnie Raitt-Separation Blues (With Bonnie Raitt).mp3,.mp3
H:\Music\Maria Muldaur\Maria Muldaur-A Woman Alone With The Blues.mp3,.mp3
H:\Music\Maria Muldaur\Maria Muldaur-Ain't What You Used To Have.mp3,.mp3
H:\Music\Maria Muldaur\Maria Muldaur-Black Coffee.mp3,.mp3
H:\Music\Maria Muldaur\Maria Muldaur-Decent Woman Blues.mp3,.mp3
H:\Music\Maria Muldaur\Maria Muldaur-Everything Is Moving Too Fast.mp3,.mp3
H:\Music\Maria Muldaur\Maria Muldaur-Fever.mp3,.mp3
H:\Music\Maria Muldaur\Maria Muldaur-For Every Man There's A Woman.mp3,.mp3
H:\Music\Maria Muldaur\Maria Muldaur-I Don't Know Enough About You.mp3,.mp3
H:\Music\Maria Muldaur\Maria Muldaur-I'm Goin' Back.mp3,.mp3
H:\Music\Maria Muldaur\Maria Muldaur-I'm Gonna Go Fishin'.mp3,.mp3
H:\Music\Maria Muldaur\Maria Muldaur-Midnight At The Oasis (I'm A Woman).mp3,.mp3
H:\Music\Maria Muldaur\Maria Muldaur-Moments Like This.mp3,.mp3
H:\Music\Maria Muldaur\Maria Muldaur-Some Cats Know.mp3,.mp3
H:\Music\Maria Muldaur\Maria Muldaur-Take A Stand.mp3,.mp3
H:\Music\Maria Muldaur\Maria Muldaur-The Freedom Train.mp3,.mp3
H:\Music\Maria Muldaur\Maria Muldaur-Waitin' For The Train To Come In.mp3,.mp3
H:\Music\Maria Muldaur\Maria Muldaur-Winter Weather.mp3,.mp3
H:\Music\Mark Chestnutt\Mark Chesnutt-Goin' Through The Big D.mp3,.mp3
H:\Music\Maroon 5\It Won't Be Soon Before Long\Maroon 5-Back at Your Door.mp3,.mp3
H:\Music\Maroon 5\It Won't Be Soon Before Long\Maroon 5-Better That We Break.mp3,.mp3
H:\Music\Maroon 5\It Won't Be Soon Before Long\Maroon 5-Can't Stop.mp3,.mp3
H:\Music\Maroon 5\It Won't Be Soon Before Long\Maroon 5-Goodnight Goodnight.mp3,.mp3
H:\Music\Maroon 5\It Won't Be Soon Before Long\Maroon 5-If I Never See Your Face Again.mp3,.mp3
H:\Music\Maroon 5\It Won't Be Soon Before Long\Maroon 5-Kiwi.mp3,.mp3
H:\Music\Maroon 5\It Won't Be Soon Before Long\Maroon 5-Little of Your Time.mp3,.mp3
H:\Music\Maroon 5\It Won't Be Soon Before Long\Maroon 5-Makes Me Wonder.mp3,.mp3
H:\Music\Maroon 5\It Won't Be Soon Before Long\Maroon 5-Not Falling Apart.mp3,.mp3
H:\Music\Maroon 5\It Won't Be Soon Before Long\Maroon 5-Nothing Lasts Forever.mp3,.mp3
H:\Music\Maroon 5\It Won't Be Soon Before Long\Maroon 5-Wake Up Call.mp3,.mp3
H:\Music\Maroon 5\It Won't Be Soon Before Long\Maroon 5-Won't Go Home Without You.mp3,.mp3
H:\Music\Maroon 5\V\Maroon 5-Animals.mp3,.mp3
H:\Music\Maroon 5\V\Maroon 5-Coming Back For You.mp3,.mp3
H:\Music\Maroon 5\V\Maroon 5-Feelings.mp3,.mp3
H:\Music\Maroon 5\V\Maroon 5-In Your Pocket.mp3,.mp3
H:\Music\Maroon 5\V\Maroon 5-It Was Always You.mp3,.mp3
H:\Music\Maroon 5\V\Maroon 5-Leaving California.mp3,.mp3
H:\Music\Maroon 5\V\Maroon 5-Maps.mp3,.mp3
H:\Music\Maroon 5\V\Maroon 5-My Heart Is Open.mp3,.mp3
H:\Music\Maroon 5\V\Maroon 5-New Love.mp3,.mp3
H:\Music\Maroon 5\V\Maroon 5-Sugar.mp3,.mp3
H:\Music\Maroon 5\V\Maroon 5-Unkiss Me.mp3,.mp3
H:\Music\Martha & nThe Vandellas\Martha & the Vandellas-Nowhere to Run.mp3,.mp3
H:\Music\Marty Stuart\Marty Stuart & Travis Tritt-Double Trouble.mp3,.mp3
H:\Music\Marty Stuart\Marty Stuart-Burn Me Down.mp3,.mp3
H:\Music\Marty Stuart\Marty Stuart-Cry Cry Cry.mp3,.mp3
H:\Music\Marty Stuart\Marty Stuart-Doin' My Time.mp3,.mp3
H:\Music\Marty Stuart\Marty Stuart-Hey Baby.mp3,.mp3
H:\Music\Marty Stuart\Marty Stuart-High on a Mountain Top.mp3,.mp3
H:\Music\Marty Stuart\Marty Stuart-Honkey Tonk Crowd.mp3,.mp3
H:\Music\Marty Stuart\Marty Stuart-Honky Tonkin's What I Do Best (Duet With Travis Tritt).mp3,.mp3
H:\Music\Marty Stuart\Marty Stuart-Me & Hank & Jumpin' Jack Flash.mp3,.mp3
H:\Music\Marty Stuart\Marty Stuart-Tempted.mp3,.mp3
H:\Music\Marty Stuart\20th Century Masters - The Millennium Collection- The Best of Marty Stuart\Marty Stuart-Hillbilly Rock.mp3,.mp3
"H:\Music\Marty Stuart\20th Century Masters - The Millennium Collection- The Best of Marty Stuart\Marty Stuart-Kiss Me, I'm Gone.mp3",.mp3
H:\Music\Marty Stuart\20th Century Masters - The Millennium Collection- The Best of Marty Stuart\Marty Stuart-Little Things.mp3,.mp3
"H:\Music\Marty Stuart\20th Century Masters - The Millennium Collection- The Best of Marty Stuart\Marty Stuart-This One's Gonna Hurt You (For a Long, Long Time).mp3",.mp3
H:\Music\Marty Stuart\20th Century Masters - The Millennium Collection- The Best of Marty Stuart\Marty Stuart-Till I Found You.mp3,.mp3
H:\Music\Marty Stuart\20th Century Masters - The Millennium Collection- The Best of Marty Stuart\Marty Stuart-Western Girls.mp3,.mp3
H:\Music\Marty Stuart\20th Century Masters - The Millennium Collection- The Best of Marty Stuart\Marty Stuart-You Can't Stop Love.mp3,.mp3
H:\Music\Mary Chapin Carpenter\Mary Chapin Carpenter-Down At The Twist And Shout.mp3,.mp3
H:\Music\Mary Sarah\The Voice Performance\Mary Sarah - I Never Promised You A) Rose Garden.mp3,.mp3
H:\Music\Mary Sarah\The Voice Performance\Mary Sarah - Jolene (feat. Dolly Parton).mp3,.mp3
H:\Music\Matchbox Twenty\Matchbox 20-Breakfast at Tiffany's.mp3,.mp3
H:\Music\Matchbox Twenty\Matchbox 20-Hows It gonna be.mp3,.mp3
H:\Music\Matchbox Twenty\Matchbox 20-Push.mp3,.mp3
H:\Music\Matchbox Twenty\Matchbox 20-Shame.mp3,.mp3
H:\Music\Matchbox Twenty\Matchbox 20-Unwell.mp3,.mp3
H:\Music\Matt McAndrew\Drops of Jupiter\Matt McAndrew-Drops of Jupiter (The Voice Performance).mp3,.mp3
H:\Music\Matt McAndrew\God Only Knows\Matt McAndrew-God Only Knows (The Voice Performance).mp3,.mp3
H:\Music\Matt McAndrew\Make It Rain\Matt McAndrew-Make It Rain (The Voice Performance).mp3,.mp3
H:\Music\Matt McAndrew\Take Me To Church\Matt McAndrew-Take Me To Church.mp3,.mp3
H:\Music\Matt McAndrew\The Blowers Daughter\Matt McAndrew-The Blower's Daughter (The Voice Performance).mp3,.mp3
H:\Music\Matt McAndrew\View of the Pines\Matt McAndrew-Angel.mp3,.mp3
H:\Music\Matt McAndrew\Wasted Love\Matt McAndrew-Wasted Love (The Voice Performance).mp3,.mp3
H:\Music\Max Webster\Max Webster-Diamonds Diamonds.mp3,.mp3
H:\Music\Max Webster\Max Webster-paradise skies.mp3,.mp3
H:\Music\Melissa Etheridge\Melissa Etheridge-Bring Me Some Water.mp3,.mp3
H:\Music\Memphis Minnie\Memphis Minnie McCoy-Weary Woman Blues.mp3,.mp3
H:\Music\Memphis Minnie\Memphis Minnie-Me And My Chauffeur Blues.mp3,.mp3
H:\Music\Memphis Minnie\Memphis Minnie-Nothin' In Ramblin'.mp3,.mp3
H:\Music\Memphis Slim\Memphis Slim & Buddy Guy - When Buddy Comes To Town.mp3,.mp3
H:\Music\Memphis Slim\Memphis Slim & Roosevelt Sykes - Mr. Sykes Blues.mp3,.mp3
H:\Music\Memphis Slim\Memphis Slim - Cow Cow Blues.mp3,.mp3
H:\Music\Memphis Slim\Memphis Slim - Going Back To Tennessee.mp3,.mp3
H:\Music\Memphis Slim\Memphis Slim - How Long Blues.mp3,.mp3
H:\Music\Memphis Slim\Memphis Slim - Lonesome In My Bedroom.mp3,.mp3
H:\Music\Memphis Slim\Memphis Slim - Three Women Blues.mp3,.mp3
H:\Music\Memphis Slim\Memphis Slim Cannned Heat - When I Was Young.mp3,.mp3
H:\Music\Memphis Slim\Memphis Slim-Born With The Blues.mp3,.mp3
H:\Music\Memphis Slim\Memphis Slim-Rockin' Chair Blues.mp3,.mp3
H:\Music\Men At Work\Men At Work-Down Under.mp3,.mp3
H:\Music\Men At Work\Men At Work-Who Can It Be Now.mp3,.mp3
H:\Music\Michael Buble\Call Me Irresponsible\Michael Buble-Always On My Mind.mp3,.mp3
H:\Music\Michael Buble\Call Me Irresponsible\Michael Buble-Call Me Irresponsible.mp3,.mp3
H:\Music\Michael Buble\Call Me Irresponsible\Michael Buble-Comin' Home Baby (Duet with Boyz II Men).mp3,.mp3
H:\Music\Michael Buble\Call Me Irresponsible\Michael Buble-Dream.mp3,.mp3
H:\Music\Michael Buble\Call Me Irresponsible\Michael Buble-Everything.mp3,.mp3
H:\Music\Michael Buble\Call Me Irresponsible\Michael Buble-I'm Your Man.mp3,.mp3
H:\Music\Michael Buble\Call Me Irresponsible\Michael Buble-I've Got the World On a String.mp3,.mp3
H:\Music\Michael Buble\Call Me Irresponsible\Michael Buble-It Had Better Be Tonight (Meglio Stasera).mp3,.mp3
H:\Music\Michael Buble\Call Me Irresponsible\Michael Buble-Lost.mp3,.mp3
H:\Music\Michael Buble\Call Me Irresponsible\Michael Buble-Me and Mrs. Jones.mp3,.mp3
H:\Music\Michael Buble\Call Me Irresponsible\Michael Buble-That's Life.mp3,.mp3
H:\Music\Michael Buble\Call Me Irresponsible\Michael Buble-The Best Is Yet To Come.mp3,.mp3
H:\Music\Michael Buble\Call Me Irresponsible\Michael Buble-Wonderful Tonight (Duet with Ivan Lins).mp3,.mp3
H:\Music\Michael Buble\Crazy Love Hollywood Edition Disc 1\Michael Buble-All I Do Is Dream Of You.mp3,.mp3
H:\Music\Michael Buble\Crazy Love Hollywood Edition Disc 1\Michael Buble-All of Me.mp3,.mp3
H:\Music\Michael Buble\Crazy Love Hollywood Edition Disc 1\Michael Buble-AtThis Moment.mp3,.mp3
H:\Music\Michael Buble\Crazy Love Hollywood Edition Disc 1\Michael Buble-Baby (You Got What It Takes).mp3,.mp3
H:\Music\Michael Buble\Crazy Love Hollywood Edition Disc 1\Michael Buble-Crazy Love.mp3,.mp3
H:\Music\Michael Buble\Crazy Love Hollywood Edition Disc 1\Michael Buble-Cry Me a River.mp3,.mp3
H:\Music\Michael Buble\Crazy Love Hollywood Edition Disc 1\Michael Buble-Georgia On My Mind.mp3,.mp3
H:\Music\Michael Buble\Crazy Love Hollywood Edition Disc 1\Michael Buble-Haven't Met You Yet.mp3,.mp3
H:\Music\Michael Buble\Crazy Love Hollywood Edition Disc 1\Michael Buble-Heartache Tonight.mp3,.mp3
H:\Music\Michael Buble\Crazy Love Hollywood Edition Disc 1\Michael Buble-Hold On.mp3,.mp3
H:\Music\Michael Buble\Crazy Love Hollywood Edition Disc 1\Michael Buble-Some Kind Of Wonerful.mp3,.mp3
H:\Music\Michael Buble\Crazy Love Hollywood Edition Disc 1\Michael Buble-Stardust.mp3,.mp3
H:\Music\Michael Buble\Crazy Love Hollywood Edition Disc 1\Michael Buble-Whatever It Takes.mp3,.mp3
H:\Music\Michael Buble\Crazy Love Hollywood Edition Disc 1\Michael Buble-You're Nobody Untill Somebody Loves You.mp3,.mp3
H:\Music\Michael Buble\Crazy Love Hollywood Edition Disc 2\Michael Buble-At This Moment (Live).mp3,.mp3
H:\Music\Michael Buble\Crazy Love Hollywood Edition Disc 2\Michael Buble-Best of Me.mp3,.mp3
H:\Music\Michael Buble\Crazy Love Hollywood Edition Disc 2\Michael Buble-End of May.mp3,.mp3
H:\Music\Michael Buble\Crazy Love Hollywood Edition Disc 2\Michael Buble-Haven't Met You Yet (Live).mp3,.mp3
H:\Music\Michael Buble\Crazy Love Hollywood Edition Disc 2\Michael Buble-Heartache Tonight (Live).mp3,.mp3
H:\Music\Michael Buble\Crazy Love Hollywood Edition Disc 2\Michael Buble-Hollywood.mp3,.mp3
H:\Music\Michael Buble\Crazy Love Hollywood Edition Disc 2\Michael Buble-Me and Mrs. Jones (Live).mp3,.mp3
H:\Music\Michael Buble\Crazy Love Hollywood Edition Disc 2\Michael Buble-Twist and Shout (Live).mp3,.mp3
H:\Music\Michelle Wright\Michelle Wright-He Would Be Sixteen.mp3,.mp3
H:\Music\Michelle Wright\Now & Then\Michelle Wright-Guitar Talk.mp3,.mp3
H:\Music\Michelle Wright\Now & Then\Michelle Wright-Take It Like a Man.mp3,.mp3
H:\Music\Mickey Baker\Mickey Baker - Midnight Midnight.mp3,.mp3
H:\Music\Mickey Baker\Mickey Baker - Sun Is Going Down.mp3,.mp3
H:\Music\Mickey Baker\Mickey Baker - Sweet Home Chicago.mp3,.mp3
H:\Music\Midnight Oil\Midnight Oil-Beds Are Burning.mp3,.mp3
H:\Music\Midnight Oil\Midnight Oil-Blue Sky Mine.mp3,.mp3
H:\Music\Mike and the Mechanics\Mike and the Mechanics-All I Need is a Miracle.mp3,.mp3
H:\Music\Mike Bloomfield\Mike Bloomfield-Memphis Radio Blues.mp3,.mp3
H:\Music\Mike Oldfield\Mike Oldfield - Crimes of Passion.mp3,.mp3
H:\Music\Mike Oldfield\Mike Oldfield - Crystal Gazing.mp3,.mp3
H:\Music\Mike Oldfield\Mike Oldfield - Poison Arrows.mp3,.mp3
H:\Music\Mike Oldfield\Mike Oldfield - Talk About Your Life.mp3,.mp3
H:\Music\Mike Oldfield\Mike Oldfield - To France.mp3,.mp3
H:\Music\Mike Oldfield\Mike Oldfield - Tricks of The Light.mp3,.mp3
H:\Music\Mike Oldfield\Mike Oldfield - Tubular Bells (Part One).mp3,.mp3
H:\Music\Mike Oldfield\Mike Oldfield - Tubular Bells (Part Two).mp3,.mp3
H:\Music\Mike Oldfield\Mike Oldfield-Crises.mp3,.mp3
H:\Music\Mike Oldfield\Mike Oldfield-Family Man.mp3,.mp3
H:\Music\Mike Oldfield\Mike Oldfield-Five Miles Out.mp3,.mp3
H:\Music\Mike Oldfield\Mike Oldfield-Flying Start.mp3,.mp3
H:\Music\Mike Oldfield\Mike Oldfield-Foreign Affair.mp3,.mp3
H:\Music\Mike Oldfield\Mike Oldfield-Islands.mp3,.mp3
H:\Music\Mike Oldfield\Mike Oldfield-Magic Touch.mp3,.mp3
H:\Music\Mike Oldfield\Mike Oldfield-Man In The Rain.mp3,.mp3
H:\Music\Mike Oldfield\Mike Oldfield-Moonlight Shadow.mp3,.mp3
H:\Music\Mike Oldfield\Mike Oldfield-Mount Teidi.mp3,.mp3
H:\Music\Mike Oldfield\Mike Oldfield-North Point.mp3,.mp3
H:\Music\Mike Oldfield\Mike Oldfield-Orabidoo.mp3,.mp3
H:\Music\Mike Oldfield\Mike Oldfield-Taurus 3.mp3,.mp3
H:\Music\Mike Oldfield\Mike Oldfield-Taurus II.mp3,.mp3
H:\Music\Mike Oldfield\Mike Oldfield-The Time Has Come.mp3,.mp3
H:\Music\Mike Oldfield\Mike Oldfield-The Wind Chimes Part One.mp3,.mp3
H:\Music\Mike Oldfield\Mike Oldfield-The Wind Chimes Part Two.mp3,.mp3
H:\Music\Mississppi Fred McDowell\Mississippi Fred McDowell - Shake 'Em Down.mp3,.mp3
H:\Music\Mississppi Fred McDowell\Mississippi Fred McDowell - You Got To Move.mp3,.mp3
H:\Music\Mississppi John Hurt\Mississippi John Hurt-Ain't No Tellin'.mp3,.mp3
H:\Music\Mississppi John Hurt\Mississippi John Hurt-Big Leg Blues.mp3,.mp3
H:\Music\Molly Hatchet\Molly Hatchet-Flirtin' With Disaster.mp3,.mp3
H:\Music\Monkees\The Monkees-I'm A Believer.mp3,.mp3
H:\Music\Monkees\The Monkees-Last Train To Clarksville.mp3,.mp3
H:\Music\Moody Blues\Moody Blues-In Your Wildest Dreams.mp3,.mp3
H:\Music\Moody Blues\The Moody Blues-Knights In White Satin.mp3,.mp3
H:\Music\Morgan Frazier\The Voice Performance\Morgan Frazier-Lips of an Angel.mp3,.mp3
H:\Music\Motley Crue\Motley Crue-GirlsGirlsGirls!.mp3,.mp3
H:\Music\Motley Crue\Motley Crue-Smokin In The Boys Room.mp3,.mp3
H:\Music\Mr. Mister\Mister Mister-Broken Wings.mp3,.mp3
H:\Music\Muddy Waters\Muddy Waters - Gypsy Woman.mp3,.mp3
H:\Music\Muddy Waters\Muddy Waters - Mannish Boy.mp3,.mp3
H:\Music\Muddy Waters\Muddy Waters - Outskirts Of Town.mp3,.mp3
H:\Music\Muddy Waters\Muddy Waters - Rock Me.mp3,.mp3
H:\Music\Muddy Waters\Muddy Waters - You Gonna Need My Help.mp3,.mp3
H:\Music\Muddy Waters\Muddy Waters-All Aboard.mp3,.mp3
H:\Music\Muddy Waters\Muddy Waters-Blow Wind Blow.mp3,.mp3
H:\Music\Muddy Waters\Muddy Waters-Can't Get No Grindin' (What's The Matter With The Mean).mp3,.mp3
H:\Music\Muddy Waters\Muddy Waters-Can't Lose What You Ain't Never Had.mp3,.mp3
H:\Music\Muddy Waters\Muddy Waters-Diamonds At Your Feet.mp3,.mp3
H:\Music\Muddy Waters\Muddy Waters-Funky Butt.mp3,.mp3
H:\Music\Muddy Waters\Muddy Waters-Hard Day Blues.mp3,.mp3
H:\Music\Muddy Waters\Muddy Waters-Hard Loser.mp3,.mp3
H:\Music\Muddy Waters\Muddy Waters-I Feel Like Going Home.mp3,.mp3
H:\Music\Muddy Waters\Muddy Waters-I'm Ready.mp3,.mp3
H:\Music\Muddy Waters\Muddy Waters-Kind Hearted Woman.mp3,.mp3
H:\Music\Muddy Waters\Muddy Waters-Long Distance Call.mp3,.mp3
H:\Music\Muddy Waters\Muddy Waters-Mean Red Spider.mp3,.mp3
H:\Music\Muddy Waters\Muddy Waters-Rollin' And Tumblin'.mp3,.mp3
H:\Music\Muddy Waters\Muddy Waters-Rollin' Stone.mp3,.mp3
H:\Music\Muddy Waters\Muddy Waters-Standing Around Crying.mp3,.mp3
H:\Music\Muddy Waters\Muddy Waters-Walkin' Thru The Park.mp3,.mp3
H:\Music\Muddy Waters\Muddy Waters-You're Gonna Miss Me.mp3,.mp3
H:\Music\Mumford & Sons\Mumford & Sons-I Will Wait.mp3,.mp3
H:\Music\Nat King Cole\Nat King Cole - The Christmas Song (Merry Christmas To You).mp3,.mp3
H:\Music\Natalie MacMaster\No Boundaries\Natalie MacMaster-Bill Crawford's Set.mp3,.mp3
H:\Music\Natalie MacMaster\No Boundaries\Natalie MacMaster-Catharsis.mp3,.mp3
H:\Music\Natalie MacMaster\No Boundaries\Natalie MacMaster-Fiddle & Bow.mp3,.mp3
H:\Music\Natalie MacMaster\No Boundaries\Natalie MacMaster-My Friend Buddy.mp3,.mp3
H:\Music\Natalie MacMaster\No Boundaries\Natalie MacMaster-Paddy Leblanc's Set.mp3,.mp3
H:\Music\Natalie MacMaster\No Boundaries\Natalie MacMaster-Reel Beatrice.mp3,.mp3
H:\Music\Natalie MacMaster\No Boundaries\Natalie MacMaster-Rev. Archie Beaton.mp3,.mp3
H:\Music\Natalie MacMaster\No Boundaries\Natalie MacMaster-Silverwells.mp3,.mp3
H:\Music\Natalie MacMaster\No Boundaries\Natalie MacMaster-The Autograph.mp3,.mp3
H:\Music\Natalie MacMaster\No Boundaries\Natalie MacMaster-The Beaumont Rag.mp3,.mp3
H:\Music\Natalie MacMaster\No Boundaries\Natalie MacMaster-The Drunken Piper.mp3,.mp3
H:\Music\Natalie MacMaster\No Boundaries\Natalie MacMaster-The Honeysuckle Set.mp3,.mp3
H:\Music\Natalie MacMaster\No Boundaries\Natalie MacMaster-Where's Howie-.mp3,.mp3
H:\Music\Nazareth\Nazareth - Bad Bad Boy.mp3,.mp3
H:\Music\Nazareth\Nazareth - Broken Down Angel.mp3,.mp3
H:\Music\Nazareth\Nazareth - Hair Of The Dog.mp3,.mp3
H:\Music\Nazareth\Nazareth - Holy Roller.mp3,.mp3
H:\Music\Nazareth\Nazareth - My White Bicycle.mp3,.mp3
H:\Music\Nazareth\Nazareth - Razamanaz.mp3,.mp3
H:\Music\Nazareth\Nazareth - Shanghaid 'n' Shanghai.mp3,.mp3
H:\Music\Nazareth\Nazareth-Love Hurts.mp3,.mp3
H:\Music\Nazareth\Nazareth-This Flight Tonight.mp3,.mp3
H:\Music\Neil Diamond\Neil Diamond - If You Know What I Mean.mp3,.mp3
H:\Music\Neil Diamond\Neil Diamond-America.mp3,.mp3
H:\Music\Neil Diamond\Neil Diamond-Forever In Blue Jeans.mp3,.mp3
H:\Music\Neil Diamond\Neil Diamond-Hello Again.mp3,.mp3
H:\Music\Neil Diamond\Neil Diamond-Kentucky Woman.mp3,.mp3
H:\Music\Neil Diamond\Neil Diamond-Song Sung Blue.mp3,.mp3
H:\Music\Neil Diamond\Neil Diamond-Sweet Caroline.mp3,.mp3
H:\Music\Neil Finn\Neil Finn - Fall At Your Feet (acoustic).mp3,.mp3
H:\Music\Nickelback\Nickelback-Animals.mp3,.mp3
H:\Music\Nickelback\Nickelback-Far Away.mp3,.mp3
H:\Music\Nickelback\Nickelback-Fight for All the Wrong Reasons.mp3,.mp3
H:\Music\Nickelback\Nickelback-Follow You Home.mp3,.mp3
H:\Music\Nickelback\Nickelback-Gotta Be Somebody.mp3,.mp3
H:\Music\Nickelback\Nickelback-How You Remind Me.mp3,.mp3
H:\Music\Nickelback\Nickelback-If Everyone Cared.mp3,.mp3
H:\Music\Nickelback\Nickelback-Next Contestant.mp3,.mp3
H:\Music\Nickelback\Nickelback-Photograph.mp3,.mp3
H:\Music\Nickelback\Nickelback-Rock Star.mp3,.mp3
H:\Music\Nickelback\Nickelback-Savin' Me.mp3,.mp3
H:\Music\Nickelback\Nickelback-Side of a Bullet.mp3,.mp3
H:\Music\Nickelback\Nickelback-Someday.mp3,.mp3
H:\Music\Nickelback\Nickelback-Someone That You're With.mp3,.mp3
H:\Music\Nickelback\Nickelback-Too Bad.mp3,.mp3
H:\Music\Nickelback\No Fixed Address\Nickelback-What Are You Waiting For-.mp3,.mp3
H:\Music\Nina Simone\Nina Simone-Cotton-Eyed Joe.mp3,.mp3
H:\Music\Nina Simone\Nina Simone-Forbidden Fruit.mp3,.mp3
H:\Music\Nina Simone\Nina Simone-Gin House Blues.mp3,.mp3
H:\Music\Nitty Gritty Dirt Band\Nitty Gritty Dirt Band-Fishin in the Dark.mp3,.mp3
H:\Music\Norman Greenbaum\Norman Greenbaum-Spirit In the Sky.mp3,.mp3
H:\Music\Northern Pikes\The Northern Pikes-She Ain't Pretty.mp3,.mp3
H:\Music\Oasis\Oasis-The Shock of the Lightning.mp3,.mp3
H:\Music\One Republic\Native\OneRepublic-Counting Stars.mp3,.mp3
H:\Music\One To One\One To One-Hold Me Now.mp3,.mp3
H:\Music\Opus\Opus-Live Is Life.mp3,.mp3
H:\Music\Otis Clay\Otis Clay-Wild Horses.mp3,.mp3
H:\Music\Otis Redding\Otis Redding - Sittin' On The Dock of The Bay.mp3,.mp3
H:\Music\Otis Span\Otis Span - Worried Life Blues.mp3,.mp3
H:\Music\Otis Span\Otis Span-This Is The Blues.mp3,.mp3
H:\Music\Otis Span\Otis Spann - Worried Life Blues.mp3,.mp3
H:\Music\Otis Span\Otis Spann-My Home Is In The Delta.mp3,.mp3
H:\Music\Otis Taylor\Otis Taylor-Stone Pony.mp3,.mp3
H:\Music\Owen Danoff\The Voice Performance\Owen Danoff - Fire and Rain.mp3,.mp3
H:\Music\Owen Danoff\The Voice Performance\Owen Danoff - Hero.mp3,.mp3
H:\Music\Owen Danoff\The Voice Performance\Owen Danoff - She's Always a Woman To Me.mp3,.mp3
"H:\Music\Ozzy Osbourne\No More Tears (Bonus Track Version)\Ozzy Osbourne - Mama, I'm Coming Home.mp3",.mp3
H:\Music\Pam Tillis\Pam Tillis-All of This Love.mp3,.mp3
H:\Music\Pam Tillis\Pam Tillis-Betty's Got a Bass Boat.mp3,.mp3
"H:\Music\Pam Tillis\Pam Tillis-Cleopatra, Queen of Denial.mp3",.mp3
H:\Music\Pam Tillis\Pam Tillis-Deep Down.mp3,.mp3
H:\Music\Pam Tillis\Pam Tillis-Don't Tell Me What To Do.mp3,.mp3
H:\Music\Pam Tillis\Pam Tillis-Land of the Living.mp3,.mp3
H:\Music\Pam Tillis\Pam Tillis-Maybe It Was Memphis.mp3,.mp3
H:\Music\Pam Tillis\Pam Tillis-Shake The Sugar Tree.mp3,.mp3
H:\Music\Pam Tillis\Pam Tillis-Sunset Red and Pale Moonlight.mp3,.mp3
H:\Music\Pam Tillis\Pam Tillis-Thunder and Roses.mp3,.mp3
H:\Music\Pam Tillis\Pam Tillis-When You Walk In The Room.mp3,.mp3
H:\Music\Paper Lace\Paper Lace-Billy - Don't Be a Hero.mp3,.mp3
H:\Music\Pat Benatar\Live from Earth\Pat Benatar-Heartbreaker.mp3,.mp3
H:\Music\Pat Benatar\Live from Earth\Pat Benatar-Hell Is for Children.mp3,.mp3
H:\Music\Pat Benatar\Live from Earth\Pat Benatar-We Live for Love.mp3,.mp3
H:\Music\Pat Benetar\Pat Benatar-Hit Me With Your Best Shot.mp3,.mp3
H:\Music\Pat Benetar\Pat Benatar-Love Is A Battlefield.mp3,.mp3
H:\Music\Pat Benetar\Pat Benatar-We belong.mp3,.mp3
H:\Music\Patsy Cline\12 Greatest Hits\Patsy Cline-Crazy.mp3,.mp3
H:\Music\Patsy Cline\12 Greatest Hits\Patsy Cline-Walkin' After Midnight.mp3,.mp3
H:\Music\Patty Loveless\Patty Loveless - I'm That Kinda Girl.mp3,.mp3
H:\Music\Patty Loveless\Patty Loveless-Chains.mp3,.mp3
H:\Music\Patty Loveless\Patty Loveless-Halfway Down.mp3,.mp3
H:\Music\Patty Loveless\Patty Loveless-Here I Am.mp3,.mp3
H:\Music\Patty Loveless\Patty Loveless-I Try To Think About Elvis.mp3,.mp3
H:\Music\Patty Loveless\Patty Loveless-Lonely Too Long.mp3,.mp3
H:\Music\Patty Loveless\Patty Loveless-She Drew A Broken Heart.mp3,.mp3
H:\Music\Patty Loveless\Patty Loveless-Tear Stained Letter.mp3,.mp3
H:\Music\Patty Loveless\Patty Loveless-You Can Feel Bad.mp3,.mp3
H:\Music\Patty Loveless\Patty Loveless-You Don't Even Know Who I Am.mp3,.mp3
H:\Music\Paul DeLay Band\Paul DeLay Band-Mine All Mine.mp3,.mp3
H:\Music\Paul Lamb\Paul Lamb-Late One Evening.mp3,.mp3
H:\Music\Paul McCartney\All the Best\Paul McCartney-Another Day.mp3,.mp3
H:\Music\Paul McCartney\All the Best\Paul McCartney-Band on the Run.mp3,.mp3
H:\Music\Paul McCartney\All the Best\Paul McCartney-Coming Up [Live].mp3,.mp3
H:\Music\Paul McCartney\All the Best\Paul McCartney-Ebony and Ivory.mp3,.mp3
H:\Music\Paul McCartney\All the Best\Paul McCartney-Jet.mp3,.mp3
H:\Music\Paul McCartney\All the Best\Paul McCartney-Junior's Farm.mp3,.mp3
H:\Music\Paul McCartney\All the Best\Paul McCartney-Let 'Em In.mp3,.mp3
H:\Music\Paul McCartney\All the Best\Paul McCartney-Listen to What the Man Said.mp3,.mp3
H:\Music\Paul McCartney\All the Best\Paul McCartney-Live and Let Die.mp3,.mp3
H:\Music\Paul McCartney\All the Best\Paul McCartney-My Love.mp3,.mp3
H:\Music\Paul McCartney\All the Best\Paul McCartney-Say Say Say.mp3,.mp3
H:\Music\Paul McCartney\All the Best\Paul McCartney-Silly Love Songs.mp3,.mp3
H:\Music\Paul McCartney\All the Best\Paul McCartney-Uncle Albert-Admiral Halsey.mp3,.mp3
H:\Music\Paul McCartney\All the Best\Paul McCartney-With a Little Luck.mp3,.mp3
H:\Music\Paul Orta\Paul Orta-Babe.mp3,.mp3
H:\Music\Paul Revere & The Raiders\Paul Revere & The Raiders - Cherokee People.mp3,.mp3
H:\Music\Paul Revere & The Raiders\Paul Revere & The Raiders - Kicks.mp3,.mp3
H:\Music\Paul Rodgers\Paul Rodgers - Born Under A Bad Sign.mp3,.mp3
H:\Music\Paul Rodgers\Paul Rodgers - Good Morning Little School Girl (Part 1).mp3,.mp3
H:\Music\Paul Rodgers\Paul Rodgers - Good Morning Little School Girl (Part 2).mp3,.mp3
H:\Music\Paul Rodgers\Paul Rodgers - I Can't Be Satisfied.mp3,.mp3
H:\Music\Paul Rodgers\Paul Rodgers - I Just Want To Make Love To You.mp3,.mp3
H:\Music\Paul Rodgers\Paul Rodgers - I'm Ready.mp3,.mp3
H:\Music\Paul Rodgers\Paul Rodgers - I'm Your Hoochie Coochie Man.mp3,.mp3
H:\Music\Paul Rodgers\Paul Rodgers - Louisiana Blues.mp3,.mp3
H:\Music\Paul Rodgers\Paul Rodgers - Muddy Water Blues (Electric Version).mp3,.mp3
H:\Music\Paul Rodgers\Paul Rodgers - Muddy Water Blues [Acoustic].mp3,.mp3
H:\Music\Paul Rodgers\Paul Rodgers - Rollin' Stone.mp3,.mp3
H:\Music\Paul Rodgers\Paul Rodgers - She Moves Me.mp3,.mp3
H:\Music\Paul Rodgers\Paul Rodgers - She's Alright.mp3,.mp3
H:\Music\Paul Rodgers\Paul Rodgers - Standing Around Crying.mp3,.mp3
H:\Music\Paul Rodgers\Paul Rodgers - The Hunter.mp3,.mp3
H:\Music\Paul Simon & George Harrison\Paul Simon and George Harrison - Here Comes the Sun.mp3,.mp3
H:\Music\Pearl Bailey\Pearl Bailey-St. Louis Blues.mp3,.mp3
H:\Music\Pee Wee Crayton\Pee Wee Crayton - Blues After Hours.mp3,.mp3
H:\Music\Pee Wee Crayton\Pee Wee Crayton-Need Your Love So Bad.mp3,.mp3
H:\Music\Peetie Wheatstraw\Peetie Wheatstraw-Sweet Home Blues.mp3,.mp3
H:\Music\Peg Leg Sam\Peg Leg Sam - Joshua Fit The Battle Of Jericho.mp3,.mp3
H:\Music\Peggy Lee\Peggy Lee - The Christmas Waltz.mp3,.mp3
H:\Music\Peppermint Harris\Peppermint Harris-I Got Loaded.mp3,.mp3
H:\Music\Percy Sledge\Percy Sledge - When A Man Needs A Woman.mp3,.mp3
H:\Music\Peter Frampton\Peter Frampton-Do You Feel Like I Do-.mp3,.mp3
H:\Music\Peter Frampton\Peter Frampton-Show Me The Way.mp3,.mp3
H:\Music\Peyton Parker\The Voice Performance\Peyton Parker - Dreams.mp3,.mp3
H:\Music\Phillip Walker\Phillip Walker-Wondering.mp3,.mp3
H:\Music\Pinetop Perkins\Pinetop Perkins-Hoochie Coochie Man.mp3,.mp3
H:\Music\Pink\Pink-Just Give Me a Reason.mp3,.mp3
H:\Music\Pink\Pink-Trouble.mp3,.mp3
H:\Music\Pink Floyd\The Wall\Pink Floyd - Mother.mp3,.mp3
H:\Music\Poison\Poison-Once Bitten twice shy.mp3,.mp3
H:\Music\Prairie Oyster\Prairie Oyster-Ancient History.mp3,.mp3
H:\Music\Prairie Oyster\Prairie Oyster-Don't Cry Little Angel.mp3,.mp3
H:\Music\Prairie Oyster\Prairie Oyster-Louisiette.mp3,.mp3
H:\Music\Prairie Oyster\Prairie Oyster-One Way Track.mp3,.mp3
H:\Music\Prairie Oyster\Prairie Oyster-Only One Moon.mp3,.mp3
H:\Music\Prairie Oyster\Prairie Oyster-She Won't Be Lonely Long.mp3,.mp3
H:\Music\Prince\Prince-Little Red Corvette.mp3,.mp3
H:\Music\Prince\Prince-Raspberry Beret.mp3,.mp3
H:\Music\Prism\Over 60 Minutes With\Prism-American Music.mp3,.mp3
H:\Music\Prism\Over 60 Minutes With\Prism-Armageddon.mp3,.mp3
H:\Music\Prism\Over 60 Minutes With\Prism-Cover Girl.mp3,.mp3
H:\Music\Prism\Over 60 Minutes With\Prism-Don't Let Him Know.mp3,.mp3
H:\Music\Prism\Over 60 Minutes With\Prism-Flying.mp3,.mp3
H:\Music\Prism\Over 60 Minutes With\Prism-Good to Be Back.mp3,.mp3
H:\Music\Prism\Over 60 Minutes With\Prism-It's Over.mp3,.mp3
H:\Music\Prism\Over 60 Minutes With\Prism-Mirror Man.mp3,.mp3
H:\Music\Prism\Over 60 Minutes With\Prism-Night to Remember.mp3,.mp3
H:\Music\Prism\Over 60 Minutes With\Prism-Open Soul Surgery.mp3,.mp3
H:\Music\Prism\Over 60 Minutes With\Prism-See Forever Eyes.mp3,.mp3
H:\Music\Prism\Over 60 Minutes With\Prism-Spaceship Superstar.mp3,.mp3
H:\Music\Prism\Over 60 Minutes With\Prism-Take Me Away.mp3,.mp3
H:\Music\Prism\Over 60 Minutes With\Prism-Take Me to the Kaptain.mp3,.mp3
H:\Music\Prism\Over 60 Minutes With\Prism-Virginia.mp3,.mp3
H:\Music\Prism\Over 60 Minutes With\Prism-You Walked Away Again.mp3,.mp3
H:\Music\Prism\Over 60 Minutes With\Prism-Young and Restless.mp3,.mp3
H:\Music\Procol Harum\Procol Harum-Conquistador.mp3,.mp3
H:\Music\Professor Longhair\Professor Longhair - How Long Has That Train Been Gone.mp3,.mp3
H:\Music\Professor Longhair\Professor Longhair - They Call Me Doctor Professor Longhair.mp3,.mp3
H:\Music\Queen\Queen-Bohemian Rhapsody.mp3,.mp3
H:\Music\Quiet Riot\Quiet Riot-Cum On Feel The Noise.mp3,.mp3
H:\Music\Quiet Riot\Quiet Riot-Girls Rock your Boys.mp3,.mp3
H:\Music\Randy Travis\Randy Travis-Amazing Grace.mp3,.mp3
H:\Music\Randy Travis\Randy Travis-Before You Kill Us All.mp3,.mp3
"H:\Music\Randy Travis\Randy Travis-Forever And Ever, Amen.mp3",.mp3
H:\Music\Randy Travis\Randy Travis-Good Intentions.mp3,.mp3
H:\Music\Randy Travis\Randy Travis-Honky Tonk Side Of Town.mp3,.mp3
H:\Music\Randy Travis\Randy Travis-Runaway Train.mp3,.mp3
H:\Music\Randy Travis\Randy Travis-The Box.mp3,.mp3
H:\Music\Randy Travis\Randy Travis-Whisper My Name.mp3,.mp3
H:\Music\Ray Charles\Ray Charles-Blues Is My Middle Name.mp3,.mp3
H:\Music\Ray Charles\Ray Charles-C C Rider.mp3,.mp3
H:\Music\Ray Charles\Ray Charles-Hey Now.mp3,.mp3
H:\Music\Ray Charles\Ray Charles-I Wonder Who's Kissing Her Now.mp3,.mp3
H:\Music\Ray Charles\Ray Charles-I'm Wonderin' And Wonderin'.mp3,.mp3
H:\Music\Ray Charles\Ray Charles-Sentimental Blues.mp3,.mp3
H:\Music\Reba McEntire\Rumor Has It\Reba McEntire-Fancy.mp3,.mp3
H:\Music\Red Hot Chili Peppers\Red Hot Chili Peppers - The Zepher Song.mp3,.mp3
H:\Music\Red Hot Chili Peppers\Red Hot Chili Peppers-Californication.mp3,.mp3
H:\Music\Red Hot Chili Peppers\Red Hot Chili Peppers-Otherside.mp3,.mp3
H:\Music\Red Rider\Red Rider-Boy Inside The Man.mp3,.mp3
H:\Music\Red Rider\Red Rider-Lunatic Fringe.mp3,.mp3
H:\Music\REO Speedwagon\REO Speedwagon-I Can't Fight This Feeling Anymore.mp3,.mp3
H:\Music\REO Speedwagon\Hi Infidelity\REO Speedwagon-Don't Let Him Go.mp3,.mp3
H:\Music\REO Speedwagon\Hi Infidelity\REO Speedwagon-In Your Letter.mp3,.mp3
H:\Music\REO Speedwagon\Hi Infidelity\REO Speedwagon-Keep on Loving You.mp3,.mp3
H:\Music\REO Speedwagon\Hi Infidelity\REO Speedwagon-Take It on the Run.mp3,.mp3
H:\Music\REO Speedwagon\Hi Infidelity\REO Speedwagon-Tough Guys.mp3,.mp3
H:\Music\Restless Heart\Restless Heart-When She Cries.mp3,.mp3
H:\Music\Reverend Gary Davis\Reverend Gary Davis-Cross And Evil Woman Blues.mp3,.mp3
H:\Music\Richard Berry\Richard Berry-Round About Midnight.mp3,.mp3
H:\Music\Richard Groove Holmes\Richard Groove Holmes - Groovin' Groove.mp3,.mp3
H:\Music\Richard Groove Holmes\Richard Groove Holmes - Here's The Rainy Day.mp3,.mp3
H:\Music\Richard Marx\Repeat Offender\Richard Marx-Right Here Waiting.mp3,.mp3
H:\Music\Richard Marx\Repeat Offender\Richard Marx-Satisfied.mp3,.mp3
H:\Music\Richard Marx\Repeat Offender\Richard Marx-That Was Lulu.mp3,.mp3
H:\Music\Richard Marx\Richard Marx\Richard Marx-Don't Mean Nothing.mp3,.mp3
H:\Music\Richard Marx\Richard Marx\Richard Marx-Should've Known Better.mp3,.mp3
H:\Music\Richard Wagner\Der Ring Des Nibelungen\Entrance of the Gods.mp3,.mp3
H:\Music\Richard Wagner\Der Ring Des Nibelungen\Forest murmurs.mp3,.mp3
H:\Music\Richard Wagner\Der Ring Des Nibelungen\Magic fire music.mp3,.mp3
H:\Music\Richard Wagner\Der Ring Des Nibelungen\Rhine journey.mp3,.mp3
H:\Music\Richard Wagner\Der Ring Des Nibelungen\Siegfried's funeral music.mp3,.mp3
H:\Music\Richard Wagner\Der Ring Des Nibelungen\The ride of the Valkyries.mp3,.mp3
H:\Music\Rick Fines\Rick Fines - 2000 Miles Back Home.mp3,.mp3
H:\Music\Rick Fines\Rick Fines - Back In The Backwoods.mp3,.mp3
H:\Music\Rick Fines\Rick Fines - Careful What You Want.mp3,.mp3
"H:\Music\Rick Fines\Rick Fines - Coffee, One Cream.mp3",.mp3
H:\Music\Rick Fines\Rick Fines - My Baby Knows.mp3,.mp3
H:\Music\Rick Fines\Rick Fines - No Expectations.mp3,.mp3
H:\Music\Rick Fines\Rick Fines - Out Of The Living Room.mp3,.mp3
H:\Music\Rick Fines\Rick Fines - Proud Papa.mp3,.mp3
H:\Music\Rick Fines\Rick Fines - Richland Women Blues.mp3,.mp3
H:\Music\Rick Fines\Rick Fines - Same Boat.mp3,.mp3
H:\Music\Rick Fines\Rick Fines - That's How I Feel.mp3,.mp3
H:\Music\Rick Fines\Rick Fines - Where Birds Sing.mp3,.mp3
H:\Music\Rick Springfield\Rick Springfield-Human Touch.mp3,.mp3
"H:\Music\Ricky Martin\Ricky Martin - Ole, Ole, Ole.mp3",.mp3
H:\Music\Ricky Martin\Ricky Martin-She Bangs.mp3,.mp3
H:\Music\Ricky Martin\Ricky Martin\Ricky Martin-Livin' la Vida Loca.mp3,.mp3
H:\Music\Ricky Nelson\Rick Nelson-Hello Mary Lou.mp3,.mp3
H:\Music\Ricky Skaggs\Ricky Skaggs Greatest Hits\Ricky Skaggs-Cajun Moon.mp3,.mp3
H:\Music\Ricky Skaggs\Ricky Skaggs Greatest Hits\Ricky Skaggs-Country Boy.mp3,.mp3
H:\Music\Ricky Skaggs\Ricky Skaggs Greatest Hits\Ricky Skaggs-Don't Get Above Your Raising.mp3,.mp3
H:\Music\Ricky Skaggs\Ricky Skaggs Greatest Hits\Ricky Skaggs-Heartbroke.mp3,.mp3
H:\Music\Ricky Skaggs\Ricky Skaggs Greatest Hits\Ricky Skaggs-Highway 40 Blues.mp3,.mp3
H:\Music\Ricky Skaggs\Ricky Skaggs Greatest Hits\Ricky Skaggs-Honey (Open That Door).mp3,.mp3
H:\Music\Ricky Skaggs\Ricky Skaggs Greatest Hits\Ricky Skaggs-Uncle Pen.mp3,.mp3
H:\Music\Robbie Neville\Robbie Neville-Dominoes.mp3,.mp3
H:\Music\Robert Cray\Robert Cray - Too Many Cooks.mp3,.mp3
H:\Music\Robert Cray\Robert Cray-Fantasized.mp3,.mp3
H:\Music\Robert Cray\Robert Cray-Foul Play.mp3,.mp3
H:\Music\Robert Cray\Robert Cray-I Guess I Showed Her.mp3,.mp3
H:\Music\Robert Cray\Robert Cray-I Wonder.mp3,.mp3
H:\Music\Robert Cray\Robert Cray-More Than I Can Stand.mp3,.mp3
H:\Music\Robert Cray\Robert Cray-New Blood.mp3,.mp3
H:\Music\Robert Cray\Robert Cray-Nothin' But A Woman.mp3,.mp3
H:\Music\Robert Cray\Robert Cray-Right Next Door (Because Of Me).mp3,.mp3
H:\Music\Robert Cray\Robert Cray-Smoking Gun.mp3,.mp3
H:\Music\Robert Cray\Robert Cray-Still Around.mp3,.mp3
H:\Music\Robert Johnson\Robert Johnson - Kindhearted Woman Blues.mp3,.mp3
H:\Music\Robert Johnson\Robert Johnson - Sweet Home Chicago.mp3,.mp3
H:\Music\Robert Johnson\Robert Johnson-Cross Road Blues.mp3,.mp3
H:\Music\Robert Johnson\Robert Johnson-Hellhound On My Trail.mp3,.mp3
H:\Music\Robert Johnson\Robert Johnson-Stop Breakin' Down Blues.mp3,.mp3
H:\Music\Robert Nighthawk\Robert Nighthawk-Anna Lee Blues.mp3,.mp3
H:\Music\Robert Nighthawk\Robert Nighthawk-Black Angel Blues.mp3,.mp3
H:\Music\Robert Plant & Alison Krauss\Robert Plant & Alison Krauss-Fortune Teller.mp3,.mp3
H:\Music\Robert Plant & Alison Krauss\Robert Plant & Alison Krauss-Gone Gone Gone (Done moved On).mp3,.mp3
H:\Music\Robert Plant & Alison Krauss\Robert Plant & Alison Krauss-Killing the Blues.mp3,.mp3
H:\Music\Robert Plant & Alison Krauss\Robert Plant & Alison Krauss-Let Your Loss Be Your lesson.mp3,.mp3
H:\Music\Robert Plant & Alison Krauss\Robert Plant & Alison Krauss-Nothin'.mp3,.mp3
H:\Music\Robert Plant & Alison Krauss\Robert Plant & Alison Krauss-Please Read The Letter.mp3,.mp3
H:\Music\Robert Plant & Alison Krauss\Robert Plant & Alison Krauss-Polly Come Home.mp3,.mp3
H:\Music\Robert Plant & Alison Krauss\Robert Plant & Alison Krauss-Rich Woman.mp3,.mp3
H:\Music\Robert Plant & Alison Krauss\Robert Plant & Alison Krauss-Sister Rosetta Goes Before Us.mp3,.mp3
H:\Music\Robert Plant & Alison Krauss\Robert Plant & Alison Krauss-Stick With Me Baby.mp3,.mp3
"H:\Music\Robert Plant & Alison Krauss\Robert Plant & Alison Krauss-Through The Morning, Through The Night.mp3",.mp3
H:\Music\Robert Plant & Alison Krauss\Robert Plant & Alison Krauss-Trampled Rose.mp3,.mp3
H:\Music\Robert Plant & Alison Krauss\Robert Plant & Alison Krauss-Your Long Journey.mp3,.mp3
H:\Music\Robert Shaw\Robert Shaw-Going Down The Gulf.mp3,.mp3
H:\Music\Robin Williams\Robin Williams - Reality ... What a Concept Side 1.mp3,.mp3
H:\Music\Robin Williams\Robin Williams - Reality ... What a Concept Side 2.mp3,.mp3
H:\Music\Rod Stewart\Rod Stewart - Betty Davis Eyes.mp3,.mp3
H:\Music\Rod Stewart\Rod Stewart-Mandolin Wind.mp3,.mp3
H:\Music\Rod Stewart\As Time Goes By..._The Great American So\Rod Stewart-'Til There Was You.mp3,.mp3
H:\Music\Rod Stewart\As Time Goes By..._The Great American So\Rod Stewart-As Time Goes By.mp3,.mp3
"H:\Music\Rod Stewart\As Time Goes By..._The Great American So\Rod Stewart-Bewitched, Bothered & Bewildered.mp3",.mp3
H:\Music\Rod Stewart\As Time Goes By..._The Great American So\Rod Stewart-Crazy She Calls Me.mp3,.mp3
H:\Music\Rod Stewart\As Time Goes By..._The Great American So\Rod Stewart-Don't Get Around Much Anymore.mp3,.mp3
H:\Music\Rod Stewart\As Time Goes By..._The Great American So\Rod Stewart-I Only Have Eyes For You.mp3,.mp3
H:\Music\Rod Stewart\As Time Goes By..._The Great American So\Rod Stewart-I'm In The Mood For Love.mp3,.mp3
H:\Music\Rod Stewart\As Time Goes By..._The Great American So\Rod Stewart-My Heart Stood Still.mp3,.mp3
H:\Music\Rod Stewart\As Time Goes By..._The Great American So\Rod Stewart-Our Love Is Here To Stay.mp3,.mp3
H:\Music\Rod Stewart\As Time Goes By..._The Great American So\Rod Stewart-Smile.mp3,.mp3
H:\Music\Rod Stewart\As Time Goes By..._The Great American So\Rod Stewart-Someone To Watch Over Me.mp3,.mp3
H:\Music\Rod Stewart\As Time Goes By..._The Great American So\Rod Stewart-Time After Time.mp3,.mp3
H:\Music\Rod Stewart\As Time Goes By..._The Great American So\Rod Stewart-Until The Real Thing Comes Along.mp3,.mp3
H:\Music\Rod Stewart\As Time Goes By..._The Great American So\Rod Stewart-Where Or When.mp3,.mp3
H:\Music\Rod Stewart\Out of Order\Rod Stewart-Forever Young.mp3,.mp3
H:\Music\Roger Whittaker\Roger Whittaker-The Last Farewell.mp3,.mp3
H:\Music\Ronan Hardiman\Ronan Hardiman-Love Song.mp3,.mp3
H:\Music\Roosevelt Sykes\Roosevelt Sykes - Music Is My Business.mp3,.mp3
H:\Music\Roosevelt Sykes\Roosevelt Sykes - Out on a Limb.mp3,.mp3
H:\Music\Roosevelt Sykes\Roosevelt Sykes - St. James Infirmary.mp3,.mp3
H:\Music\Roosevelt Sykes\Roosevelt Sykes-Bad News.mp3,.mp3
H:\Music\Roosevelt Sykes\Roosevelt Sykes-Roosevelt Blues.mp3,.mp3
H:\Music\Roxette\Roxette - Joyride.mp3,.mp3
H:\Music\Roxette\Roxette - Sleeping In My Car.mp3,.mp3
H:\Music\Roxette\Roxette - The Look.mp3,.mp3
H:\Music\Roxette\Roxette-Dressed for success.mp3,.mp3
H:\Music\Roxette\Roxette-Fading Like a Flower.mp3,.mp3
H:\Music\Roxette\Roxette-Hotblooded.mp3,.mp3
H:\Music\Roxette\Roxette-Knockin' on Every Door.mp3,.mp3
H:\Music\Roxette\Roxette-Small Talk.mp3,.mp3
H:\Music\Roxette\Roxette-The Big L.mp3,.mp3
H:\Music\Roxy Music\Roxy Music-Avalon.mp3,.mp3
H:\Music\Roy Brown\Roy Brown - Let The Four Winds Blow.mp3,.mp3
H:\Music\Roy Buchanan\Roy Buchanan-After Hours.mp3,.mp3
H:\Music\Roy Buchanan\Roy Buchanan-CC Ryder.mp3,.mp3
H:\Music\Roy Buchanan\Roy Buchanan-Country Preacher.mp3,.mp3
H:\Music\Roy Buchanan\Roy Buchanan-Filthy Teddy.mp3,.mp3
H:\Music\Roy Buchanan\Roy Buchanan-Five String Blues.mp3,.mp3
H:\Music\Roy Buchanan\Roy Buchanan-Hey Joe.mp3,.mp3
H:\Music\Roy Buchanan\Roy Buchanan-I'm Evil [Live].mp3,.mp3
H:\Music\Roy Buchanan\Roy Buchanan-Pete's Blue.mp3,.mp3
H:\Music\Roy Buchanan\Roy Buchanan-Roy's Bluz.mp3,.mp3
H:\Music\Roy Buchanan\Roy Buchanan-Sweet Dreams.mp3,.mp3
H:\Music\Roy Buchanan\Roy Buchanan-The Messiah Will Come Again.mp3,.mp3
H:\Music\Roy Buchanan\Roy Buchanan-Wayfaring Pilgrim.mp3,.mp3
H:\Music\Roy Milton\Roy Millton - Information Blues.mp3,.mp3
H:\Music\Roy Milton\Roy Milton-Red Light.mp3,.mp3
H:\Music\Roy Milton\Roy Milton-RM Blues.mp3,.mp3
H:\Music\Russell Watson\Russell Watson-Faith Of The Heart (Enterprise Theme).mp3,.mp3
H:\Music\Ruth Brown\Ruth Brown-Ain't No Piece Of Cake.mp3,.mp3
H:\Music\Ruthie Foster\Ruthie Foster-Death Came A-Knockin' (Travelin' Shoes).mp3,.mp3
H:\Music\Ruthie Foster\Ruthie Foster-Give You My Love.mp3,.mp3
H:\Music\Ruthie Foster\Ruthie Foster-Hole In My Pocket.mp3,.mp3
H:\Music\Ruthie Foster\Ruthie Foster-Home.mp3,.mp3
H:\Music\Ruthie Foster\Ruthie Foster-Joy.mp3,.mp3
H:\Music\Ruthie Foster\Ruthie Foster-Ocean Of Tears (Mama).mp3,.mp3
H:\Music\Ruthie Foster\Ruthie Foster-Runaway Soul.mp3,.mp3
H:\Music\Ruthie Foster\Ruthie Foster-Smalltown Blues.mp3,.mp3
H:\Music\Ruthie Foster\Ruthie Foster-Walk On.mp3,.mp3
H:\Music\Ruthie Foster\Ruthie Foster-Woke Up This Morning.mp3,.mp3
H:\Music\Sam the Sham and the Pharoahs\Sam the Sham and the Pharaohs-Wooley Bully.mp3,.mp3
H:\Music\Sammy Hagar\Sammy Hagar-Can't Drive 55.mp3,.mp3
H:\Music\Sara Evans\Sara Evans-Suds In the Bucket.mp3,.mp3
H:\Music\Sarah Brightman\Sarah Brightman - Ave Maria.mp3,.mp3
H:\Music\Sarah Vaughan\Sarah Vaughan-Mean To Me.mp3,.mp3
H:\Music\Sawyer Brown\Sawyer Brown-Six Days On The Road.mp3,.mp3
H:\Music\Sawyer Brown\Sawyer Brown-Some Girls Do.mp3,.mp3
H:\Music\Sawyer Brown\Sawyer Brown-The Race Is On.mp3,.mp3
H:\Music\Sawyer Fredericks\A Good Storm\Sawyer Fredricks - A Good Storm.mp3,.mp3
H:\Music\Sawyer Fredericks\A Good Storm\Sawyer Fredricks - Lovers Still Alone.mp3,.mp3
H:\Music\Sawyer Fredericks\A Good Storm\Sawyer Fredricks - Not Coming Home.mp3,.mp3
H:\Music\Sawyer Fredericks\A Good Storm\Sawyer Fredricks - Pockets (Pharrell Williams Mix).mp3,.mp3
H:\Music\Sawyer Fredericks\A Good Storm\Sawyer Fredricks - Pockets.mp3,.mp3
H:\Music\Sawyer Fredericks\A Good Storm\Sawyer Fredricks - Shots Fired.mp3,.mp3
H:\Music\Sawyer Fredericks\A Good Storm\Sawyer Fredricks - Still Here.mp3,.mp3
H:\Music\Sawyer Fredericks\A Good Storm\Sawyer Fredricks - Stranger.mp3,.mp3
H:\Music\Sawyer Fredericks\A Good Storm\Sawyer Fredricks - Take It All.mp3,.mp3
H:\Music\Sawyer Fredericks\A Good Storm\Sawyer Fredricks - This Fire.mp3,.mp3
H:\Music\Sawyer Fredericks\A Good Storm\Sawyer Fredricks - What I've Done.mp3,.mp3
H:\Music\Scandal\Scandal-The Warrior.mp3,.mp3
H:\Music\Schuld & Stamer\Schuld & Stamer-Backwater Blues.mp3,.mp3
H:\Music\Schuld & Stamer\Schuld & Stamer-Bourgeois Blues.mp3,.mp3
H:\Music\Schuld & Stamer\Schuld & Stamer-Dark Was the Night.mp3,.mp3
H:\Music\Schuld & Stamer\Schuld & Stamer-Down in Mississippi.mp3,.mp3
H:\Music\Schuld & Stamer\Schuld & Stamer-Easy Rider Blues.mp3,.mp3
H:\Music\Schuld & Stamer\Schuld & Stamer-Going Down Slow.mp3,.mp3
H:\Music\Schuld & Stamer\Schuld & Stamer-Here I Am.mp3,.mp3
H:\Music\Schuld & Stamer\Schuld & Stamer-How Long.mp3,.mp3
H:\Music\Schuld & Stamer\Schuld & Stamer-This Train.mp3,.mp3
H:\Music\Schuld & Stamer\Schuld & Stamer-Trouble in Mind.mp3,.mp3
H:\Music\Schuld & Stamer\Schuld & Stamer-Voodoo Music.mp3,.mp3
H:\Music\Schuld & Stamer\Schuld & Stamer-Worried Man Blues.mp3,.mp3
H:\Music\Scorpions\Scorpions-Rock You Like A Hurricane.mp3,.mp3
H:\Music\Screamin' Jay Hawkins\Screamin' Jay Hawkins - I Put A Spell On You.mp3,.mp3
H:\Music\Serena Ryder\Harmony\Serena Ryder-Stompa.mp3,.mp3
H:\Music\Serena Ryder\Harmony\Serena Ryder-What I Wouldn't Do.mp3,.mp3
H:\Music\Shakira\Shakira-Underneath your clothes.mp3,.mp3
"H:\Music\Shakira\Shakira-Whenever, Wherever.mp3",.mp3
H:\Music\Shalyah Fearing\The Voice Performance\Shalyah Fearing - A Broken Wing.mp3,.mp3
H:\Music\Shalyah Fearing\The Voice Performance\Shalyah Fearing - Listen.mp3,.mp3
H:\Music\Shaye\Shaye - Happy Baby.mp3,.mp3
H:\Music\Sheryl Crow\Sheryl Crow-A Change Would Do You Good.mp3,.mp3
H:\Music\Sheryl Crow\Sheryl Crow-All I Wanna Do.mp3,.mp3
H:\Music\Sheryl Crow\Sheryl Crow-Everyday Is a Winding Road.mp3,.mp3
H:\Music\Sheryl Crow\Sheryl Crow-If It Makes You Happy.mp3,.mp3
H:\Music\Sheryl Crow\Sheryl Crow-Light in Your Eyes.mp3,.mp3
H:\Music\Sheryl Crow\Sheryl Crow-My Favorite Mistake.mp3,.mp3
H:\Music\Sheryl Crow\Sheryl Crow-Soak Up the Sun.mp3,.mp3
H:\Music\Sheryl Crow\Sheryl Crow-Steve McQueen.mp3,.mp3
H:\Music\Sheryl Crow\Sheryl Crow-Swwet Child O' Mine.mp3,.mp3
H:\Music\Sheryl Crow\Sheryl Crow-The First Cut Is the Deepest.mp3,.mp3
H:\Music\Shinedown\Shinedown-If You Only Knew.mp3,.mp3
H:\Music\Sick Puppies\Sick Puppies-Maybe.mp3,.mp3
H:\Music\Sid Marty\Sid Marty-A Serious Man.mp3,.mp3
H:\Music\Sid Marty\Sid Marty-Alpenglow.mp3,.mp3
H:\Music\Sid Marty\Sid Marty-Arrows Of Pity.mp3,.mp3
H:\Music\Sid Marty\Sid Marty-For The Wild Rose.mp3,.mp3
H:\Music\Sid Marty\Sid Marty-Hidden Hotsprings.mp3,.mp3
H:\Music\Sid Marty\Sid Marty-Maybe The Wind.mp3,.mp3
H:\Music\Sid Marty\Sid Marty-Mountain Earth.mp3,.mp3
H:\Music\Sid Marty\Sid Marty-Other Peoples Cattle.mp3,.mp3
H:\Music\Sid Marty\Sid Marty-Ou Sont Les Neiges D'Antan.mp3,.mp3
H:\Music\Sid Marty\Sid Marty-The Key Of Joy.mp3,.mp3
H:\Music\Sid Marty\Sid Marty-Two Pink Flamingos.mp3,.mp3
H:\Music\Sid Marty\Sid Marty-When The Raven Sings.mp3,.mp3
H:\Music\Sidney Bechet\Sidney Bechet-St. Louis Blues.mp3,.mp3
H:\Music\Simon & Garfunkel\Simon and Garfunkel - A Hazy Shade of Winter.mp3,.mp3
H:\Music\Simon & Garfunkel\Simon and Garfunkel - America.mp3,.mp3
H:\Music\Simon & Garfunkel\Simon and Garfunkel - Feeling Groovy.mp3,.mp3
H:\Music\Simon & Garfunkel\Simon and Garfunkel - I Am a Rock.mp3,.mp3
H:\Music\Simon & Garfunkel\Simon and Garfunkel - Mrs. Robinson.mp3,.mp3
H:\Music\Simon & Garfunkel\Simon and Garfunkel - Scarborough Fair.mp3,.mp3
H:\Music\Simon & Garfunkel\Simon and Garfunkel - The Sound of Silence.mp3,.mp3
H:\Music\Simon & Garfunkel\Simon and Garfunkel-59 Street Song.mp3,.mp3
H:\Music\Simon & Garfunkel\Simon and Garfunkel-Fifty ways to leave your lover.mp3,.mp3
H:\Music\Simple Minds\Simple Minds-Don't You (Forget About Me).mp3,.mp3
H:\Music\Sinead O'Connor\Sinead O'Connor-The Emperor's New Clothes.mp3,.mp3
H:\Music\Sixpence None The Richer\Sixpence None The Richer-Don't Dream It's Over.mp3,.mp3
H:\Music\Sixpence None The Richer\Sixpence None the Richer-I Need Love.mp3,.mp3
H:\Music\Sixpence None The Richer\Sixpence None The Richer-Kiss Me.mp3,.mp3
H:\Music\Sixpence None The Richer\Sixpence None The Richer-There She Goes.mp3,.mp3
H:\Music\Smokey Hogg\Smokey Hogg - Little School Girl.mp3,.mp3
H:\Music\Smokey Hogg\Smokey Hogg-Long Tall Mama.mp3,.mp3
H:\Music\Sniff 'n' The Tears\Sniff 'n' The Tears-Driver's Seat.mp3,.mp3
H:\Music\Son House\Son House - A True Friend Is Hard To Find.mp3,.mp3
H:\Music\Son House\Son House-Death Letter.mp3,.mp3
H:\Music\Son House\Son House-Preachin' The Blues.mp3,.mp3
H:\Music\Sonny Boy Williamson\Sonny Boy Williamson - Black Gal Blues.mp3,.mp3
H:\Music\Sonny Boy Williamson\Sonny Boy Williamson - Bluebird Blues.mp3,.mp3
H:\Music\Sonny Boy Williamson\Sonny Boy Williamson - Decoration Blues.mp3,.mp3
H:\Music\Sonny Boy Williamson\Sonny Boy Williamson - Early In The Morning.mp3,.mp3
H:\Music\Sonny Boy Williamson\Sonny Boy Williamson - Fattening Frogs For Snakes.mp3,.mp3
H:\Music\Sonny Boy Williamson\Sonny Boy Williamson - Good Gravy.mp3,.mp3
H:\Music\Sonny Boy Williamson\Sonny Boy Williamson - Good Morning Little Schoolgirl.mp3,.mp3
H:\Music\Sonny Boy Williamson\Sonny Boy Williamson - Got The Bottle Up And Gone.mp3,.mp3
H:\Music\Sonny Boy Williamson\Sonny Boy Williamson - I Been Dealing With The Devil.mp3,.mp3
H:\Music\Sonny Boy Williamson\Sonny Boy Williamson - Jivin' The Blues.mp3,.mp3
"H:\Music\Sonny Boy Williamson\Sonny Boy Williamson - Lord, Oh Lord Blues.mp3",.mp3
H:\Music\Sonny Boy Williamson\Sonny Boy Williamson - Million Years Blues.mp3,.mp3
H:\Music\Sonny Boy Williamson\Sonny Boy Williamson - My Little Machine.mp3,.mp3
H:\Music\Sonny Boy Williamson\Sonny Boy Williamson - Shotgun Blues.mp3,.mp3
H:\Music\Sonny Boy Williamson\Sonny Boy Williamson - Sugar Mama.mp3,.mp3
H:\Music\Sonny Boy Williamson\Sonny Boy Williamson - TB Blues.mp3,.mp3
H:\Music\Sonny Boy Williamson\Sonny Boy Williamson - Tell Me Baby.mp3,.mp3
H:\Music\Sonny Boy Williamson\Sonny Boy Williamson - Welfare Store Blues.mp3,.mp3
H:\Music\Sonny Boy Williamson\Sonny Boy Williamson - Whiskey Headed Woman.mp3,.mp3
H:\Music\Sonny Boy Williamson\Sonny Boy Williamson-Bye Bye Bird.mp3,.mp3
H:\Music\Sonny Terry\Sonny Terry & Brownie McGhee - Good Morning Blues.mp3,.mp3
H:\Music\Sonny Terry\Sonny Terry & Brownie McGhee - I'm Gonna Get On My Feets After A While.mp3,.mp3
H:\Music\Sonny Terry\Sonny Terry & Brownie McGhee - I've Never Felt Like This Before.mp3,.mp3
H:\Music\Sonny Terry\Sonny Terry & Brownie McGhee - My Father's Words.mp3,.mp3
H:\Music\Sonny Terry\Sonny Terry & Brownie McGhee - Old Jabo.mp3,.mp3
H:\Music\Sonny Terry\Sonny Terry & Brownie McGhee - Walk On.mp3,.mp3
H:\Music\Sonny Terry\Sonny Terry & Brownie McGhee- Playing With The Thing.mp3,.mp3
H:\Music\Spencer Davis Group\The Spencer Davis Group-Gimme Some Loving.mp3,.mp3
H:\Music\Spencer Davis Group\The Spencer Davis Group-I'm A Man.mp3,.mp3
H:\Music\Stampeders\The Stampeders - Wild Eyes.mp3,.mp3
H:\Music\Stampeders\The Stampeders-Sweet City Woman.mp3,.mp3
"H:\Music\Stefan Grossman\Stefan Grossman-Love, Devils And The Blues.mp3",.mp3
H:\Music\Steppenwolf\Steppenwolf-Born to Be Wild.mp3,.mp3
H:\Music\Steppenwolf\Steppenwolf-Magic Carpet Ride.mp3,.mp3
H:\Music\Steve Earle\Steve Earle-Copperhead Road.mp3,.mp3
H:\Music\Steve Earle\Steve Earle-Guitar Town.mp3,.mp3
H:\Music\Steve Perry\Steve Perry-Oh Sherrie.mp3,.mp3
H:\Music\Steve Winwood\Steve Winwood-Valerie.mp3,.mp3
H:\Music\Steve Winwood\Steve Winwood-While You See A Chance.mp3,.mp3
H:\Music\Stevie Nicks\Stevie Nicks - Beauty and the Beast.mp3,.mp3
H:\Music\Stevie Nicks\Stevie Nicks - Sable on Blonde.mp3,.mp3
H:\Music\Stevie Nicks\Stevie Nicks - Wild Heart.mp3,.mp3
H:\Music\Stevie Nicks\Stevie Nicks-After The Glitter Fades.mp3,.mp3
H:\Music\Stevie Nicks\Stevie Nicks-Alice.mp3,.mp3
H:\Music\Stevie Nicks\Stevie Nicks-Belladonna.mp3,.mp3
H:\Music\Stevie Nicks\Stevie Nicks-Blue Lamp.mp3,.mp3
H:\Music\Stevie Nicks\Stevie Nicks-Cry Wolf.mp3,.mp3
H:\Music\Stevie Nicks\Stevie Nicks-Doing the Best I Can (Escape from Berlin).mp3,.mp3
H:\Music\Stevie Nicks\Stevie Nicks-Edge of Seventeen.mp3,.mp3
H:\Music\Stevie Nicks\Stevie Nicks-Enchanted.mp3,.mp3
H:\Music\Stevie Nicks\Stevie Nicks-Fire Burning.mp3,.mp3
H:\Music\Stevie Nicks\Stevie Nicks-Gate and Garden.mp3,.mp3
H:\Music\Stevie Nicks\Stevie Nicks-Ghosts.mp3,.mp3
H:\Music\Stevie Nicks\Stevie Nicks-Has Anyone Ever Written Anything for You.mp3,.mp3
H:\Music\Stevie Nicks\Stevie Nicks-How Still My Love.mp3,.mp3
H:\Music\Stevie Nicks\Stevie Nicks-I Can't Wait.mp3,.mp3
H:\Music\Stevie Nicks\Stevie Nicks-I Sing for the Things.mp3,.mp3
H:\Music\Stevie Nicks\Stevie Nicks-I Still Miss Someone (Blue Eyes).mp3,.mp3
H:\Music\Stevie Nicks\Stevie Nicks-I Will Run To You.mp3,.mp3
H:\Music\Stevie Nicks\Stevie Nicks-If Anyone Falls.mp3,.mp3
H:\Music\Stevie Nicks\Stevie Nicks-If I Were You.mp3,.mp3
H:\Music\Stevie Nicks\Stevie Nicks-Imperial Hotel.mp3,.mp3
H:\Music\Stevie Nicks\Stevie Nicks-Juliet.mp3,.mp3
H:\Music\Stevie Nicks\Stevie Nicks-Kind of Woman.mp3,.mp3
H:\Music\Stevie Nicks\Stevie Nicks-Leather and Lace.mp3,.mp3
H:\Music\Stevie Nicks\Stevie Nicks-Long Way to Go.mp3,.mp3
H:\Music\Stevie Nicks\Stevie Nicks-Nightbird.mp3,.mp3
H:\Music\Stevie Nicks\Stevie Nicks-No Spoken Word.mp3,.mp3
H:\Music\Stevie Nicks\Stevie Nicks-Nothing Ever Changes.mp3,.mp3
H:\Music\Stevie Nicks\Stevie Nicks-Ooh My Love.mp3,.mp3
H:\Music\Stevie Nicks\Stevie Nicks-Outside The Rain.mp3,.mp3
H:\Music\Stevie Nicks\Stevie Nicks-Rock a Little (Go Ahead Lily).mp3,.mp3
H:\Music\Stevie Nicks\Stevie Nicks-Rooms on Fire.mp3,.mp3
H:\Music\Stevie Nicks\Stevie Nicks-Sister Honey.mp3,.mp3
H:\Music\Stevie Nicks\Stevie Nicks-Some Become Strangers.mp3,.mp3
H:\Music\Stevie Nicks\Stevie Nicks-Stand Back.mp3,.mp3
H:\Music\Stevie Nicks\Stevie Nicks-Stop Draggin' My Heart Around.mp3,.mp3
H:\Music\Stevie Nicks\Stevie Nicks-Talk to Me.mp3,.mp3
H:\Music\Stevie Nicks\Stevie Nicks-The Highwayman.mp3,.mp3
H:\Music\Stevie Nicks\Stevie Nicks-The Nightmare.mp3,.mp3
H:\Music\Stevie Nicks\Stevie Nicks-Think About It.mp3,.mp3
H:\Music\Stevie Nicks\Stevie Nicks-Two Kinds of Love.mp3,.mp3
H:\Music\Stevie Nicks\Stevie Nicks-Whole Lotta Trouble.mp3,.mp3
H:\Music\Stevie Nicks & Kenny Loggins\Stevie Nicks & Kenny Loggins - Whenever I Call You 'Friend'.mp3,.mp3
H:\Music\Stevie Nicks & Lindsey Buckingham\Stevie Nicks & Lindsey Buckingham-Stephanie.mp3,.mp3
H:\Music\Stevie Nicks & Sarah Mclachlan\Stevie Nicks-Love Is.mp3,.mp3
H:\Music\Stevie Ray Vaughan\Stevie Ray Vaughan - Couldn't Stand The Weather.mp3,.mp3
H:\Music\Stevie Ray Vaughan\Stevie Ray Vaughan - Flood Down In Texas [Live].mp3,.mp3
H:\Music\Stevie Ray Vaughan\Stevie Ray Vaughan-Empty Arms.mp3,.mp3
H:\Music\Stevie Ray Vaughan and Double Trouible\Stevie Ray Vaughan and Double Trouble-Ain't Gone 'n' Give Up On Love.mp3,.mp3
H:\Music\Stevie Ray Vaughan and Double Trouible\Stevie Ray Vaughan and Double Trouble-Leave My Girl Alone [Live].mp3,.mp3
H:\Music\Stevie Ray Vaughan and Double Trouible\Stevie Ray Vaughan and Double Trouble-Lenny.mp3,.mp3
H:\Music\Stevie Ray Vaughan and Double Trouible\Stevie Ray Vaughan and Double Trouble-Life By The Drop.mp3,.mp3
H:\Music\Stevie Ray Vaughan and Double Trouible\Stevie Ray Vaughan and Double Trouble-Look At Little Sister.mp3,.mp3
H:\Music\Stevie Ray Vaughan and Double Trouible\Stevie Ray Vaughan and Double Trouble-Love Struck Baby.mp3,.mp3
H:\Music\Stevie Ray Vaughan and Double Trouible\Stevie Ray Vaughan and Double Trouble-Pipeline.mp3,.mp3
H:\Music\Stevie Ray Vaughan and Double Trouible\Stevie Ray Vaughan and Double Trouble-Riviera Paradise.mp3,.mp3
H:\Music\Stevie Ray Vaughan and Double Trouible\Stevie Ray Vaughan and Double Trouble-Scuttle Buttin'.mp3,.mp3
H:\Music\Stevie Ray Vaughan and Double Trouible\Stevie Ray Vaughan and Double Trouble-Shake For Me [Live].mp3,.mp3
H:\Music\Stevie Ray Vaughan and Double Trouible\Stevie Ray Vaughan and Double Trouble-Superstition [Live].mp3,.mp3
H:\Music\Stevie Ray Vaughan and Double Trouible\Stevie Ray Vaughan and Double Trouble-Voodoo Child (Slight Return).mp3,.mp3
H:\Music\Stevie Ray Vaughan and Double Trouible\Stevie Ray Vaughan and Double Trouble-Wall Of Denial.mp3,.mp3
H:\Music\Stevie Ray Vaughan and Double Trouible\Stevie Ray Vaughan and Double Trouble-Willie The Wimp [Live].mp3,.mp3
H:\Music\Stick McGhee\Stick McGhee - Tall Pretty Woman.mp3,.mp3
H:\Music\Streetheart\Streetheart-Action.mp3,.mp3
H:\Music\Streetheart\Streetheart-One More Time.mp3,.mp3
H:\Music\Sue Foley\Sue Foley-Every Road I Take.mp3,.mp3
H:\Music\Sunnyland Slim\Sunnyland Slim-I Had (It So Hard).mp3,.mp3
H:\Music\Supertramp\Classics\Supertramp-Ain't Nobody But Me.mp3,.mp3
H:\Music\Supertramp\Classics\Supertramp-Cannonball.mp3,.mp3
H:\Music\Supertramp\Classics\Supertramp-From Now On.mp3,.mp3
H:\Music\Supertramp\Classics\Supertramp-Give a Little Bit.mp3,.mp3
H:\Music\Supertramp\Crime of the Century\Supertramp-Asylum.mp3,.mp3
H:\Music\Supertramp\Crime of the Century\Supertramp-Bloody Well Right.mp3,.mp3
H:\Music\Supertramp\Crime of the Century\Supertramp-Crime of the Century.mp3,.mp3
H:\Music\Supertramp\Crime of the Century\Supertramp-Dreamer.mp3,.mp3
H:\Music\Supertramp\Crime of the Century\Supertramp-Hide in Your Shell.mp3,.mp3
H:\Music\Supertramp\Crime of the Century\Supertramp-If Everyone Was Listening.mp3,.mp3
H:\Music\Supertramp\Crime of the Century\Supertramp-Rudy.mp3,.mp3
H:\Music\Supertramp\Crime of the Century\Supertramp-School.mp3,.mp3
H:\Music\Supertramp\Famous Last Words\Supertramp-Bonnie.mp3,.mp3
H:\Music\Supertramp\Famous Last Words\Supertramp-C'est le Bon.mp3,.mp3
H:\Music\Supertramp\Famous Last Words\Supertramp-Crazy.mp3,.mp3
H:\Music\Supertramp\Famous Last Words\Supertramp-Don't Leave Me Now.mp3,.mp3
H:\Music\Supertramp\Famous Last Words\Supertramp-It's Raining Again.mp3,.mp3
H:\Music\Supertramp\Famous Last Words\Supertramp-My Kind of Lady.mp3,.mp3
H:\Music\Supertramp\Famous Last Words\Supertramp-Put on Your Old Brown Shoes.mp3,.mp3
H:\Music\Supertramp\Famous Last Words\Supertramp-Waiting So Long.mp3,.mp3
H:\Music\Survivor\Survivor - Eye of the Tiger.mp3,.mp3
H:\Music\Susan Aglukark\SUSAN AGLUKARK-O'SIEM.mp3,.mp3
H:\Music\Susan Tedeschi\Susan Tedeschi-Evidence.mp3,.mp3
H:\Music\Susan Tedeschi\Susan Tedeschi-Follow.mp3,.mp3
H:\Music\Susan Tedeschi\Susan Tedeschi-Lord Protect My Child.mp3,.mp3
H:\Music\Susan Tedeschi\Susan Tedeschi-Loving You Is Sweeter Than Ever.mp3,.mp3
H:\Music\Susan Tedeschi\Susan Tedeschi-Magnificent Sanctuary Band.mp3,.mp3
H:\Music\Susan Tedeschi\Susan Tedeschi-Security.mp3,.mp3
H:\Music\Susan Tedeschi\Susan Tedeschi-Share Your Love.mp3,.mp3
H:\Music\Susan Tedeschi\Susan Tedeschi-Soul Of A Man.mp3,.mp3
H:\Music\Susan Tedeschi\Susan Tedeschi-Sweet Forgiveness.mp3,.mp3
H:\Music\Susan Tedeschi\Susan Tedeschi-The Danger Zone.mp3,.mp3
H:\Music\Susan Tedeschi\Susan Tedeschi-Tired Of My Tears.mp3,.mp3
H:\Music\Susan Tedeschi\Susan Tedeschi-You Got The Silver.mp3,.mp3
H:\Music\Suzi Quatro\Suzi Quatro-Devil Gate Drive.mp3,.mp3
H:\Music\Suzi Quatro\Suzi Quatro-If You Can't Give Me Love.mp3,.mp3
H:\Music\Suzi Quatro\Suzi Quatro-She's In Love With You.mp3,.mp3
H:\Music\Suzi Quatro\Suzi Quatro-Stumblin' In.mp3,.mp3
H:\Music\Suzie McNeil\Broken and Beautiful\Suzie McNeil-Believe.mp3,.mp3
H:\Music\Suzie McNeil\Broken and Beautiful\Suzie McNeil-Broken & Beautiful.mp3,.mp3
H:\Music\Suzie McNeil\Broken and Beautiful\Suzie McNeil-Hung Up.mp3,.mp3
H:\Music\Suzie McNeil\Broken and Beautiful\Suzie McNeil-Lonely (Are You Coming Home-).mp3,.mp3
H:\Music\Suzie McNeil\Broken and Beautiful\Suzie McNeil-Poison.mp3,.mp3
H:\Music\Suzie McNeil\Broken and Beautiful\Suzie McNeil-Skin.mp3,.mp3
H:\Music\Suzie McNeil\Broken and Beautiful\Suzie McNeil-So in Love.mp3,.mp3
H:\Music\Suzie McNeil\Broken and Beautiful\Suzie McNeil-The One.mp3,.mp3
H:\Music\Suzie McNeil\Broken and Beautiful\Suzie McNeil-Too Low.mp3,.mp3
H:\Music\Suzie McNeil\Broken and Beautiful\Suzie McNeil-Where Were You-.mp3,.mp3
H:\Music\Suzy Bogguss\Suzy Bogguss-Drive South.mp3,.mp3
H:\Music\Suzy Bogguss\Suzy Bogguss-Hey Cinderella.mp3,.mp3
H:\Music\Suzy Bogguss\Suzy Bogguss-Outbound Plane.mp3,.mp3
H:\Music\Suzy Bogguss\Suzy Bogguss-Someday Soon.mp3,.mp3
H:\Music\Sweeney Todd\Sweeney Todd-Roxy Roller.mp3,.mp3
H:\Music\Sweet\Sweet - Ballroom Blitz.mp3,.mp3
H:\Music\Sweet\Sweet-Fox On The Run.mp3,.mp3
H:\Music\Sweet\Sweet-Little Willy.mp3,.mp3
H:\Music\Sweet\Sweet-Love Is Like Oxygen.mp3,.mp3
"H:\Music\Sweethearts of the Rodeo\One Time, One Night\Sweethearts of the Rodeo-Don't Look Down.mp3",.mp3
"H:\Music\Sweethearts of the Rodeo\One Time, One Night\Sweethearts of the Rodeo-Gone Again.mp3",.mp3
"H:\Music\Sweethearts of the Rodeo\One Time, One Night\Sweethearts of the Rodeo-I Feel Fine.mp3",.mp3
"H:\Music\Sweethearts of the Rodeo\One Time, One Night\Sweethearts of the Rodeo-One Time One Night.mp3",.mp3
"H:\Music\Sweethearts of the Rodeo\One Time, One Night\Sweethearts of the Rodeo-Satisfy You.mp3",.mp3
"H:\Music\Sweethearts of the Rodeo\One Time, One Night\Sweethearts of the Rodeo-You Never Talk Sweet.mp3",.mp3
H:\Music\T-Bone Walker\T-Bone Walker - Blues for Marili.mp3,.mp3
H:\Music\T-Bone Walker\T-Bone Walker - Blues Rock.mp3,.mp3
H:\Music\T-Bone Walker\T-Bone Walker - Evenin'.mp3,.mp3
H:\Music\T-Bone Walker\T-Bone Walker - How Long Blues.mp3,.mp3
H:\Music\T-Bone Walker\T-Bone Walker - Mean Old World.mp3,.mp3
H:\Music\T-Bone Walker\T-Bone Walker - Papa Ain't Salty.mp3,.mp3
H:\Music\T-Bone Walker\T-Bone Walker - Play On Little Girl.mp3,.mp3
H:\Music\T-Bone Walker\T-Bone Walker - Shufflin' the Blues.mp3,.mp3
H:\Music\T-Bone Walker\T-Bone Walker - T-Bone Blues Special.mp3,.mp3
H:\Music\T-Bone Walker\T-Bone Walker - T-Bone Blues.mp3,.mp3
H:\Music\T-Bone Walker\T-Bone Walker - T-Bone Shuffle.mp3,.mp3
H:\Music\T-Bone Walker\T-Bone Walker - Two Bones and a Pick.mp3,.mp3
H:\Music\T-Bone Walker\T-Bone Walker - Why Not.mp3,.mp3
H:\Music\T-Bone Walker\T-Bone Walker - You Don't Know What You're Doing.mp3,.mp3
H:\Music\T-Bone Walker\T-Bone Walker-Call It Stormy Monday.mp3,.mp3
H:\Music\T-Bone Walker\T-Bone Walker-Confusion Blues - T-Bone Walker.mp3,.mp3
H:\Music\T-Bone Walker\T-Bone Walker-Goin' To Funky Town.mp3,.mp3
H:\Music\T-Bone Walker\T-Bone Walker-Sail On Boogie.mp3,.mp3
H:\Music\T-Bone Walker\T-Bone Walker-Stormy Monday Blues.mp3,.mp3
H:\Music\T-Bone Walker\T-Bone Walker-T. Bone Boogie.mp3,.mp3
H:\Music\Taj Mahal\Taj Mahal - She Caught The Katy And Left Me A Mule To Ride.mp3,.mp3
H:\Music\Taj Mahal\Taj Mahal-Ain't Gwine To Whistle Dixie (Any Mo') (Live).mp3,.mp3
H:\Music\Taj Mahal\Taj Mahal-Ain't That A Lot Of Love (Live).mp3,.mp3
H:\Music\Taj Mahal\Taj Mahal-Blue Light Boogie.mp3,.mp3
H:\Music\Taj Mahal\Taj Mahal-Blue's Ain't Nothin'.mp3,.mp3
H:\Music\Taj Mahal\Taj Mahal-Cakewalk Into Town.mp3,.mp3
H:\Music\Taj Mahal\Taj Mahal-Chevrolet.mp3,.mp3
H:\Music\Taj Mahal\Taj Mahal-Corinna.mp3,.mp3
H:\Music\Taj Mahal\Taj Mahal-Corrina (Live).mp3,.mp3
H:\Music\Taj Mahal\Taj Mahal-Cruisin' (Live).mp3,.mp3
H:\Music\Taj Mahal\Taj Mahal-Down Home Girl.mp3,.mp3
H:\Music\Taj Mahal\Taj Mahal-Ev'ry Wind (In The River) (Live).mp3,.mp3
H:\Music\Taj Mahal\Taj Mahal-EZ Rider (Live).mp3,.mp3
H:\Music\Taj Mahal\Taj Mahal-Farther On Down The Road.mp3,.mp3
H:\Music\Taj Mahal\Taj Mahal-Fishin' Blues.mp3,.mp3
H:\Music\Taj Mahal\Taj Mahal-Frankie And Albert.mp3,.mp3
H:\Music\Taj Mahal\Taj Mahal-Going To The River.mp3,.mp3
"H:\Music\Taj Mahal\Taj Mahal-Going Up To The Country, Paint My Mailbox Blue.mp3",.mp3
H:\Music\Taj Mahal\Taj Mahal-Hard Way.mp3,.mp3
H:\Music\Taj Mahal\Taj Mahal-Honkey Tonk (Live).mp3,.mp3
H:\Music\Taj Mahal\Taj Mahal-Honky Tonk Women.mp3,.mp3
H:\Music\Taj Mahal\Taj Mahal-I Can't Help Myself (Sugarpie Honeybunch).mp3,.mp3
H:\Music\Taj Mahal\Taj Mahal-I'm Ready.mp3,.mp3
H:\Music\Taj Mahal\Taj Mahal-Johnny Too Bad.mp3,.mp3
H:\Music\Taj Mahal\Taj Mahal-Leavin' Trunk (Live).mp3,.mp3
H:\Music\Taj Mahal\Taj Mahal-Leaving Trunk.mp3,.mp3
H:\Music\Taj Mahal\Taj Mahal-Mail Box Blues (Live).mp3,.mp3
H:\Music\Taj Mahal\Taj Mahal-Mockingbird.mp3,.mp3
H:\Music\Taj Mahal\Taj Mahal-Oh Susanna.mp3,.mp3
H:\Music\Taj Mahal\Taj Mahal-Rain From The Sky (Live).mp3,.mp3
H:\Music\Taj Mahal\Taj Mahal-Sentidos Dulce (Live).mp3,.mp3
H:\Music\Taj Mahal\Taj Mahal-Sitting On Top Of The World.mp3,.mp3
H:\Music\Taj Mahal\Taj Mahal-Six Days On The Road.mp3,.mp3
H:\Music\Taj Mahal\Taj Mahal-Statesboro Blues.mp3,.mp3
H:\Music\Taj Mahal\Taj Mahal-Stranger In My Own Home Town (Live).mp3,.mp3
H:\Music\Taj Mahal\Taj Mahal-Stranger In My Own Home Town.mp3,.mp3
H:\Music\Taj Mahal\Taj Mahal-Strut.mp3,.mp3
H:\Music\Taj Mahal\Taj Mahal-Sweet Mama Janisse.mp3,.mp3
H:\Music\Taj Mahal\Taj Mahal-Take A Giant Step.mp3,.mp3
H:\Music\Taj Mahal\Taj Mahal-That's How Strong My Love Is.mp3,.mp3
H:\Music\Taj Mahal\Taj Mahal-The Hoochi Coochi Coo (Live).mp3,.mp3
H:\Music\Taj Mahal\Taj Mahal-The Hoochi Coochi Coo.mp3,.mp3
H:\Music\Taj Mahal\Taj Mahal-Woulda Coulda Shoulda (Live).mp3,.mp3
H:\Music\Taj Mahal\Taj Mahal-You're Going To Need Somebody On Your Bond (Live).mp3,.mp3
H:\Music\Tal Bachman\Tal Bachman-If You Sleep.mp3,.mp3
H:\Music\Tal Bachman\Tal Bachman-She's So High.mp3,.mp3
H:\Music\Talking Heads\Talking Heads-And She Was.mp3,.mp3
H:\Music\Tampa Red\Tampa Red-Sugar Mama Blues No. 1.mp3,.mp3
H:\Music\Tampa Red\Tampa Red-Turpentine Blues.mp3,.mp3
H:\Music\Tanya Tucker\Tanya Tucker - Delta Dawn.mp3,.mp3
H:\Music\Tanya Tucker\Tanya Tucker - San Antonio Stroll.mp3,.mp3
H:\Music\Tanya Tucker\Tanya Tucker-Already Gone.mp3,.mp3
H:\Music\Tanya Tucker\Tanya Tucker-What's Your Mama's Name Child.mp3,.mp3
H:\Music\Tanya Tucker\Can't Run from Yourself\Tanya Tucker-It's a Little Too Late.mp3,.mp3
H:\Music\Tanya Tucker\Can't Run from Yourself\Tanya Tucker-Tell Me About It.mp3,.mp3
H:\Music\Tanya Tucker\Can't Run from Yourself\Tanya Tucker-Two Sparrows in a Hurricane.mp3,.mp3
H:\Music\Tanya Tucker\Greatest Hits [Liberty]\Tanya Tucker-I Won't Take Less Than Your Love.mp3,.mp3
H:\Music\Tanya Tucker\Greatest Hits [Liberty]\Tanya Tucker-I'll Come Back as Another Woman.mp3,.mp3
H:\Music\Tanya Tucker\Greatest Hits [Liberty]\Tanya Tucker-If It Don't Come Easy.mp3,.mp3
H:\Music\Tanya Tucker\Greatest Hits [Liberty]\Tanya Tucker-Just Another Love.mp3,.mp3
H:\Music\Tanya Tucker\Greatest Hits [Liberty]\Tanya Tucker-My Arms Stay Open All Night.mp3,.mp3
H:\Music\Tanya Tucker\Greatest Hits [Liberty]\Tanya Tucker-Strong Enough to Bend.mp3,.mp3
H:\Music\Terri Clark\Terri Clark-Better Things To Do.mp3,.mp3
H:\Music\Terri Clark\Terri Clark-Emotional Girl.mp3,.mp3
H:\Music\Terri Clark\Terri Clark-Girls Lie Too.mp3,.mp3
H:\Music\Terri Clark\Terri Clark-I Just Wanna Be Mad.mp3,.mp3
"H:\Music\Terri Clark\Terri Clark-Poor, Poor Pitiful Me.mp3",.mp3
H:\Music\Terri Clark\Terri Clark-When Boy Meets Girl.mp3,.mp3
H:\Music\Terri Clark\Terri Clark-When We Had It Bad.mp3,.mp3
H:\Music\Terri Clark\Terri Clark-You're Easy on the Eyes.mp3,.mp3
H:\Music\Terry Jacks\Terry Jacks-Concrete Sea.mp3,.mp3
H:\Music\Terry Jacks\Terry Jacks-Seasons In The Sun.mp3,.mp3
H:\Music\Terry Jacks\Terry Jacks-Where Evil Grows.mp3,.mp3
H:\Music\Texas Johnny Brown\Texas Johnny Brown - Bongo Boogie.mp3,.mp3
H:\Music\Texas Johnny Brown\Texas Johnny Brown - The Blues Rock.mp3,.mp3
H:\Music\Texas Johnny Brown\Texas Johnny Brown - There Goes The Blues.mp3,.mp3
H:\Music\Texas Johnny Brown\Texas Johnny Brown - Two Bones And A Pick.mp3,.mp3
H:\Music\The Beach Boys\The Beach Boys - Little Saint Nick.mp3,.mp3
H:\Music\The Beach Boys\The Beach Boys-Kokomo.mp3,.mp3
H:\Music\The Beach Boys\Made in U.S.A\The Beach Boys-Be True to Your School.mp3,.mp3
H:\Music\The Beach Boys\Made in U.S.A\The Beach Boys-California Girls.mp3,.mp3
"H:\Music\The Beach Boys\Made in U.S.A\The Beach Boys-Fun, Fun, Fun.mp3",.mp3
H:\Music\The Beach Boys\Made in U.S.A\The Beach Boys-Good Vibrations.mp3,.mp3
"H:\Music\The Beach Boys\Made in U.S.A\The Beach Boys-Help Me, Rhonda.mp3",.mp3
H:\Music\The Beach Boys\Made in U.S.A\The Beach Boys-I Get Around.mp3,.mp3
H:\Music\The Beach Boys\Made in U.S.A\The Beach Boys-Surfin' Safari.mp3,.mp3
H:\Music\The Beach Boys\Made in U.S.A\The Beach Boys-Surfin' U.S.A.mp3,.mp3
H:\Music\The Beatles\The Beatles-I Saw Her Standing There.mp3,.mp3
H:\Music\The Beatles\1\The Beatles-A Hard Day's Night.mp3,.mp3
H:\Music\The Beatles\1\The Beatles-All You Need Is Love.mp3,.mp3
H:\Music\The Beatles\1\The Beatles-Can't Buy Me Love.mp3,.mp3
H:\Music\The Beatles\1\The Beatles-Come Together.mp3,.mp3
H:\Music\The Beatles\1\The Beatles-Day Tripper.mp3,.mp3
H:\Music\The Beatles\1\The Beatles-Eight Days a Week.mp3,.mp3
H:\Music\The Beatles\1\The Beatles-Eleanor Rigby.mp3,.mp3
H:\Music\The Beatles\1\The Beatles-From Me to You.mp3,.mp3
H:\Music\The Beatles\1\The Beatles-Get Back.mp3,.mp3
H:\Music\The Beatles\1\The Beatles-Hello Goodbye.mp3,.mp3
H:\Music\The Beatles\1\The Beatles-Help!.mp3,.mp3
H:\Music\The Beatles\1\The Beatles-Hey Jude.mp3,.mp3
H:\Music\The Beatles\1\The Beatles-I Feel Fine.mp3,.mp3
H:\Music\The Beatles\1\The Beatles-I Want to Hold Your Hand.mp3,.mp3
H:\Music\The Beatles\1\The Beatles-Lady Madonna.mp3,.mp3
H:\Music\The Beatles\1\The Beatles-Let It Be.mp3,.mp3
H:\Music\The Beatles\1\The Beatles-Love Me Do.mp3,.mp3
H:\Music\The Beatles\1\The Beatles-Paperback Writer.mp3,.mp3
H:\Music\The Beatles\1\The Beatles-Penny Lane.mp3,.mp3
H:\Music\The Beatles\1\The Beatles-She Loves You.mp3,.mp3
H:\Music\The Beatles\1\The Beatles-Something.mp3,.mp3
H:\Music\The Beatles\1\The Beatles-The Ballad of John and Yoko.mp3,.mp3
H:\Music\The Beatles\1\The Beatles-The Long and Winding Road.mp3,.mp3
H:\Music\The Beatles\1\The Beatles-Ticket to Ride.mp3,.mp3
H:\Music\The Beatles\1\The Beatles-We Can Work It Out.mp3,.mp3
H:\Music\The Beatles\1\The Beatles-Yellow Submarine.mp3,.mp3
H:\Music\The Beatles\1\The Beatles-Yesterday.mp3,.mp3
H:\Music\The Box\The Box-Closer Together.mp3,.mp3
H:\Music\The Box\The Box-Crying Out Loud for Love.mp3,.mp3
"H:\Music\The Castaways\The Castaways-Liar, Liar.mp3",.mp3
H:\Music\The Clovers\The Clovers-He Sure Could Hypnotize.mp3,.mp3
H:\Music\The Corrs\The Corrs-Dreams.mp3,.mp3
H:\Music\The Cult\The Cult-She Sells Sanctuary.mp3,.mp3
H:\Music\The Dirty Dozen Brass Band\The Dirty Dozen Brass Band-Mardi Gras in New Orleans [Live].mp3,.mp3
"H:\Music\The Doors\The Doors-Hello, I Love You.mp3",.mp3
H:\Music\The Doors\The Doors-Riders on the Storm.mp3,.mp3
H:\Music\The Doors\The Soft Parade\The Doors - Touch Me.mp3,.mp3
H:\Music\The Eagles\The Eagles-Witchy Woman.mp3,.mp3
H:\Music\The Eagles\Hell Freezes Over\The Eagles-Get Over It.mp3,.mp3
H:\Music\The Eagles\Their Greatest Hits (1971-1975)\The Eagles-Already Gone.mp3,.mp3
H:\Music\The Eagles\Their Greatest Hits (1971-1975)\The Eagles-Lyin' Eyes.mp3,.mp3
H:\Music\The Eagles\Their Greatest Hits (1971-1975)\The Eagles-One of These Nights.mp3,.mp3
H:\Music\The Eagles\Their Greatest Hits (1971-1975)\The Eagles-Peaceful Easy Feeling.mp3,.mp3
H:\Music\The Eagles\Their Greatest Hits (1971-1975)\The Eagles-Take It Easy.mp3,.mp3
H:\Music\The Eagles\Their Greatest Hits (1971-1975)\The Eagles-Take It to the Limit.mp3,.mp3
H:\Music\The Fabulous Thunderbirds\The Fabulous Thunderbirds - Feelin' Good.mp3,.mp3
H:\Music\The Georgia Satellites\The Georgia Satellites-Hippy Hippy Shake.mp3,.mp3
H:\Music\The Georgia Satellites\Georgia Satellites\The Georgia Satellites - Keep Your Hands to Yourself.mp3,.mp3
H:\Music\The Guess Who\The Best of the Guess Who\The Guess Who-American Woman.mp3,.mp3
H:\Music\The Guess Who\The Best of the Guess Who\The Guess Who-Bus Rider.mp3,.mp3
H:\Music\The Guess Who\The Best of the Guess Who\The Guess Who-Do You Miss Me Darlin'.mp3,.mp3
H:\Music\The Guess Who\The Best of the Guess Who\The Guess Who-Hand Me Down World.mp3,.mp3
H:\Music\The Guess Who\The Best of the Guess Who\The Guess Who-Hang on to Your Life.mp3,.mp3
H:\Music\The Guess Who\The Best of the Guess Who\The Guess Who-Laughing.mp3,.mp3
H:\Music\The Guess Who\The Best of the Guess Who\The Guess Who-No Sugar Tonight-New Mother Nature.mp3,.mp3
H:\Music\The Guess Who\The Best of the Guess Who\The Guess Who-No Time.mp3,.mp3
H:\Music\The Guess Who\The Best of the Guess Who\The Guess Who-Share the Land.mp3,.mp3
H:\Music\The Guess Who\The Best of the Guess Who\The Guess Who-These Eyes.mp3,.mp3
H:\Music\The Guess Who\The Best of the Guess Who\The Guess Who-Undun.mp3,.mp3
H:\Music\The Hobbit\Howard Shore & Neil Finn-Neil Finn - Song of the Lonely Mountain.mp3,.mp3
"H:\Music\The Hobbit\Howard Shore, Richard Armitage & The Dwarf Cast-Richard Armitage - Misty Mountains.mp3",.mp3
H:\Music\The Holmes Brothers\The Holmes Brothers-Beast Of Burden.mp3,.mp3
H:\Music\The Judds\The Judds-Why Not Me.mp3,.mp3
H:\Music\The Kings\The Kings-THIS BEAT GOES ON.mp3,.mp3
H:\Music\The Mamas & the Papas\16 of Their Greatest Hits\The Mamas & the Papas-California Dreamin'.mp3,.mp3
H:\Music\The Mamas & the Papas\16 of Their Greatest Hits\The Mamas & the Papas-Creeque Alley.mp3,.mp3
H:\Music\The Mamas & the Papas\16 of Their Greatest Hits\The Mamas & the Papas-Go Where You Wanna Go.mp3,.mp3
H:\Music\The Mamas & the Papas\16 of Their Greatest Hits\The Mamas & the Papas-I Saw Her Again.mp3,.mp3
"H:\Music\The Mamas & the Papas\16 of Their Greatest Hits\The Mamas & the Papas-Monday, Monday.mp3",.mp3
H:\Music\The Mamas & the Papas\16 of Their Greatest Hits\The Mamas & the Papas-My Girl.mp3,.mp3
H:\Music\The Marvelettes\The Marvelettes-Danger Hearbreak Dead Ahead.mp3,.mp3
H:\Music\The Outfield\The Outfield-Your Love.mp3,.mp3
H:\Music\The Persuasions\Knockin' on Bob's Door\The Persuasions-All Along the Watchtower.mp3,.mp3
H:\Music\The Persuasions\Knockin' on Bob's Door\The Persuasions-Blowing in the Wind.mp3,.mp3
H:\Music\The Persuasions\Knockin' on Bob's Door\The Persuasions-Don't Think Twice It's Allright.mp3,.mp3
H:\Music\The Persuasions\Knockin' on Bob's Door\The Persuasions-Forever Young.mp3,.mp3
H:\Music\The Persuasions\Knockin' on Bob's Door\The Persuasions-Just Like a Woman.mp3,.mp3
H:\Music\The Persuasions\Knockin' on Bob's Door\The Persuasions-Knockin' on Heaven's Door.mp3,.mp3
H:\Music\The Persuasions\Knockin' on Bob's Door\The Persuasions-Lay Lady Lay.mp3,.mp3
H:\Music\The Persuasions\Knockin' on Bob's Door\The Persuasions-Like a Rolling Stone.mp3,.mp3
H:\Music\The Persuasions\Knockin' on Bob's Door\The Persuasions-Mr Tambourine Man.mp3,.mp3
H:\Music\The Persuasions\Knockin' on Bob's Door\The Persuasions-Positively 4th Street.mp3,.mp3
H:\Music\The Persuasions\Knockin' on Bob's Door\The Persuasions-Quinn the Eskimo (The Mighty Quinn).mp3,.mp3
H:\Music\The Persuasions\Knockin' on Bob's Door\The Persuasions-Things Have Changed.mp3,.mp3
H:\Music\The Persuasions\Knockin' on Bob's Door\The Persuasions-When I Paint My Masterpiece.mp3,.mp3
H:\Music\The Persuasions\Knockin' on Bob's Door\The Persuasions-You Ain't Going Nowhere.mp3,.mp3
H:\Music\The Police\The Police-roxanne.mp3,.mp3
H:\Music\The Pursuit of Happiness\Love Junk\The Pursuit of Happiness-Hard To Laugh.mp3,.mp3
H:\Music\The Pursuit of Happiness\Love Junk\The Pursuit of Happiness-I'm an Adult Now.mp3,.mp3
H:\Music\The Pursuit of Happiness\Love Junk\The Pursuit of Happiness-She's So Young.mp3,.mp3
H:\Music\The Rankin Family\The Rankin Family - Rise Again.mp3,.mp3
H:\Music\The Rankin Family\The Rankin Family - Roving Gypsy Boy .mp3,.mp3
H:\Music\The Rankin Family\The Rankin Family - We'll Carry On.mp3,.mp3
H:\Music\The Rankin Family\The Rankin Family - You Feel the Same Way Too.mp3,.mp3
H:\Music\The Rankin Family\The Rankin Family-Gillis Mountain.mp3,.mp3
H:\Music\The Rankin Family\The Rankin Family-Movin On.mp3,.mp3
H:\Music\The Rankin Family\The Rankin Family-North Country.mp3,.mp3
H:\Music\The Rankin Family\The Rankin Family-Orangedale Whistle.mp3,.mp3
H:\Music\The Ravens & Jimmy Ricks\The Ravens & Jimmy Ricks-Daddy Rollin' Stone.mp3,.mp3
H:\Music\The Rembrants\The Rembrants-I'll Be There For You.mp3,.mp3
H:\Music\The Righteous Brothers\The Righteous Brothers-Unchained Melody.mp3,.mp3
H:\Music\The Rivieras\The Rivieras-California Sun.mp3,.mp3
H:\Music\The Royal Guardsmen\The Royal Guardsmen-Snoopy vs. The Red Baron (Remastered).mp3,.mp3
H:\Music\The Searchers\The Searchers-Sugar and Spice.mp3,.mp3
H:\Music\The Tragically Hip\The Tragically Hip-38 Years Old.mp3,.mp3
H:\Music\The Tragically Hip\The Tragically Hip-Another Midnight.mp3,.mp3
H:\Music\The Tragically Hip\The Tragically Hip-Blow At High Dough.mp3,.mp3
H:\Music\The Tragically Hip\The Tragically Hip-Boots Or Hearts.mp3,.mp3
H:\Music\The Tragically Hip\The Tragically Hip-Everytime You Go.mp3,.mp3
H:\Music\The Tragically Hip\The Tragically Hip-I'll Believe In You (Or I'll Be Leaving You Tonight).mp3,.mp3
H:\Music\The Tragically Hip\The Tragically Hip-New Orleans Is Sinking.mp3,.mp3
H:\Music\The Tragically Hip\The Tragically Hip-Opiated.mp3,.mp3
H:\Music\The Tragically Hip\The Tragically Hip-She Didn't Know.mp3,.mp3
H:\Music\The Tragically Hip\The Tragically Hip-Trickle Down.mp3,.mp3
H:\Music\The Tragically Hip\The Tragically Hip-When The Weight Comes Down.mp3,.mp3
H:\Music\The Tragically Hip\The Tragically Hip\The Tragically Hip-All Canadian Surf Club.mp3,.mp3
H:\Music\The Tragically Hip\The Tragically Hip\The Tragically Hip-Cemetery Sideroad.mp3,.mp3
H:\Music\The Tragically Hip\The Tragically Hip\The Tragically Hip-Evelyn.mp3,.mp3
H:\Music\The Tragically Hip\The Tragically Hip\The Tragically Hip-Highway Girl.mp3,.mp3
"H:\Music\The Tragically Hip\The Tragically Hip\The Tragically Hip-I'm a Werewolf, Baby.mp3",.mp3
H:\Music\The Tragically Hip\The Tragically Hip\The Tragically Hip-Killing Time.mp3,.mp3
H:\Music\The Tragically Hip\The Tragically Hip\The Tragically Hip-Last American Exit.mp3,.mp3
H:\Music\The Tragically Hip\The Tragically Hip\The Tragically Hip-Small Town Bringdown.mp3,.mp3
"H:\Music\The Traveling Wilburys\The Traveling Wilburys, Vol. 3\The Traveling Wilburys-Devil's Been Busy.mp3",.mp3
"H:\Music\The Traveling Wilburys\The Traveling Wilburys, Vol. 3\The Traveling Wilburys-Inside Out.mp3",.mp3
"H:\Music\The Traveling Wilburys\The Traveling Wilburys, Vol. 3\The Traveling Wilburys-New Blue Moon.mp3",.mp3
"H:\Music\The Traveling Wilburys\The Traveling Wilburys, Vol. 3\The Traveling Wilburys-Poor House.mp3",.mp3
"H:\Music\The Traveling Wilburys\The Traveling Wilburys, Vol. 3\The Traveling Wilburys-She's My Baby.mp3",.mp3
"H:\Music\The Traveling Wilburys\The Traveling Wilburys, Vol. 3\The Traveling Wilburys-Wilbury Twist.mp3",.mp3
H:\Music\The Trews\The Trews-Man of Two Minds.mp3,.mp3
H:\Music\The Vaughan Brothers\The Vaughan Brothers-Telephone Song.mp3,.mp3
H:\Music\The Vogues\The Vogues-Five O'Clock World.mp3,.mp3
H:\Music\The Who\The Who-Teenage Wasteland.mp3,.mp3
H:\Music\Them\Them-Baby Please Don't Go.mp3,.mp3
H:\Music\Theory of a Deadman\Theory of a Deadman - Out of My Head.mp3,.mp3
H:\Music\Theory of a Deadman\Theory of a Deadman-Bad Girlfriend.mp3,.mp3
H:\Music\Theory of a Deadman\Theory of a Deadman-Hate My Life.mp3,.mp3
H:\Music\Theory of a Deadman\Theory of a Deadman-Little Smirk.mp3,.mp3
H:\Music\Thin Lizzie\Thin Lizzy-The Boys Are Back In Town.mp3,.mp3
H:\Music\Third Eye Blind\Third Eye Blind-How's It Going To Be.mp3,.mp3
H:\Music\Tim McGraw\Tim Mcgraw-BBQ Stain (On My White T Shirt).mp3,.mp3
H:\Music\Tim McGraw\Tim Mcgraw-My Next 30 Years.mp3,.mp3
H:\Music\Toby Keith\Toby Keith-As Good As I Once Was.mp3,.mp3
"H:\Music\Tom Cochrane and Red Rider\The Symphony Sessions\Tom Cochrane, Red Rider and The ESO-Big League.mp3",.mp3
"H:\Music\Tom Cochrane and Red Rider\The Symphony Sessions\Tom Cochrane, Red Rider and The ESO-Bird On A Wire.mp3",.mp3
"H:\Music\Tom Cochrane and Red Rider\The Symphony Sessions\Tom Cochrane, Red Rider and The ESO-Boy Inside The Man.mp3",.mp3
"H:\Music\Tom Cochrane and Red Rider\The Symphony Sessions\Tom Cochrane, Red Rider and The ESO-Calling America.mp3",.mp3
"H:\Music\Tom Cochrane and Red Rider\The Symphony Sessions\Tom Cochrane, Red Rider and The ESO-Can't Turn Back.mp3",.mp3
"H:\Music\Tom Cochrane and Red Rider\The Symphony Sessions\Tom Cochrane, Red Rider and The ESO-Human Race.mp3",.mp3
"H:\Music\Tom Cochrane and Red Rider\The Symphony Sessions\Tom Cochrane, Red Rider and The ESO-Light in the Tunnel.mp3",.mp3
"H:\Music\Tom Cochrane and Red Rider\The Symphony Sessions\Tom Cochrane, Red Rider and The ESO-Lunatic Fringe.mp3",.mp3
"H:\Music\Tom Cochrane and Red Rider\The Symphony Sessions\Tom Cochrane, Red Rider and The ESO-Napolean Sheds His Skin.mp3",.mp3
"H:\Music\Tom Cochrane and Red Rider\The Symphony Sessions\Tom Cochrane, Red Rider and The ESO-The Good Times.mp3",.mp3
"H:\Music\Tom Cochrane and Red Rider\The Symphony Sessions\Tom Cochrane, Red Rider and The ESO-The Next Life.mp3",.mp3
"H:\Music\Tom Cochrane and Red Rider\The Symphony Sessions\Tom Cochrane, Red Rider and The ESO-White Hot.mp3",.mp3
"H:\Music\Tom Cochrane and Red Rider\The Symphony Sessions\Tom Cochrane, Red Rider, and The ESO-Avenue 'A'.mp3",.mp3
H:\Music\Tom Cochrane and Red Rider\Victory Day\Tom Cochrane & Red Rider - Victory Day.mp3,.mp3
H:\Music\Tom Cochrane and Red Rider\Victory Day\Tom Cochrane & Red Rider- Big League.mp3,.mp3
H:\Music\Tommy James &The Shondells\Tommy James-Crimson And Clover.mp3,.mp3
H:\Music\Tommy James &The Shondells\Tommy James-I Think We're Alone.mp3,.mp3
H:\Music\Tommy James &The Shondells\Tommy James-Mony Mony.mp3,.mp3
H:\Music\Tommy Tucker\Tommy Tucker-Drunk.mp3,.mp3
H:\Music\Toronto Children's Chorus\Toronto Children's Chorus - The Huron Carol.mp3,.mp3
H:\Music\Total Sharpville\Todd Sharpville-Can't Hold Out.mp3,.mp3
H:\Music\Toto\Toto-Africa.mp3,.mp3
H:\Music\Townes Van Zandt\Townes Van Zandt - Nothin'.mp3,.mp3
H:\Music\Tracy Lawrence\Tracy Lawrence-I Threw the Rest Away.mp3,.mp3
H:\Music\Tracy Lawrence\Tracy Lawrence-If the Good Die Young.mp3,.mp3
"H:\Music\Tracy Lawrence\Tracy Lawrence-Renegades, Rebels, and Rogues.mp3",.mp3
H:\Music\Tracy Lawrence\Tracy Lawrence-Runnin' Behind.mp3,.mp3
H:\Music\Tracy Lawrence\Tracy Lawrence-Somebody Paints the Wall.mp3,.mp3
H:\Music\Tracy Lawrence\Tracy Lawrence-Sticks and Stones [Acoustic].mp3,.mp3
H:\Music\Tracy Lawrence\Tracy Lawrence-Today's Lonely Fool.mp3,.mp3
"H:\Music\Train\Train-Save Me, San Francisco.mp3",.mp3
H:\Music\Travis Tritt\Travis Tritt-Country Ain't Country.mp3,.mp3
H:\Music\Travis Tritt\Travis Tritt-Country Club.mp3,.mp3
H:\Music\Travis Tritt\Travis Tritt-Draggin' My Heart Around.mp3,.mp3
H:\Music\Travis Tritt\Travis Tritt-Here's A Quarter (Call Someone Who Cares).mp3,.mp3
H:\Music\Travis Tritt\Travis Tritt-More Than You'll Ever Know.mp3,.mp3
H:\Music\Travis Tritt\Travis Tritt-Restless Kind.mp3,.mp3
H:\Music\Travis Tritt\Travis Tritt-She's Going Home With Me.mp3,.mp3
H:\Music\Travis Tritt\Travis Tritt-Still in Love With You.mp3,.mp3
H:\Music\Travis Tritt\Travis Tritt-T-R-O-U-B-L-E.mp3,.mp3
H:\Music\Travis Tritt\Travis Tritt-Take It Easy.mp3,.mp3
H:\Music\Travis Tritt\Travis Tritt-Where Corn Don't Grow.mp3,.mp3
H:\Music\Travis Tritt\A Travis Tritt Christmas- Loving Time of the Year\Travis Tritt-All I Want For Christmas Dear Is You.mp3,.mp3
H:\Music\Travis Tritt\A Travis Tritt Christmas- Loving Time of the Year\Travis Tritt-Christmas in My Hometown.mp3,.mp3
H:\Music\Travis Tritt\A Travis Tritt Christmas- Loving Time of the Year\Travis Tritt-Christmas Just Ain't Christmas Without You.mp3,.mp3
H:\Music\Travis Tritt\A Travis Tritt Christmas- Loving Time of the Year\Travis Tritt-Have Yourself a Merry Little Christmas.mp3,.mp3
H:\Music\Travis Tritt\A Travis Tritt Christmas- Loving Time of the Year\Travis Tritt-I Heard the Bells on Christmas Day.mp3,.mp3
H:\Music\Travis Tritt\A Travis Tritt Christmas- Loving Time of the Year\Travis Tritt-Loving Time of the Year.mp3,.mp3
H:\Music\Travis Tritt\A Travis Tritt Christmas- Loving Time of the Year\Travis Tritt-O Little Town of Bethlehem.mp3,.mp3
H:\Music\Travis Tritt\A Travis Tritt Christmas- Loving Time of the Year\Travis Tritt-Santa Looked a Lot Like Daddy.mp3,.mp3
H:\Music\Travis Tritt\A Travis Tritt Christmas- Loving Time of the Year\Travis Tritt-Silver Bells.mp3,.mp3
H:\Music\Travis Tritt\A Travis Tritt Christmas- Loving Time of the Year\Travis Tritt-Winter Wonderland.mp3,.mp3
H:\Music\TRex\T.Rex-Bang A Gong (Get It On).mp3,.mp3
H:\Music\Trooper\Trooper-Raise A Little Hell.mp3,.mp3
H:\Music\Trooper\Trooper-The Boys In The Bright White Sports Car.mp3,.mp3
H:\Music\Tuts Washington\Tuts Washington-When The Saints Go Marching In.mp3,.mp3
H:\Music\U2\U2-New Year's Day.mp3,.mp3
H:\Music\Van Halen\Diver Down\Van Halen-(Oh) Pretty Woman.mp3,.mp3
H:\Music\Van Halen\Diver Down\Van Halen-Dancing in the Street.mp3,.mp3
H:\Music\Van Halen\Diver Down\Van Halen-Secrets.mp3,.mp3
H:\Music\Van Halen\Diver Down\Van Halen-Where Have All the Good Times Gone!.mp3,.mp3
H:\Music\Van Morrison\Van Morrison - Midnight Special.mp3,.mp3
H:\Music\Van Morrison\Van Morrison-Brown Eyed Girl.mp3,.mp3
"H:\Music\Various Artists\Best of the Blues, Volume 1\Albert Collins-Trash Talkin'.mp3",.mp3
H:\Music\Wade Hayes\Wade Hayes-Old Enough To Know Better.mp3,.mp3
H:\Music\Wade Hayes\Wade Hayes-On A Good Night.mp3,.mp3
H:\Music\Walter Wolfman Washington\Walter 'Wolfman' Washington-You Got Me Worried.mp3,.mp3
H:\Music\Wayne Fontasna and the Mindbenders\Wayne Fontana and the Mindbenders-Game of Love.mp3,.mp3
H:\Music\Whitesnake\Whitesnake - Here I Go Again.mp3,.mp3
H:\Music\Whitney Houston\Whitney Houston-I Have Nothing (Remastered).mp3,.mp3
H:\Music\Whitney Houston\Whitney Houston-I Will Always Love You.mp3,.mp3
H:\Music\Wilbert Harrison\Wilbert Harrison - Kansas City.mp3,.mp3
H:\Music\Willie Dixon\Willie Dixon - Back Door Man.mp3,.mp3
H:\Music\Willie Dixon\Willie Dixon-Walkin' The Blues.mp3,.mp3
H:\Music\Willie King\Willlie King-Peg Leg Woman.mp3,.mp3
H:\Music\Willie Mabon\Willie Mabon - Poison Ivy.mp3,.mp3
H:\Music\Willie Williams and Carey Bell\Willie Williams And Carey Bell-Showing Off My Car.mp3,.mp3
H:\Music\Wilson Phillips\Wilson Phillips-Release Me.mp3,.mp3
H:\Music\Wings\Wings-Silly Love Songs.mp3,.mp3
H:\Music\Wings\Wings Greatest\Paul & Linda McCartney-Uncle Albert-Admiral Halsey.mp3,.mp3
H:\Music\Wings\Wings Greatest\Paul McCartney & Wings-Band on the Run.mp3,.mp3
H:\Music\Wings\Wings Greatest\Paul McCartney & Wings-Junior's Farm.mp3,.mp3
H:\Music\Wings\Wings Greatest\Paul McCartney & Wings-My Love.mp3,.mp3
H:\Music\Wings\Wings Greatest\Paul McCartney-Another Day.mp3,.mp3
"H:\Music\Wings\Wings Greatest\Wings-Hi, Hi, Hi.mp3",.mp3
H:\Music\Wings\Wings Greatest\Wings-Jet.mp3,.mp3
H:\Music\Wings\Wings Greatest\Wings-Let 'Em In.mp3,.mp3
H:\Music\Wings\Wings Greatest\Wings-Live and Let Die.mp3,.mp3
H:\Music\Wings\Wings Greatest\Wings-Mull of Kintyre.mp3,.mp3
H:\Music\Wings\Wings Greatest\Wings-With a Little Luck.mp3,.mp3
H:\Music\X Ambassadors\X Ambassadors-Renegades.mp3,.mp3
H:\Music\Yes\Yes-Owner of a Lonely Heart.mp3,.mp3
H:\Music\Z.Z. Hill\Z.Z. Hill-Love Is So Good When You Are Stealing It.mp3,.mp3
H:\Music\ZZ Top\ZZ Top-Tush.mp3,.mp3
H:\Music\ZZ Top\Eliminator\ZZ Top - Bad Girl.mp3,.mp3
H:\Music\ZZ Top\Eliminator\ZZ Top - Got Me Under Pressure.mp3,.mp3
H:\Music\ZZ Top\Eliminator\ZZ Top - If I could Only Flag Her Down.mp3,.mp3
H:\Music\ZZ Top\Eliminator\ZZ Top - Legs.mp3,.mp3
H:\Music\ZZ Top\Eliminator\ZZ Top - Sharp Dressed Man.mp3,.mp3
H:\Music\ZZ Top\Eliminator\ZZ Top- Gimme All Your Lovin.mp3,.mp3
H:\Music\Alejandro Escovedo\Alejandro Escovedo-Broken Bottle.wma,.wma
H:\Music\Alejandro Escovedo\Alejandro Escovedo-Five Hearts Breaking.wma,.wma
H:\Music\Alejandro Escovedo\Alejandro Escovedo-Gravity-Falling Down Again-Street Hassle.wma,.wma
H:\Music\Alejandro Escovedo\Alejandro Escovedo-I Wanna Be Your Dog.wma,.wma
H:\Music\Alejandro Escovedo\Alejandro Escovedo-Last To Know.wma,.wma
H:\Music\Alejandro Escovedo\Alejandro Escovedo-One More Time.wma,.wma
H:\Music\Alejandro Escovedo\Alejandro Escovedo-Pissed Off 2AM.wma,.wma
H:\Music\Alejandro Escovedo\Alejandro Escovedo-She Doesn't Live Here Anymore.wma,.wma
H:\Music\Alejandro Escovedo\Alejandro Escovedo-She Towers Above.wma,.wma
H:\Music\Alejandro Escovedo\Alejandro Escovedo-Sway.wma,.wma
H:\Music\Antonio Carlos Jobim\Antonio Carlos Jobim-The Girl From Ipanema.wma,.wma
H:\Music\B.B. King\B.B. King-Ain't Nobody Home.wma,.wma
H:\Music\B.B. King\B.B. King-All Over Again.wma,.wma
H:\Music\B.B. King\B.B. King-Drivin' Wheel.wma,.wma
H:\Music\B.B. King\B.B. King-Early In The Morning.wma,.wma
H:\Music\B.B. King\B.B. King-Funny How Time Slips Away.wma,.wma
H:\Music\B.B. King\B.B. King-Hummingbird.wma,.wma
H:\Music\B.B. King\B.B. King-Need Your Love So Bad.wma,.wma
H:\Music\B.B. King\B.B. King-Never Make Your Move Too Soon.wma,.wma
H:\Music\B.B. King\B.B. King-The Thrill Is Gone.wma,.wma
H:\Music\B.B. King\B.B. King-There Must Be A Better World Somewhere.wma,.wma
H:\Music\B.B. King\B.B. King-Tired Of Your Jive.wma,.wma
H:\Music\B.B. King & Elton John\B. B. King & Elton John-Rock This House.wma,.wma
H:\Music\B.B. King & Eric Clapton\B.B. King & Eric Clapton-Come Rain Or Come Shine.wma,.wma
H:\Music\B.B. King & Eric Clapton\B.B. King & Eric Clapton-Days Of Old.wma,.wma
H:\Music\B.B. King & Eric Clapton\B.B. King & Eric Clapton-Help The Poor.wma,.wma
H:\Music\B.B. King & Eric Clapton\B.B. King & Eric Clapton-Hold On! I'm Comin'.wma,.wma
H:\Music\B.B. King & Eric Clapton\B.B. King & Eric Clapton-I Wanna Be.wma,.wma
H:\Music\B.B. King & Eric Clapton\B.B. King & Eric Clapton-Key To The Highway.wma,.wma
H:\Music\B.B. King & Eric Clapton\B.B. King & Eric Clapton-Marry You.wma,.wma
H:\Music\B.B. King & Eric Clapton\B.B. King & Eric Clapton-Riding With The King.wma,.wma
H:\Music\B.B. King & Eric Clapton\B.B. King & Eric Clapton-Ten Long Years.wma,.wma
H:\Music\B.B. King & Eric Clapton\B.B. King & Eric Clapton-Three O'Clock Blues.wma,.wma
H:\Music\B.B. King & Eric Clapton\B.B. King & Eric Clapton-When My Heart Beats Like A Hammer.wma,.wma
H:\Music\B.B. King & Eric Clapton\B.B. King & Eric Clapton-Worried Life Blues.wma,.wma
H:\Music\Barenaked Ladies\Hits from Yesterday & the Day Before\Barenaked Ladies-Another Postcard.wma,.wma
H:\Music\Barenaked Ladies\Hits from Yesterday & the Day Before\Barenaked Ladies-Big Bang Theory Theme.wma,.wma
H:\Music\Barenaked Ladies\Hits from Yesterday & the Day Before\Barenaked Ladies-Brian Wilson.wma,.wma
H:\Music\Barenaked Ladies\Hits from Yesterday & the Day Before\Barenaked Ladies-Call and Answer.wma,.wma
H:\Music\Barenaked Ladies\Hits from Yesterday & the Day Before\Barenaked Ladies-Easy.wma,.wma
H:\Music\Barenaked Ladies\Hits from Yesterday & the Day Before\Barenaked Ladies-Falling for the First Time.wma,.wma
H:\Music\Barenaked Ladies\Hits from Yesterday & the Day Before\Barenaked Ladies-One Week.wma,.wma
H:\Music\Barenaked Ladies\Hits from Yesterday & the Day Before\Barenaked Ladies-Pinch Me.wma,.wma
"H:\Music\Barenaked Ladies\Hits from Yesterday & the Day Before\Barenaked Ladies-Testing 1, 2, 3.wma",.wma
H:\Music\Barenaked Ladies\Hits from Yesterday & the Day Before\Barenaked Ladies-The Old Apartment.wma,.wma
H:\Music\Barenaked Ladies\Hits from Yesterday & the Day Before\Barenaked Ladies-Too Little Too Late.wma,.wma
H:\Music\Barenaked Ladies\Hits from Yesterday & the Day Before\Barenaked Ladies-You Run Away.wma,.wma
H:\Music\Barenaked Ladies\Stop Us If You've Heard This One Before!\Barenaked Ladies-Adrift.wma,.wma
H:\Music\Barenaked Ladies\Stop Us If You've Heard This One Before!\Barenaked Ladies-Half a Heart.wma,.wma
"H:\Music\Barenaked Ladies\Stop Us If You've Heard This One Before!\Barenaked Ladies-I Can, I Will, I Do.wma",.wma
H:\Music\Barenaked Ladies\Stop Us If You've Heard This One Before!\Barenaked Ladies-I Don't Get It Anymore.wma,.wma
H:\Music\Barenaked Ladies\Stop Us If You've Heard This One Before!\Barenaked Ladies-Long While.wma,.wma
H:\Music\Barenaked Ladies\Stop Us If You've Heard This One Before!\Barenaked Ladies-Old Apartment.wma,.wma
H:\Music\Barenaked Ladies\Stop Us If You've Heard This One Before!\Barenaked Ladies-One Week.wma,.wma
H:\Music\Barenaked Ladies\Stop Us If You've Heard This One Before!\Barenaked Ladies-Same Thing.wma,.wma
H:\Music\Barenaked Ladies\Stop Us If You've Heard This One Before!\Barenaked Ladies-Second Best.wma,.wma
H:\Music\Barenaked Ladies\Stop Us If You've Heard This One Before!\Barenaked Ladies-Shake Your Rump.wma,.wma
H:\Music\Barenaked Ladies\Stop Us If You've Heard This One Before!\Barenaked Ladies-Teenage Wasteland.wma,.wma
H:\Music\Barenaked Ladies\Stop Us If You've Heard This One Before!\Barenaked Ladies-Yes! Yes!! Yes!!!.wma,.wma
H:\Music\Billie Holiday\Billie Holiday-Georgia On My Mind.wma,.wma
H:\Music\Billie Holiday\Billie Holiday-I Wish I Had You.wma,.wma
H:\Music\Billie Holiday\Billie Holiday-If You Were Mine.wma,.wma
H:\Music\Billie Holiday\Billie Holiday-Let's Call A Heart A Heart.wma,.wma
H:\Music\Billie Holiday\Billie Holiday-Miss Brown To You.wma,.wma
H:\Music\Billie Holiday\Billie Holiday-More Than You Know.wma,.wma
H:\Music\Billie Holiday\Billie Holiday-Night And Day.wma,.wma
H:\Music\Billie Holiday\Billie Holiday-Please Keep Me In Your Dreams.wma,.wma
H:\Music\Billie Holiday\Billie Holiday-Romance In The Dark.wma,.wma
H:\Music\Billie Holiday\Billie Holiday-Spreadin' Rhythm Around.wma,.wma
H:\Music\Billie Holiday\Billie Holiday-These 'N That N' Those.wma,.wma
H:\Music\Billie Holiday\Billie Holiday-Twenty Four Hours A Day.wma,.wma
H:\Music\Billie Holiday\Billie Holiday-What A Little Moonlight Can Do.wma,.wma
H:\Music\Billie Holiday\Billie Holiday-Yankee Doodle Never Went To Town.wma,.wma
"H:\Music\Billy Joel\Greatest Hits, Vols. 1\Billy Joel-Just the Way You Are.wma",.wma
"H:\Music\Billy Joel\Greatest Hits, Vols. 1\Billy Joel-Movin' Out (Anthony's Song).wma",.wma
"H:\Music\Billy Joel\Greatest Hits, Vols. 1\Billy Joel-New York State of Mind.wma",.wma
"H:\Music\Billy Joel\Greatest Hits, Vols. 1\Billy Joel-Only the Good Die Young.wma",.wma
"H:\Music\Billy Joel\Greatest Hits, Vols. 1\Billy Joel-Piano Man.wma",.wma
"H:\Music\Billy Joel\Greatest Hits, Vols. 1\Billy Joel-She's Always a Woman.wma",.wma
"H:\Music\Billy Joel\Greatest Hits, Vols. 1\Billy Joel-The Entertainer.wma",.wma
"H:\Music\Billy Joel\Greatest Hits, Vols. 1\Billy Joel-The Stranger.wma",.wma
"H:\Music\Billy Joel\Greatest Hits, Vols. 2\Billy Joel-Allentown.wma",.wma
"H:\Music\Billy Joel\Greatest Hits, Vols. 2\Billy Joel-Big Shot.wma",.wma
"H:\Music\Billy Joel\Greatest Hits, Vols. 2\Billy Joel-Don't Ask Me Why.wma",.wma
"H:\Music\Billy Joel\Greatest Hits, Vols. 2\Billy Joel-Goodnight Saigon.wma",.wma
"H:\Music\Billy Joel\Greatest Hits, Vols. 2\Billy Joel-It's Still Rock & Roll to Me.wma",.wma
"H:\Music\Billy Joel\Greatest Hits, Vols. 2\Billy Joel-My Life.wma",.wma
"H:\Music\Billy Joel\Greatest Hits, Vols. 2\Billy Joel-Pressure.wma",.wma
"H:\Music\Billy Joel\Greatest Hits, Vols. 2\Billy Joel-The Longest Time.wma",.wma
"H:\Music\Billy Joel\Greatest Hits, Vols. 2\Billy Joel-The Night Is Still Young.wma",.wma
"H:\Music\Billy Joel\Greatest Hits, Vols. 2\Billy Joel-Uptown Girl.wma",.wma
"H:\Music\Billy Joel\Greatest Hits, Vols. 2\Billy Joel-You May Be Right.wma",.wma
"H:\Music\Billy Joel\Greatest Hits, Vols. 2\Billy Joel-You're Only Human (Second Wind).wma",.wma
H:\Music\Boney M\The 20 Greatest Christmas Songs\Boney M-Auld Lang Syne.wma,.wma
"H:\Music\Boney M\The 20 Greatest Christmas Songs\Boney M-Christmas Medley- Silent Night, Holy Night (Stille Nacht, Heilige ...).wma",.wma
H:\Music\Boney M\The 20 Greatest Christmas Songs\Boney M-Darkness Is Falling (Es Wird Scho' Glei' Dumpa).wma,.wma
H:\Music\Boney M\The 20 Greatest Christmas Songs\Boney M-Feliz Navidad.wma,.wma
H:\Music\Boney M\The 20 Greatest Christmas Songs\Boney M-Hark! The Herald Angels Sing.wma,.wma
H:\Music\Boney M\The 20 Greatest Christmas Songs\Boney M-Jingle Bells.wma,.wma
H:\Music\Boney M\The 20 Greatest Christmas Songs\Boney M-Joy to the World.wma,.wma
H:\Music\Boney M\The 20 Greatest Christmas Songs\Boney M-Mary's Boy Child-Oh My Lord.wma,.wma
H:\Music\Boney M\The 20 Greatest Christmas Songs\Boney M-Oh Christmas Tree (Oh Tannenbaum).wma,.wma
H:\Music\Boney M\The 20 Greatest Christmas Songs\Boney M-Oh Come All Ye Faithful.wma,.wma
H:\Music\Boney M\The 20 Greatest Christmas Songs\Boney M-Petit Papa Noel.wma,.wma
H:\Music\Boney M\The 20 Greatest Christmas Songs\Boney M-The First Noel.wma,.wma
H:\Music\Boney M\The 20 Greatest Christmas Songs\Boney M-The Little Drummer Boy.wma,.wma
H:\Music\Boney M\The 20 Greatest Christmas Songs\Boney M-When a Child Is Born.wma,.wma
H:\Music\Boney M\The 20 Greatest Christmas Songs\Boney M-White Christmas.wma,.wma
H:\Music\Boney M\The 20 Greatest Christmas Songs\Boney M-Zion's Daughter (Tochter Zion).wma,.wma
H:\Music\Bruce Springsteen\Greatest Hits\Bruce Springsteen-Born in the U.S.A.wma,.wma
H:\Music\Bruce Springsteen\Greatest Hits\Bruce Springsteen-Born to Run.wma,.wma
H:\Music\Bruce Springsteen\Greatest Hits\Bruce Springsteen-Brilliant Disguise.wma,.wma
H:\Music\Bruce Springsteen\Greatest Hits\Bruce Springsteen-Dancing in the Dark.wma,.wma
H:\Music\Bruce Springsteen\Greatest Hits\Bruce Springsteen-Glory Days.wma,.wma
H:\Music\Bruce Springsteen\Greatest Hits\Bruce Springsteen-Hungry Heart.wma,.wma
H:\Music\Bruce Springsteen\Greatest Hits\Bruce Springsteen-My Hometown.wma,.wma
H:\Music\Bruce Springsteen\Greatest Hits\Bruce Springsteen-Streets of Philadelphia.wma,.wma
H:\Music\Bruce Springsteen\Greatest Hits\Bruce Springsteen-The River.wma,.wma
H:\Music\Bryan Adams\Reckless\Bryan Adams-Heaven.wma,.wma
H:\Music\Bryan Adams\Reckless\Bryan Adams-It's Only Love.wma,.wma
H:\Music\Bryan Adams\Reckless\Bryan Adams-Kids Wanna Rock.wma,.wma
H:\Music\Bryan Adams\Reckless\Bryan Adams-One Night Love Affair.wma,.wma
H:\Music\Bryan Adams\Reckless\Bryan Adams-Run to You.wma,.wma
H:\Music\Bryan Adams\Reckless\Bryan Adams-Summer of '69.wma,.wma
H:\Music\Buddy Guy\Buddy Guy-Ain't No Sunshine.wma,.wma
H:\Music\Buddy Guy\Buddy Guy-Cheaper To Keep Her - Blues In The Night.wma,.wma
H:\Music\Buddy Guy\Buddy Guy-Cut You Loose.wma,.wma
H:\Music\Buddy Guy\Buddy Guy-Do Your Thing.wma,.wma
H:\Music\Buddy Guy\Buddy Guy-I Put A Spell On You.wma,.wma
H:\Music\Buddy Guy\Buddy Guy-I've Got Dreams To Remember.wma,.wma
H:\Music\Buddy Guy\Buddy Guy-Lay Lady Lay.wma,.wma
H:\Music\Buddy Guy\Buddy Guy-Ninety Nine And One Half.wma,.wma
H:\Music\Buddy Guy\Buddy Guy-Now You're Gone.wma,.wma
H:\Music\Buddy Guy\Buddy Guy-On A Saturday Night.wma,.wma
H:\Music\Buddy Guy\Buddy Guy-Somebody's Sleeping In My Bed.wma,.wma
H:\Music\Buddy Guy\Buddy Guy-The Price You Gotta Pay.wma,.wma
H:\Music\Buddy Guy\Buddy Guy-What Kind Of Woman Is This-.wma,.wma
H:\Music\Celine Dion\Celine Dion-Beauty and the Beast.wma,.wma
H:\Music\Celine Dion\Celine Dion-Nothing Broken But My Heart.wma,.wma
H:\Music\Cher\Believe\Cher-All or Nothing.wma,.wma
H:\Music\Cher\Believe\Cher-Believe.wma,.wma
H:\Music\Cher\Believe\Cher-Dov'e l'Amore.wma,.wma
H:\Music\Cher\Believe\Cher-Love Is the Groove.wma,.wma
H:\Music\Cher\Believe\Cher-Runaway.wma,.wma
H:\Music\Cher\Believe\Cher-Strong Enough.wma,.wma
H:\Music\Cher\Believe\Cher-Takin' Back My Heart.wma,.wma
H:\Music\Cher\Believe\Cher-Taxi Taxi.wma,.wma
H:\Music\Cher\Believe\Cher-The Power.wma,.wma
H:\Music\Cher\Believe\Cher-We All Sleep Alone.wma,.wma
H:\Music\Chris de Burgh\Spanish Train & Other Stories\Chris de Burgh-A Spaceman Came Travelling.wma,.wma
H:\Music\Chris de Burgh\Spanish Train & Other Stories\Chris de Burgh-I'm Going Home.wma,.wma
H:\Music\Chris de Burgh\Spanish Train & Other Stories\Chris de Burgh-Just Another Poor Boy.wma,.wma
H:\Music\Chris de Burgh\Spanish Train & Other Stories\Chris de Burgh-Lonely Sky.wma,.wma
H:\Music\Chris de Burgh\Spanish Train & Other Stories\Chris de Burgh-Old Friend.wma,.wma
H:\Music\Chris de Burgh\Spanish Train & Other Stories\Chris de Burgh-Patricia the Stripper.wma,.wma
H:\Music\Chris de Burgh\Spanish Train & Other Stories\Chris de Burgh-Spanish Train.wma,.wma
H:\Music\Chris de Burgh\Spanish Train & Other Stories\Chris de Burgh-The Painter.wma,.wma
H:\Music\Chris de Burgh\Spanish Train & Other Stories\Chris de Burgh-The This Song for You.wma,.wma
H:\Music\Chris de Burgh\Spanish Train & Other Stories\Chris de Burgh-The Tower.wma,.wma
"H:\Music\Chris Thomas King\Me, My Guitar and the Blues\Chris Thomas King-Born Under a Bad Sign.wma",.wma
"H:\Music\Chris Thomas King\Me, My Guitar and the Blues\Chris Thomas King-Bourbon Street Blues.wma",.wma
"H:\Music\Chris Thomas King\Me, My Guitar and the Blues\Chris Thomas King-Cain.wma",.wma
"H:\Music\Chris Thomas King\Me, My Guitar and the Blues\Chris Thomas King-Gambling Woman.wma",.wma
"H:\Music\Chris Thomas King\Me, My Guitar and the Blues\Chris Thomas King-Like Father, Like Son.wma",.wma
"H:\Music\Chris Thomas King\Me, My Guitar and the Blues\Chris Thomas King-Me, My Guitar and the Blues.wma",.wma
"H:\Music\Chris Thomas King\Me, My Guitar and the Blues\Chris Thomas King-Stay Just As You Are.wma",.wma
"H:\Music\Chris Thomas King\Me, My Guitar and the Blues\Chris Thomas King-Stones in My Passway.wma",.wma
"H:\Music\Chris Thomas King\Me, My Guitar and the Blues\Chris Thomas King-Superstitous Blues.wma",.wma
"H:\Music\Chris Thomas King\Me, My Guitar and the Blues\Chris Thomas King-Why Blues.wma",.wma
"H:\Music\Chris Thomas King\Me, My Guitar and the Blues\Chris Thomas King-You Are My Heaven.wma",.wma
H:\Music\Colin James\Bad Habits\Colin James-Atlanta Moan.wma,.wma
H:\Music\Colin James\Bad Habits\Colin James-Bad Habits.wma,.wma
H:\Music\Colin James\Bad Habits\Colin James-Better Days.wma,.wma
H:\Music\Colin James\Bad Habits\Colin James-Forty-Four.wma,.wma
H:\Music\Colin James\Bad Habits\Colin James-Freedom.wma,.wma
H:\Music\Colin James\Bad Habits\Colin James-I Can't Hold Out.wma,.wma
H:\Music\Colin James\Bad Habits\Colin James-Real Stuff.wma,.wma
H:\Music\Colin James\Bad Habits\Colin James-Saviour.wma,.wma
H:\Music\Colin James\Bad Habits\Colin James-Speechless.wma,.wma
H:\Music\Colin James\Bad Habits\Colin James-Standin' On The Edge.wma,.wma
H:\Music\Colin James\Bad Habits\Colin James-Walkin' Blues.wma,.wma
H:\Music\Colin James\Colin James & the Little Big Band 3\Colin James-Feelin' Good.wma,.wma
H:\Music\Colin James\Colin James & the Little Big Band 3\Colin James-I Want You To Be My Baby.wma,.wma
H:\Music\Colin James\Colin James & the Little Big Band 3\Colin James-I Will Be There.wma,.wma
H:\Music\Colin James\Colin James & the Little Big Band 3\Colin James-I'm Shakin'.wma,.wma
H:\Music\Colin James\Colin James & the Little Big Band 3\Colin James-Lonely Avenue.wma,.wma
"H:\Music\Colin James\Colin James & the Little Big Band 3\Colin James-No Buts, No Maybes.wma",.wma
"H:\Music\Colin James\Colin James & the Little Big Band 3\Colin James-Please, Baby Don't Do That.wma",.wma
H:\Music\Colin James\Colin James & the Little Big Band 3\Colin James-Reet Petite.wma,.wma
H:\Music\Colin James\Colin James & the Little Big Band 3\Colin James-That's What Love Is Made Of.wma,.wma
H:\Music\Colin James\Colin James & the Little Big Band 3\Colin James-That's Where It's At.wma,.wma
H:\Music\Colin James\Colin James & the Little Big Band 3\Colin James-The Night Is Young (And You're So Fine).wma,.wma
H:\Music\Colin James\Colin James & the Little Big Band 3\Colin James-Where Y'At.wma,.wma
"H:\Music\Creedence Clearwater Revival\Chronicle, Vol. 1\Creedence Clearwater Revival-Bad Moon Rising.wma",.wma
"H:\Music\Creedence Clearwater Revival\Chronicle, Vol. 1\Creedence Clearwater Revival-Down on the Corner.wma",.wma
"H:\Music\Creedence Clearwater Revival\Chronicle, Vol. 1\Creedence Clearwater Revival-Fortunate Son.wma",.wma
"H:\Music\Creedence Clearwater Revival\Chronicle, Vol. 1\Creedence Clearwater Revival-Have You Ever Seen the Rain-.wma",.wma
"H:\Music\Creedence Clearwater Revival\Chronicle, Vol. 1\Creedence Clearwater Revival-I Heard It Through the Grapevine.wma",.wma
"H:\Music\Creedence Clearwater Revival\Chronicle, Vol. 1\Creedence Clearwater Revival-Long as I Can See the Light.wma",.wma
"H:\Music\Creedence Clearwater Revival\Chronicle, Vol. 1\Creedence Clearwater Revival-Lookin' Out My Back Door.wma",.wma
"H:\Music\Creedence Clearwater Revival\Chronicle, Vol. 1\Creedence Clearwater Revival-Proud Mary.wma",.wma
"H:\Music\Creedence Clearwater Revival\Chronicle, Vol. 1\Creedence Clearwater Revival-Run Through the Jungle.wma",.wma
"H:\Music\Creedence Clearwater Revival\Chronicle, Vol. 1\Creedence Clearwater Revival-Susie-Q.wma",.wma
"H:\Music\Creedence Clearwater Revival\Chronicle, Vol. 1\Creedence Clearwater Revival-Travelin' Band.wma",.wma
"H:\Music\Creedence Clearwater Revival\Chronicle, Vol. 1\Creedence Clearwater Revival-Who'll Stop the Rain.wma",.wma
H:\Music\Dan Penn\Do Right Man\Dan Penn-Cry Like a Man.wma,.wma
"H:\Music\Dan Penn\Do Right Man\Dan Penn-Do Right Woman, Do Right Man.wma",.wma
H:\Music\Dan Penn\Do Right Man\Dan Penn-He'll Take Care of You.wma,.wma
H:\Music\Dan Penn\Do Right Man\Dan Penn-I'm Your Puppet.wma,.wma
H:\Music\Dan Penn\Do Right Man\Dan Penn-It Tears Me Up.wma,.wma
H:\Music\Dan Penn\Do Right Man\Dan Penn-Memphis Women And Chicken.wma,.wma
H:\Music\Dan Penn\Do Right Man\Dan Penn-The Dark End Of The Street.wma,.wma
H:\Music\Dan Penn\Do Right Man\Dan Penn-Where There's a Will There's a Way.wma,.wma
H:\Music\Dan Penn\Do Right Man\Dan Penn-You Left the Water Running.wma,.wma
H:\Music\Dan Penn\Do Right Man\Dan Penn-Zero Willpower.wma,.wma
H:\Music\Danny Brooks\It's A Southern Thing\Danny Brooks-Brother Bill.wma,.wma
H:\Music\Danny Brooks\It's A Southern Thing\Danny Brooks-Candito.wma,.wma
H:\Music\Danny Brooks\It's A Southern Thing\Danny Brooks-Georgia Bound.wma,.wma
H:\Music\Danny Brooks\It's A Southern Thing\Danny Brooks-Just A Little Faith.wma,.wma
H:\Music\Danny Brooks\It's A Southern Thing\Danny Brooks-More Than This.wma,.wma
H:\Music\Danny Brooks\It's A Southern Thing\Danny Brooks-Never Get Over You.wma,.wma
H:\Music\Danny Brooks\It's A Southern Thing\Danny Brooks-Only Love Cna Satisfy.wma,.wma
H:\Music\Danny Brooks\It's A Southern Thing\Danny Brooks-Prisoners Of Hope.wma,.wma
H:\Music\Danny Brooks\It's A Southern Thing\Danny Brooks-Show Up And Sing.wma,.wma
H:\Music\Danny Brooks\It's A Southern Thing\Danny Brooks-Shutting Me Down.wma,.wma
H:\Music\Danny Brooks\It's A Southern Thing\Danny Brooks-Southern Thing.wma,.wma
H:\Music\Danny Brooks\It's A Southern Thing\Danny Brooks-The Way It Goes.wma,.wma
H:\Music\Danny Brooks\It's A Southern Thing\Danny Brooks-Wheels Keep Spinning.wma,.wma
H:\Music\Darren Johnson\Close To Home\Darren Johnson-All My Worries.wma,.wma
H:\Music\Darren Johnson\Close To Home\Darren Johnson-Boogie Woogie.wma,.wma
H:\Music\Darren Johnson\Close To Home\Darren Johnson-Broken Hearts.wma,.wma
H:\Music\Darren Johnson\Close To Home\Darren Johnson-Hurtin Kind.wma,.wma
H:\Music\Darren Johnson\Close To Home\Darren Johnson-I'm Lovin' It.wma,.wma
H:\Music\Darren Johnson\Close To Home\Darren Johnson-My Babe.wma,.wma
H:\Music\Darren Johnson\Close To Home\Darren Johnson-No Good.wma,.wma
H:\Music\Darren Johnson\Close To Home\Darren Johnson-Post Modern Drinking Blues (Part 1).wma,.wma
H:\Music\Darren Johnson\Close To Home\Darren Johnson-She Won't Fall.wma,.wma
H:\Music\Darren Johnson\Close To Home\Darren Johnson-Sixteen.wma,.wma
H:\Music\Darren Johnson\Close To Home\Darren Johnson-Under The Covers.wma,.wma
H:\Music\Darren Johnson\Close To Home\Darren Johnson-When The Sun Shines.wma,.wma
H:\Music\Darren Johnson\The Legend Of Hank Gibbled\Darren Johnson-By My Side.wma,.wma
H:\Music\Darren Johnson\The Legend Of Hank Gibbled\Darren Johnson-Cow Hunters Lament (A Song For Laurie).wma,.wma
H:\Music\Darren Johnson\The Legend Of Hank Gibbled\Darren Johnson-Good Women.wma,.wma
H:\Music\Darren Johnson\The Legend Of Hank Gibbled\Darren Johnson-My Baby's Blue.wma,.wma
H:\Music\Darren Johnson\The Legend Of Hank Gibbled\Darren Johnson-Never See You Again.wma,.wma
H:\Music\Darren Johnson\The Legend Of Hank Gibbled\Darren Johnson-One Foot In The Grave.wma,.wma
H:\Music\Darren Johnson\The Legend Of Hank Gibbled\Darren Johnson-Rollin' On.wma,.wma
H:\Music\Darren Johnson\The Legend Of Hank Gibbled\Darren Johnson-Same Dame Thing.wma,.wma
H:\Music\Darren Johnson\The Legend Of Hank Gibbled\Darren Johnson-Suzanna.wma,.wma
H:\Music\Darren Johnson\The Legend Of Hank Gibbled\Darren Johnson-Waiting On Your Love.wma,.wma
H:\Music\Darren Johnson\The Legend Of Hank Gibbled\Darren Johnson-When I'm Gone.wma,.wma
H:\Music\David Jabos-Strain\Stuck On The Way Back\David Jabos-Strain-Black And Blue.wma,.wma
H:\Music\David Jabos-Strain\Stuck On The Way Back\David Jabos-Strain-Bowlegged Charlie.wma,.wma
H:\Music\David Jabos-Strain\Stuck On The Way Back\David Jabos-Strain-Broken Wings.wma,.wma
H:\Music\David Jabos-Strain\Stuck On The Way Back\David Jabos-Strain-Cold Mountain Blues.wma,.wma
H:\Music\David Jabos-Strain\Stuck On The Way Back\David Jabos-Strain-Dark Horse Blues.wma,.wma
H:\Music\David Jabos-Strain\Stuck On The Way Back\David Jabos-Strain-Linin' Track.wma,.wma
H:\Music\David Jabos-Strain\Stuck On The Way Back\David Jabos-Strain-Old Man Dancing.wma,.wma
H:\Music\David Jabos-Strain\Stuck On The Way Back\David Jabos-Strain-Poor Black Mattie.wma,.wma
H:\Music\David Jabos-Strain\Stuck On The Way Back\David Jabos-Strain-Poor Boy.wma,.wma
H:\Music\David Jabos-Strain\Stuck On The Way Back\David Jabos-Strain-River Was Green.wma,.wma
H:\Music\David Jabos-Strain\Stuck On The Way Back\David Jabos-Strain-Sidewalk Rag.wma,.wma
H:\Music\David Jabos-Strain\Stuck On The Way Back\David Jabos-Strain-Wild Bill Jones.wma,.wma
H:\Music\Delbert McClinton\Best Of Delbert McClinton\Delbert McClinton-A Fool In Love.wma,.wma
H:\Music\Delbert McClinton\Best Of Delbert McClinton\Delbert McClinton-Givin' It Up For Your Love.wma,.wma
H:\Music\Delbert McClinton\Best Of Delbert McClinton\Delbert McClinton-Go On.wma,.wma
H:\Music\Delbert McClinton\Best Of Delbert McClinton\Delbert McClinton-Heartbreak Radio.wma,.wma
H:\Music\Delbert McClinton\Best Of Delbert McClinton\Delbert McClinton-I Wanna Thank You Baby.wma,.wma
H:\Music\Delbert McClinton\Best Of Delbert McClinton\Delbert McClinton-I Want To Love You.wma,.wma
H:\Music\Delbert McClinton\Best Of Delbert McClinton\Delbert McClinton-I've Got Dreams To Remember.wma,.wma
H:\Music\Delbert McClinton\Best Of Delbert McClinton\Delbert McClinton-Shotgun Rider.wma,.wma
H:\Music\Delbert McClinton\Best Of Delbert McClinton\Delbert McClinton-Take Me To The River.wma,.wma
H:\Music\Delbert McClinton\Best Of Delbert McClinton\Delbert McClinton-The Real Thing.wma,.wma
H:\Music\Delbert McClinton\Best Of Delbert McClinton\Delbert McClinton-Who's Foolin' Who.wma,.wma
H:\Music\DeltaCappella\DeltaCappella - EP\DeltaCappella-Chasing Cars.wma,.wma
H:\Music\DeltaCappella\DeltaCappella - EP\DeltaCappella-Don't You Worry 'Bouta Thing.wma,.wma
H:\Music\DeltaCappella\DeltaCappella - EP\DeltaCappella-Easy.wma,.wma
H:\Music\DeltaCappella\DeltaCappella - EP\DeltaCappella-Home.wma,.wma
H:\Music\DeltaCappella\DeltaCappella - EP\DeltaCappella-The Rubberband Man.wma,.wma
H:\Music\DeltaCappella\DeltaCappella - EP\DeltaCappella-Walking in Memphis.wma,.wma
H:\Music\Dire Straits\Brothers in Arms\Dire Straits-Brothers in Arms.wma,.wma
H:\Music\Dire Straits\Brothers in Arms\Dire Straits-Money for Nothing.wma,.wma
H:\Music\Dire Straits\Brothers in Arms\Dire Straits-One World.wma,.wma
H:\Music\Dire Straits\Brothers in Arms\Dire Straits-Ride Across the River.wma,.wma
H:\Music\Dire Straits\Brothers in Arms\Dire Straits-So Far Away.wma,.wma
H:\Music\Dire Straits\Brothers in Arms\Dire Straits-The Man's Too Strong.wma,.wma
H:\Music\Dire Straits\Brothers in Arms\Dire Straits-Walk of Life.wma,.wma
H:\Music\Dire Straits\Brothers in Arms\Dire Straits-Why Worry.wma,.wma
H:\Music\Dire Straits\Brothers in Arms\Dire Straits-Your Latest Trick.wma,.wma
H:\Music\Donna Fargo\Donna Fargo-Away in a Manger.wma,.wma
"H:\Music\Donna Fargo\Donna Fargo-Have Yourself a Merry Little Christmas (from Meet Me in St. Louis, film).wma",.wma
H:\Music\Donna Fargo\Donna Fargo-Jingle bell rock.wma,.wma
H:\Music\Donna Fargo\Donna Fargo-Jingle Bells.wma,.wma
H:\Music\Donna Fargo\Donna Fargo-Joy to the World (theme by Handel).wma,.wma
"H:\Music\Donna Fargo\Donna Fargo-O Come, All Ye Faithful (Adeste fidelis).wma",.wma
H:\Music\Donna Fargo\Donna Fargo-Please Come Home For Christmas.wma,.wma
H:\Music\Donna Fargo\Donna Fargo-Rockin' Around the Christmas Tree.wma,.wma
H:\Music\Donna Fargo\Donna Fargo-Rudolph the Red Nosed Reindeer.wma,.wma
H:\Music\Donna Fargo\Donna Fargo-Santa Claus is Comin' To Town.wma,.wma
"H:\Music\Donna Fargo\Donna Fargo-Stille Nacht, heilige Nacht (Silent Night).wma",.wma
H:\Music\Donna Fargo\Donna Fargo-White Christmas (first used in the film 'Holiday Inn').wma,.wma
H:\Music\Doug Cox & Sam Hurrie\Hungry Ghosts\Doug Cox & Sam Hurrie-Beware of the Man (Who Calls You Bro).wma,.wma
H:\Music\Dr. Hook\Greatest Hits\Dr. Hook-Acapulco Goldie.wma,.wma
"H:\Music\Dr. Hook\Greatest Hits\Dr. Hook-Carry Me, Carrie.wma",.wma
H:\Music\Dr. Hook\Greatest Hits\Dr. Hook-Freakin' At The Freaker's Ball.wma,.wma
"H:\Music\Dr. Hook\Greatest Hits\Dr. Hook-Hey, Lady Godiva.wma",.wma
H:\Music\Dr. Hook\Greatest Hits\Dr. Hook-I Can't Touch The Sun.wma,.wma
H:\Music\Dr. Hook\Greatest Hits\Dr. Hook-If I'd Only Come and Gone.wma,.wma
H:\Music\Dr. Hook\Greatest Hits\Dr. Hook-Last Mornin'.wma,.wma
H:\Music\Dr. Hook\Greatest Hits\Dr. Hook-Life Ain't Easy.wma,.wma
H:\Music\Dr. Hook\Greatest Hits\Dr. Hook-Makin' It Natural.wma,.wma
H:\Music\Dr. Hook\Greatest Hits\Dr. Hook-Penicillin Penny.wma,.wma
H:\Music\Dr. Hook\Greatest Hits\Dr. Hook-Queen Of The Silver Dollar.wma,.wma
H:\Music\Dr. Hook\Greatest Hits\Dr. Hook-Roland The Roadie And Gertrude The Groupie.wma,.wma
H:\Music\Dr. Hook\Greatest Hits\Dr. Hook-Silvia's Mother.wma,.wma
H:\Music\Dr. Hook\Greatest Hits\Dr. Hook-The Ballad Of Lucy Jordan.wma,.wma
H:\Music\Dr. Hook\Greatest Hits\Dr. Hook-The Cover Of The Rolling Stone.wma,.wma
H:\Music\Dr. Hook\Greatest Hits\Dr. Hook-The Things I Didn't Say.wma,.wma
H:\Music\Dr. Hook\Greatest Hits\Dr. Hook-The Wonderful Soup Stone.wma,.wma
H:\Music\Dr. Hook\Greatest Hits 2\Dr. Hook-A Little Bit More.wma,.wma
H:\Music\Dr. Hook\Greatest Hits 2\Dr. Hook-Better Love Next Time.wma,.wma
H:\Music\Dr. Hook\Greatest Hits 2\Dr. Hook-If Not You.wma,.wma
H:\Music\Dr. Hook\Greatest Hits 2\Dr. Hook-Only Sixteen.wma,.wma
H:\Music\Dr. Hook\Greatest Hits 2\Dr. Hook-Sexy Eyes.wma,.wma
H:\Music\Dr. Hook\Greatest Hits 2\Dr. Hook-Sharing the Night Together.wma,.wma
H:\Music\Dr. Hook\Greatest Hits 2\Dr. Hook-The Millionaire.wma,.wma
H:\Music\Dr. Hook\Greatest Hits 2\Dr. Hook-Walk Right In.wma,.wma
H:\Music\Dr. Hook\Greatest Hits 2\Dr. Hook-When You're in Love With a Beautiful Woman.wma,.wma
H:\Music\Dr. Hook\Greatest Hits 2\Dr. Hook-Years from Now.wma,.wma
H:\Music\Dr. Hook\Greatest Hits [Cema]\Dr. Hook-Better Love Next Time.wma,.wma
H:\Music\Dr. Hook\Greatest Hits [Cema]\Dr. Hook-Sexy Eyes.wma,.wma
H:\Music\Dr. Hook\Greatest Hits [Cema]\Dr. Hook-The Millionaire.wma,.wma
H:\Music\Dr. Hook\Greatest Hits [Cema]\Dr. Hook-Walk Right In.wma,.wma
H:\Music\Duus Blues Band\5 Sample\Duus Blues Band-Boogie Woogie.wma,.wma
H:\Music\Duus Blues Band\5 Sample\Duus Blues Band-Humble Pie.wma,.wma
H:\Music\Duus Blues Band\5 Sample\Duus Blues Band-Red Peppers.wma,.wma
H:\Music\Duus Blues Band\5 Sample\Duus Blues Band-Rolling On.wma,.wma
H:\Music\Duus Blues Band\5 Sample\Duus Blues Band-The Bomb.wma,.wma
H:\Music\Eddie Shaw\Live At The Time Out Pub\Eddie Shaw-Can't Do It By Myself.wma,.wma
H:\Music\Eddie Shaw\Live At The Time Out Pub\Eddie Shaw-Dunkin Donut Woman.wma,.wma
H:\Music\Eddie Shaw\Live At The Time Out Pub\Eddie Shaw-Fanny Mae Jones.wma,.wma
H:\Music\Eddie Shaw\Live At The Time Out Pub\Eddie Shaw-Got No Where To Go.wma,.wma
H:\Music\Eddie Shaw\Live At The Time Out Pub\Eddie Shaw-Howlin' For My Darlin'.wma,.wma
H:\Music\Eddie Shaw\Live At The Time Out Pub\Eddie Shaw-Lonesome Train.wma,.wma
H:\Music\Eddie Shaw\Live At The Time Out Pub\Eddie Shaw-Mustang Sally.wma,.wma
H:\Music\Eddie Shaw\Live At The Time Out Pub\Eddie Shaw-Rock Me.wma,.wma
H:\Music\Eddie Shaw\Live At The Time Out Pub\Eddie Shaw-Rockin' With Eddie.wma,.wma
H:\Music\Eddie Shaw\Live At The Time Out Pub\Eddie Shaw-Your Wife Is Cheating On Us.wma,.wma
H:\Music\Elton John\Goodbye Yellow Brick Road\Elton John-Bennie and the Jets.wma,.wma
H:\Music\Elton John\Goodbye Yellow Brick Road\Elton John-Funeral for a Friend (Love Lies Bleeding).wma,.wma
H:\Music\Elton John\Goodbye Yellow Brick Road\Elton John-Goodbye Yellow Brick Road.wma,.wma
H:\Music\Elton John\Goodbye Yellow Brick Road\Elton John-Saturday Night's Alright for Fighting.wma,.wma
H:\Music\Elton John\Goodbye Yellow Brick Road\Elton John-Sweet Painted Lady.wma,.wma
"H:\Music\Elton John\Greatest Hits, Vol. 2\Elton John-Grow Some Funk of Your Own.wma",.wma
"H:\Music\Elton John\Greatest Hits, Vol. 2\Elton John-I Feel Like a Bullet (In the Gun of Robert Ford).wma",.wma
"H:\Music\Elton John\Greatest Hits, Vol. 2\Elton John-Island Girl.wma",.wma
"H:\Music\Elton John\Greatest Hits, Vol. 2\Elton John-Levon.wma",.wma
"H:\Music\Elton John\Greatest Hits, Vol. 2\Elton John-Lucy in the Sky With Diamonds.wma",.wma
"H:\Music\Elton John\Greatest Hits, Vol. 2\Elton John-Philadelphia Freedom.wma",.wma
"H:\Music\Elton John\Greatest Hits, Vol. 2\Elton John-Pinball Wizard.wma",.wma
"H:\Music\Elton John\Greatest Hits, Vol. 2\Elton John-Someone Saved My Life Tonight.wma",.wma
"H:\Music\Elton John\Greatest Hits, Vol. 2\Elton John-The Bitch Is Back.wma",.wma
"H:\Music\Elton John\Greatest Hits, Vol. 2\Elton John-Tiny Dancer.wma",.wma
"H:\Music\Elton John\Greatest Hits, Vol. 3\Elton John-Blue Eyes.wma",.wma
"H:\Music\Elton John\Greatest Hits, Vol. 3\Elton John-Empty Garden (Hey, Hey Johnny).wma",.wma
"H:\Music\Elton John\Greatest Hits, Vol. 3\Elton John-I Guess That's Why They Call It the Blues.wma",.wma
"H:\Music\Elton John\Greatest Hits, Vol. 3\Elton John-I'm Still Standing.wma",.wma
"H:\Music\Elton John\Greatest Hits, Vol. 3\Elton John-Little Jeannie.wma",.wma
"H:\Music\Elton John\Greatest Hits, Vol. 3\Elton John-Mama Can't Buy You Love.wma",.wma
"H:\Music\Elton John\Greatest Hits, Vol. 3\Elton John-Nikita.wma",.wma
"H:\Music\Elton John\Greatest Hits, Vol. 3\Elton John-Sad Songs (Say So Much).wma",.wma
"H:\Music\Elton John\Greatest Hits, Vol. 3\Elton John-Too Low for Zero.wma",.wma
H:\Music\Elton John\Here and There Disc 1\Elton John-Bad Side of the Moon.wma,.wma
H:\Music\Elton John\Here and There Disc 1\Elton John-Crocodile Rock.wma,.wma
H:\Music\Elton John\Here and There Disc 1\Elton John-Honky Cat.wma,.wma
H:\Music\Elton John\Here and There Disc 1\Elton John-Take Me to the Pilot.wma,.wma
H:\Music\Elton John\Love Songs\Elton John-Believe.wma,.wma
H:\Music\Elton John\Love Songs\Elton John-Candle in the Wind [Live].wma,.wma
H:\Music\Elton John\Love Songs\Elton John-Circle of Life.wma,.wma
H:\Music\Elton John\Love Songs\Elton John-Daniel.wma,.wma
H:\Music\Elton John\Love Songs\Elton John-No Valentines.wma,.wma
H:\Music\Elton John\Love Songs\Elton John-Sacrifice.wma,.wma
H:\Music\Elton John\Love Songs\Elton John-Sorry Seems to Be the Hardest Word.wma,.wma
H:\Music\Elton John\Love Songs\Elton John-The One.wma,.wma
H:\Music\Elton John\Love Songs\Elton John-Your Song.wma,.wma
H:\Music\Elton John\Made in England\Elton John-Blessed.wma,.wma
H:\Music\Elton John\Made in England\Elton John-Cold.wma,.wma
H:\Music\Elton John\Made in England\Elton John-Pain.wma,.wma
H:\Music\Enrique Iglesias\Escape\Enrique Iglesias-Don't Turn Off the Lights.wma,.wma
H:\Music\Enrique Iglesias\Escape\Enrique Iglesias-Escapar.wma,.wma
H:\Music\Enrique Iglesias\Escape\Enrique Iglesias-Escape.wma,.wma
H:\Music\Enrique Iglesias\Escape\Enrique Iglesias-Hero.wma,.wma
H:\Music\Enrique Iglesias\Escape\Enrique Iglesias-Heroe.wma,.wma
H:\Music\Enrique Iglesias\Escape\Enrique Iglesias-I Will Survive.wma,.wma
H:\Music\Enrique Iglesias\Escape\Enrique Iglesias-If the World Crashes Down.wma,.wma
H:\Music\Enrique Iglesias\Escape\Enrique Iglesias-Love 4 Fun.wma,.wma
H:\Music\Enrique Iglesias\Escape\Enrique Iglesias-Love to See You Cry.wma,.wma
H:\Music\Enrique Iglesias\Escape\Enrique Iglesias-Maybe.wma,.wma
H:\Music\Enrique Iglesias\Escape\Enrique Iglesias-No Apagues la Luz.wma,.wma
H:\Music\Enrique Iglesias\Escape\Enrique Iglesias-One Night Stand.wma,.wma
H:\Music\Enrique Iglesias\Escape\Enrique Iglesias-She Be the One.wma,.wma
H:\Music\Eric Clapton\Eric Clapton & friends live\Eric Clapton-Boom Boom.wma,.wma
H:\Music\Eric Clapton\Eric Clapton & friends live\Eric Clapton-Five Long Years.wma,.wma
H:\Music\Eric Clapton\Eric Clapton & friends live\Eric Clapton-For Your Love.wma,.wma
H:\Music\Eric Clapton\Eric Clapton & friends live\Eric Clapton-Good Morning Little Schoolgirl.wma,.wma
H:\Music\Eric Clapton\Eric Clapton & friends live\Eric Clapton-I Got Love If You Want It.wma,.wma
H:\Music\Eric Clapton\Eric Clapton & friends live\Eric Clapton-I Wish You Would.wma,.wma
H:\Music\Eric Clapton\Eric Clapton & friends live\Eric Clapton-I'm A Man.wma,.wma
H:\Music\Eric Clapton\Eric Clapton & friends live\Eric Clapton-Let It Rock.wma,.wma
H:\Music\Eric Clapton\Eric Clapton & friends live\Eric Clapton-Respectable.wma,.wma
H:\Music\Eric Clapton\Eric Clapton & friends live\Eric Clapton-Smokestack Lightning.wma,.wma
H:\Music\Eric Clapton\Eric Clapton & friends live\Eric Clapton-Sweet Music.wma,.wma
H:\Music\Eric Clapton\Eric Clapton & friends live\Eric Clapton-Take It Easy Baby.wma,.wma
H:\Music\Eric Clapton\Eric Clapton & friends live\Eric Clapton-Who Do You Love.wma,.wma
H:\Music\Eric Clapton\Eric Clapton & friends live\Eric Clapton-You Can't Judge A Book By Its Cover.wma,.wma
H:\Music\Eric Clapton\Pilgrim\Eric Clapton-Born In Time.wma,.wma
H:\Music\Eric Clapton\Pilgrim\Eric Clapton-Broken Hearted.wma,.wma
H:\Music\Eric Clapton\Pilgrim\Eric Clapton-Circus.wma,.wma
H:\Music\Eric Clapton\Pilgrim\Eric Clapton-Fall Like Rain.wma,.wma
H:\Music\Eric Clapton\Pilgrim\Eric Clapton-Going Down Slow.wma,.wma
H:\Music\Eric Clapton\Pilgrim\Eric Clapton-Inside Of Me.wma,.wma
H:\Music\Eric Clapton\Pilgrim\Eric Clapton-My Father's Eyes.wma,.wma
H:\Music\Eric Clapton\Pilgrim\Eric Clapton-Needs His Woman.wma,.wma
H:\Music\Eric Clapton\Pilgrim\Eric Clapton-One Chance.wma,.wma
H:\Music\Eric Clapton\Pilgrim\Eric Clapton-Pilgrim.wma,.wma
H:\Music\Eric Clapton\Pilgrim\Eric Clapton-River Of Tears.wma,.wma
H:\Music\Eric Clapton\Pilgrim\Eric Clapton-She's Gone.wma,.wma
H:\Music\Eric Clapton\Pilgrim\Eric Clapton-Sick And Tired.wma,.wma
H:\Music\Eric Clapton\Pilgrim\Eric Clapton-You Were There.wma,.wma
H:\Music\Eric Clapton\Unplugged\Eric Clapton-Alberta.wma,.wma
H:\Music\Eric Clapton\Unplugged\Eric Clapton-Before You Accuse Me (Take a Look at Yourself).wma,.wma
H:\Music\Eric Clapton\Unplugged\Eric Clapton-Before You Accuse Me.wma,.wma
H:\Music\Eric Clapton\Unplugged\Eric Clapton-Hey Hey.wma,.wma
H:\Music\Eric Clapton\Unplugged\Eric Clapton-Layla.wma,.wma
H:\Music\Eric Clapton\Unplugged\Eric Clapton-Lonely Stranger.wma,.wma
H:\Music\Eric Clapton\Unplugged\Eric Clapton-Malted Milk.wma,.wma
H:\Music\Eric Clapton\Unplugged\Eric Clapton-Nobody Knows You When You're Down & Out.wma,.wma
H:\Music\Eric Clapton\Unplugged\Eric Clapton-Old Love.wma,.wma
H:\Music\Eric Clapton\Unplugged\Eric Clapton-Rollin' And Tumblin'.wma,.wma
H:\Music\Eric Clapton\Unplugged\Eric Clapton-Running On Faith.wma,.wma
H:\Music\Eric Clapton\Unplugged\Eric Clapton-San Francisco Bay Blues.wma,.wma
H:\Music\Eric Clapton\Unplugged\Eric Clapton-Signe.wma,.wma
H:\Music\Eric Clapton\Unplugged\Eric Clapton-Tears In Heaven.wma,.wma
H:\Music\Eric Clapton\Unplugged\Eric Clapton-Walkin' Blues.wma,.wma
H:\Music\Farhat Bouallagui\Farhat Bouallagui-Desert Rose.wma,.wma
H:\Music\Hootie & the Blowfish\Cracked Rear View\Hootie & the Blowfish-Hold My Hand.wma,.wma
H:\Music\Hootie & the Blowfish\Cracked Rear View\Hootie & the Blowfish-I'm Goin' Home.wma,.wma
H:\Music\Hootie & the Blowfish\Cracked Rear View\Hootie & the Blowfish-Let Her Cry.wma,.wma
H:\Music\Hootie & the Blowfish\Cracked Rear View\Hootie & the Blowfish-Not Even the Trees.wma,.wma
H:\Music\Hootie & the Blowfish\Cracked Rear View\Hootie & the Blowfish-Only Wanna Be With You.wma,.wma
H:\Music\Hootie & the Blowfish\Cracked Rear View\Hootie & the Blowfish-Time.wma,.wma
H:\Music\James Blunt\Back to Bedlam\James Blunt-Billy.wma,.wma
H:\Music\James Blunt\Back to Bedlam\James Blunt-Cry.wma,.wma
H:\Music\James Blunt\Back to Bedlam\James Blunt-Goodbye My Lover.wma,.wma
H:\Music\James Blunt\Back to Bedlam\James Blunt-High.wma,.wma
H:\Music\James Blunt\Back to Bedlam\James Blunt-No Bravery.wma,.wma
H:\Music\James Blunt\Back to Bedlam\James Blunt-Out of My Mind.wma,.wma
H:\Music\James Blunt\Back to Bedlam\James Blunt-So Long Jimmy.wma,.wma
H:\Music\James Blunt\Back to Bedlam\James Blunt-Tears and Rain.wma,.wma
H:\Music\James Blunt\Back to Bedlam\James Blunt-Wiseman.wma,.wma
H:\Music\James Blunt\Back to Bedlam\James Blunt-You're Beautiful.wma,.wma
H:\Music\Jennifer Hudson\Jennifer Hudson-The Future Ain't What It Used to Be.wma,.wma
H:\Music\Kiss\You Wanted the Best You Got the Best\Kiss-Beth.wma,.wma
H:\Music\Kiss\You Wanted the Best You Got the Best\Kiss-Rock and Roll All Nite.wma,.wma
H:\Music\Kiss\You Wanted the Best You Got the Best\Kiss-Shout It Out Loud.wma,.wma
H:\Music\Little River Band\All-Time Greatest Hits\Little River Band-Cool Change.wma,.wma
H:\Music\Little River Band\All-Time Greatest Hits\Little River Band-Lady.wma,.wma
H:\Music\Little River Band\All-Time Greatest Hits\Little River Band-Lonesome Loser.wma,.wma
H:\Music\Little River Band\All-Time Greatest Hits\Little River Band-Man on Your Mind.wma,.wma
H:\Music\Little River Band\All-Time Greatest Hits\Little River Band-Reminiscing.wma,.wma
H:\Music\Little River Band\All-Time Greatest Hits\Little River Band-Take It Easy on Me.wma,.wma
H:\Music\Los Lonely Boys\Live at the Fillmore\Los Lonely Boys-Cisco Kid.wma,.wma
H:\Music\Los Lonely Boys\Live at the Fillmore\Los Lonely Boys-Crazy Dream.wma,.wma
H:\Music\Los Lonely Boys\Live at the Fillmore\Los Lonely Boys-Dime Mi Amor.wma,.wma
H:\Music\Los Lonely Boys\Live at the Fillmore\Los Lonely Boys-Heaven.wma,.wma
H:\Music\Los Lonely Boys\Live at the Fillmore\Los Lonely Boys-Hollywood.wma,.wma
H:\Music\Los Lonely Boys\Live at the Fillmore\Los Lonely Boys-La Bamba.wma,.wma
H:\Music\Los Lonely Boys\Live at the Fillmore\Los Lonely Boys-Man to Beat.wma,.wma
H:\Music\Los Lonely Boys\Live at the Fillmore\Los Lonely Boys-More Than Love.wma,.wma
H:\Music\Los Lonely Boys\Live at the Fillmore\Los Lonely Boys-Nobody Else.wma,.wma
H:\Music\Los Lonely Boys\Live at the Fillmore\Los Lonely Boys-Onda.wma,.wma
H:\Music\Los Lonely Boys\Live at the Fillmore\Los Lonely Boys-Real Emotions.wma,.wma
H:\Music\Los Lonely Boys\Live at the Fillmore\Los Lonely Boys-Velvet Sky.wma,.wma
H:\Music\Los Lonely Boys\Los Lonely Boys\Los Lonely Boys-Crazy Dream.wma,.wma
H:\Music\Los Lonely Boys\Los Lonely Boys\Los Lonely Boys-Dime Mi Amor.wma,.wma
H:\Music\Los Lonely Boys\Los Lonely Boys\Los Lonely Boys-Heaven.wma,.wma
H:\Music\Los Lonely Boys\Los Lonely Boys\Los Lonely Boys-Hollywood.wma,.wma
H:\Music\Los Lonely Boys\Los Lonely Boys\Los Lonely Boys-La Contestacion.wma,.wma
H:\Music\Los Lonely Boys\Los Lonely Boys\Los Lonely Boys-More Than Love.wma,.wma
H:\Music\Los Lonely Boys\Los Lonely Boys\Los Lonely Boys-Nobody Else.wma,.wma
H:\Music\Los Lonely Boys\Los Lonely Boys\Los Lonely Boys-Onda.wma,.wma
H:\Music\Los Lonely Boys\Los Lonely Boys\Los Lonely Boys-Real Emotions.wma,.wma
H:\Music\Los Lonely Boys\Los Lonely Boys\Los Lonely Boys-Senorita.wma,.wma
H:\Music\Los Lonely Boys\Los Lonely Boys\Los Lonely Boys-Tell Me Why.wma,.wma
H:\Music\Los Lonely Boys\Los Lonely Boys\Los Lonely Boys-Velvet Sky.wma,.wma
H:\Music\Marc Anthony\Marc Anthony\Marc Anthony-Am I the Only One.wma,.wma
H:\Music\Marc Anthony\Marc Anthony\Marc Anthony-Como Ella Me Quiere a Mi [She's Been Good to Me].wma,.wma
H:\Music\Marc Anthony\Marc Anthony\Marc Anthony-Da la Vuelta.wma,.wma
H:\Music\Marc Anthony\Marc Anthony\Marc Anthony-Dimelo (I Need to Know).wma,.wma
H:\Music\Marc Anthony\Marc Anthony\Marc Anthony-Don't Let Me Leave.wma,.wma
H:\Music\Marc Anthony\Marc Anthony\Marc Anthony-How Could I.wma,.wma
H:\Music\Marc Anthony\Marc Anthony\Marc Anthony-I Need to Know.wma,.wma
H:\Music\Marc Anthony\Marc Anthony\Marc Anthony-Love Is All.wma,.wma
H:\Music\Marc Anthony\Marc Anthony\Marc Anthony-My Baby You.wma,.wma
H:\Music\Marc Anthony\Marc Anthony\Marc Anthony-No One.wma,.wma
H:\Music\Marc Anthony\Marc Anthony\Marc Anthony-Remember Me.wma,.wma
H:\Music\Marc Anthony\Marc Anthony\Marc Anthony-She's Been Good to Me.wma,.wma
H:\Music\Marc Anthony\Marc Anthony\Marc Anthony-That's Okay.wma,.wma
H:\Music\Marc Anthony\Marc Anthony\Marc Anthony-When I Dream at Night.wma,.wma
H:\Music\Marc Anthony\Marc Anthony\Marc Anthony-You Sang to Me.wma,.wma
H:\Music\Marion Raven\Marion Raven-It's All Coming Back to Me Now.wma,.wma
H:\Music\Matchbox Twenty\Mad Season\Matchbox 20-Angry.wma,.wma
H:\Music\Matchbox Twenty\Mad Season\Matchbox 20-Bed of Lies.wma,.wma
H:\Music\Matchbox Twenty\Mad Season\Matchbox 20-Bent.wma,.wma
H:\Music\Matchbox Twenty\Mad Season\Matchbox 20-Black and White People.wma,.wma
H:\Music\Matchbox Twenty\Mad Season\Matchbox 20-Crutch.wma,.wma
H:\Music\Matchbox Twenty\Mad Season\Matchbox 20-If You're Gone.wma,.wma
H:\Music\Matchbox Twenty\Mad Season\Matchbox 20-Last Beautiful Girl.wma,.wma
H:\Music\Matchbox Twenty\Mad Season\Matchbox 20-Leave.wma,.wma
H:\Music\Matchbox Twenty\Mad Season\Matchbox 20-Mad Season.wma,.wma
H:\Music\Matchbox Twenty\Mad Season\Matchbox 20-Rest Stop.wma,.wma
H:\Music\Matchbox Twenty\Mad Season\Matchbox 20-Stop.wma,.wma
H:\Music\Matchbox Twenty\Mad Season\Matchbox 20-The Burn.wma,.wma
H:\Music\Matchbox Twenty\Mad Season\Matchbox 20-You Won't Be Mine.wma,.wma
H:\Music\Meat Loaf\Bat out of Hell\Meat Loaf-All Revved Up With No Place to Go.wma,.wma
H:\Music\Meat Loaf\Bat out of Hell\Meat Loaf-Bat out of Hell.wma,.wma
H:\Music\Meat Loaf\Bat out of Hell\Meat Loaf-Heaven Can Wait.wma,.wma
H:\Music\Meat Loaf\Bat out of Hell\Meat Loaf-Paradise by the Dashboard Light.wma,.wma
H:\Music\Meat Loaf\Bat out of Hell\Meat Loaf-Two Out of Three Ain't Bad.wma,.wma
H:\Music\Meat Loaf\Bat out of Hell\Meat Loaf-You Took the Words Right Out of My Mouth (Hot Summer Night).wma,.wma
H:\Music\Meat Loaf\Bat out of Hell II- Back into Hell\Meat Loaf-Back into Hell.wma,.wma
H:\Music\Meat Loaf\Bat out of Hell II- Back into Hell\Meat Loaf-Everything Louder Than Everything Eles.wma,.wma
H:\Music\Meat Loaf\Bat out of Hell II- Back into Hell\Meat Loaf-Good Girls Go to Heaven (Bad Girls Go Everywhere).wma,.wma
H:\Music\Meat Loaf\Bat out of Hell II- Back into Hell\Meat Loaf-I'd Do Anything for Love (But I Won't Do That).wma,.wma
H:\Music\Meat Loaf\Bat out of Hell II- Back into Hell\Meat Loaf-It Just Won't Quit.wma,.wma
H:\Music\Meat Loaf\Bat out of Hell II- Back into Hell\Meat Loaf-Life Is a Lemon and I Want My Money Back.wma,.wma
H:\Music\Meat Loaf\Bat out of Hell II- Back into Hell\Meat Loaf-Lost Boys and Golden Girls.wma,.wma
H:\Music\Meat Loaf\Bat out of Hell II- Back into Hell\Meat Loaf-Objects in the Rear View Mirror May Appear Closer Than They Are.wma,.wma
H:\Music\Meat Loaf\Bat out of Hell II- Back into Hell\Meat Loaf-Out of the Frying Pan (And into the Fire).wma,.wma
H:\Music\Meat Loaf\Bat out of Hell II- Back into Hell\Meat Loaf-Rock & Roll Dreams Come Through.wma,.wma
H:\Music\Meat Loaf\Bat out of Hell II- Back into Hell\Meat Loaf-Wasted Youth.wma,.wma
H:\Music\Meat Loaf\Bat out of Hell III- The Monster Is Loose\Meat Loaf-Alive.wma,.wma
H:\Music\Meat Loaf\Bat out of Hell III- The Monster Is Loose\Meat Loaf-Bad for Good.wma,.wma
H:\Music\Meat Loaf\Bat out of Hell III- The Monster Is Loose\Meat Loaf-Blind as a Bat.wma,.wma
H:\Music\Meat Loaf\Bat out of Hell III- The Monster Is Loose\Meat Loaf-Cry for Me.wma,.wma
H:\Music\Meat Loaf\Bat out of Hell III- The Monster Is Loose\Meat Loaf-Cry to Heaven (Epilogue).wma,.wma
H:\Music\Meat Loaf\Bat out of Hell III- The Monster Is Loose\Meat Loaf-If God Could Talk.wma,.wma
H:\Music\Meat Loaf\Bat out of Hell III- The Monster Is Loose\Meat Loaf-If It Aint' Broke Break It.wma,.wma
"H:\Music\Meat Loaf\Bat out of Hell III- The Monster Is Loose\Meat Loaf-In the Land of the Pig, The Butcher Is King.wma",.wma
H:\Music\Meat Loaf\Bat out of Hell III- The Monster Is Loose\Meat Loaf-Monstro.wma,.wma
H:\Music\Meat Loaf\Bat out of Hell III- The Monster Is Loose\Meat Loaf-Seize the Night.wma,.wma
H:\Music\Meat Loaf\Bat out of Hell III- The Monster Is Loose\Meat Loaf-The Monster Is Loose.wma,.wma
H:\Music\Meat Loaf\Bat out of Hell III- The Monster Is Loose\Meat Loaf-What About Love.wma,.wma
H:\Music\Phil Collins\No Jacket Required\Phil Collins-Doesn't Anybody Stay Together Anymore.wma,.wma
H:\Music\Phil Collins\No Jacket Required\Phil Collins-Don't Lose My Number.wma,.wma
H:\Music\Phil Collins\No Jacket Required\Phil Collins-I Don't Wanna Know.wma,.wma
H:\Music\Phil Collins\No Jacket Required\Phil Collins-Inside Out.wma,.wma
H:\Music\Phil Collins\No Jacket Required\Phil Collins-Long Long Way to Go.wma,.wma
H:\Music\Phil Collins\No Jacket Required\Phil Collins-One More Night.wma,.wma
H:\Music\Phil Collins\No Jacket Required\Phil Collins-Only You Know and I Know.wma,.wma
H:\Music\Phil Collins\No Jacket Required\Phil Collins-Sussudio.wma,.wma
H:\Music\Phil Collins\No Jacket Required\Phil Collins-Take Me Home.wma,.wma
"H:\Music\Phil Collins\No Jacket Required\Phil Collins-We Said Hello, Goodbye (Don't Look Back).wma",.wma
H:\Music\Phil Collins\No Jacket Required\Phil Collins-Who Said I Would.wma,.wma
H:\Music\Queen\Greatest Hits\Queen-Another One Bites the Dust.wma,.wma
H:\Music\Queen\Greatest Hits\Queen-Bicycle Race.wma,.wma
H:\Music\Queen\Greatest Hits\Queen-Body Language.wma,.wma
H:\Music\Queen\Greatest Hits\Queen-Crazy Little Thing Called Love.wma,.wma
H:\Music\Queen\Greatest Hits\Queen-Don't Stop Me Now.wma,.wma
H:\Music\Queen\Greatest Hits\Queen-Fat Bottomed Girls.wma,.wma
H:\Music\Queen\Greatest Hits\Queen-Good Old Fashioned Lover Boy.wma,.wma
H:\Music\Queen\Greatest Hits\Queen-I Want to Break Free.wma,.wma
H:\Music\Queen\Greatest Hits\Queen-Killer Queen.wma,.wma
H:\Music\Queen\Greatest Hits\Queen-Now I'm Here.wma,.wma
H:\Music\Queen\Greatest Hits\Queen-Play the Game.wma,.wma
H:\Music\Queen\Greatest Hits\Queen-Save Me.wma,.wma
H:\Music\Queen\Greatest Hits\Queen-Seven Seas of Rhye.wma,.wma
H:\Music\Queen\Greatest Hits\Queen-Somebody to Love.wma,.wma
H:\Music\Queen\Greatest Hits\Queen-We Are the Champions.wma,.wma
H:\Music\Queen\Greatest Hits\Queen-We Will Rock You.wma,.wma
H:\Music\Queen\Greatest Hits\Queen-You're My Best Friend.wma,.wma
H:\Music\Roch Voisine\Christmas is Calling\Roch Voisine-Blue Christmas.wma,.wma
H:\Music\Roch Voisine\Christmas is Calling\Roch Voisine-Christmas Is Calling.wma,.wma
H:\Music\Roch Voisine\Christmas is Calling\Roch Voisine-Happy Christmas.wma,.wma
H:\Music\Roch Voisine\Christmas is Calling\Roch Voisine-I'll Be Home for Christmas.wma,.wma
H:\Music\Roch Voisine\Christmas is Calling\Roch Voisine-Joy to the World.wma,.wma
H:\Music\Roch Voisine\Christmas is Calling\Roch Voisine-Little Drummer Boy.wma,.wma
H:\Music\Roch Voisine\Christmas is Calling\Roch Voisine-O Christmas Tree.wma,.wma
H:\Music\Roch Voisine\Christmas is Calling\Roch Voisine-O Holy Night.wma,.wma
H:\Music\Roch Voisine\Christmas is Calling\Roch Voisine-Silent Night.wma,.wma
H:\Music\Roch Voisine\Christmas is Calling\Roch Voisine-Silver Bells.wma,.wma
H:\Music\Roch Voisine\Christmas is Calling\Roch Voisine-Sleigh Ride.wma,.wma
H:\Music\Roch Voisine\Christmas is Calling\Roch Voisine-The Christmas Song.wma,.wma
H:\Music\Roch Voisine\Christmas is Calling\Roch Voisine-What Child Is This-.wma,.wma
H:\Music\Roch Voisine\Christmas is Calling\Roch Voisine-White Christmas.wma,.wma
H:\Music\Roch Voisine\Christmas is Calling\Roch Voisine-Winter Wonderland.wma,.wma
H:\Music\Rod Stewart\Greatest Hits\Rod Stewart-Da Ya Think I'm Sexy-.wma,.wma
H:\Music\Rod Stewart\Greatest Hits\Rod Stewart-Hot Legs.wma,.wma
H:\Music\Rod Stewart\Greatest Hits\Rod Stewart-I Don't Want to Talk About It.wma,.wma
H:\Music\Rod Stewart\Greatest Hits\Rod Stewart-I Was Only Joking.wma,.wma
H:\Music\Rod Stewart\Greatest Hits\Rod Stewart-Maggie May.wma,.wma
H:\Music\Rod Stewart\Greatest Hits\Rod Stewart-Sailing.wma,.wma
H:\Music\Rod Stewart\Greatest Hits\Rod Stewart-The First Cut Is the Deepest.wma,.wma
"H:\Music\Rod Stewart\Greatest Hits\Rod Stewart-The Killing of Georgie, Pts. 1 & 2.wma",.wma
H:\Music\Rod Stewart\Greatest Hits\Rod Stewart-Tonight's the Night (Gonna Be Alright).wma,.wma
H:\Music\Rod Stewart\Greatest Hits\Rod Stewart-You're in My Heart (The Final Acclaim).wma,.wma
H:\Music\Rod Stewart\If We Fall in Love Tonight\Bryan Adams-All for Love.wma,.wma
H:\Music\Rod Stewart\If We Fall in Love Tonight\Rod Stewart-Broken Arrow.wma,.wma
H:\Music\Rod Stewart\If We Fall in Love Tonight\Rod Stewart-Downtown Train.wma,.wma
H:\Music\Rod Stewart\If We Fall in Love Tonight\Rod Stewart-For the First Time.wma,.wma
H:\Music\Rod Stewart\If We Fall in Love Tonight\Rod Stewart-Forever Young [1996].wma,.wma
H:\Music\Rod Stewart\If We Fall in Love Tonight\Rod Stewart-Have I Told You Lately That I Love You [Studio Version Remix].wma,.wma
H:\Music\Rod Stewart\If We Fall in Love Tonight\Rod Stewart-I Don't Want to Talk About It.wma,.wma
H:\Music\Rod Stewart\If We Fall in Love Tonight\Rod Stewart-If We Fall in Love Tonight.wma,.wma
H:\Music\Rod Stewart\If We Fall in Love Tonight\Rod Stewart-My Heart Can't Tell You No.wma,.wma
H:\Music\Rod Stewart\If We Fall in Love Tonight\Rod Stewart-So Far Away.wma,.wma
H:\Music\Rod Stewart\If We Fall in Love Tonight\Rod Stewart-Sometimes When We Touch.wma,.wma
H:\Music\Rod Stewart\If We Fall in Love Tonight\Rod Stewart-The First Cut Is the Deepest.wma,.wma
H:\Music\Rod Stewart\If We Fall in Love Tonight\Rod Stewart-Tonight's the Night (Gonna Be Alright).wma,.wma
H:\Music\Rod Stewart\If We Fall in Love Tonight\Rod Stewart-When I Need You.wma,.wma
H:\Music\Rod Stewart\If We Fall in Love Tonight\Rod Stewart-You're in My Heart (The Final Acclaim).wma,.wma
H:\Music\Savage Garden\Affirmation\Savage Garden-Affirmation.wma,.wma
H:\Music\Savage Garden\Affirmation\Savage Garden-Chained to You.wma,.wma
H:\Music\Savage Garden\Affirmation\Savage Garden-Crash and Burn.wma,.wma
H:\Music\Savage Garden\Affirmation\Savage Garden-Gunning Down Romance.wma,.wma
H:\Music\Savage Garden\Affirmation\Savage Garden-Hold Me.wma,.wma
H:\Music\Savage Garden\Affirmation\Savage Garden-I Don't Know You Anymore.wma,.wma
H:\Music\Savage Garden\Affirmation\Savage Garden-I Knew I Loved You.wma,.wma
H:\Music\Savage Garden\Affirmation\Savage Garden-The Animal Song.wma,.wma
H:\Music\Savage Garden\Affirmation\Savage Garden-The Best Thing.wma,.wma
H:\Music\Savage Garden\Affirmation\Savage Garden-The Lover After Me.wma,.wma
H:\Music\Savage Garden\Affirmation\Savage Garden-Two Beds and a Coffee Machine.wma,.wma
H:\Music\Savage Garden\Affirmation\Savage Garden-You Can Still Be Free.wma,.wma
H:\Music\Savage Garden\Savage Garden\Savage Garden-A Thousand Words.wma,.wma
H:\Music\Savage Garden\Savage Garden\Savage Garden-Break Me Shake Me.wma,.wma
H:\Music\Savage Garden\Savage Garden\Savage Garden-Carry on Dancing.wma,.wma
H:\Music\Savage Garden\Savage Garden\Savage Garden-I Want You.wma,.wma
H:\Music\Savage Garden\Savage Garden\Savage Garden-Promises.wma,.wma
H:\Music\Savage Garden\Savage Garden\Savage Garden-Santa Monica.wma,.wma
H:\Music\Savage Garden\Savage Garden\Savage Garden-Tears of Pearls.wma,.wma
H:\Music\Savage Garden\Savage Garden\Savage Garden-To the Moon & Back.wma,.wma
H:\Music\Savage Garden\Savage Garden\Savage Garden-Truly Madly Deeply.wma,.wma
H:\Music\Savage Garden\Savage Garden\Savage Garden-Universe.wma,.wma
H:\Music\Savage Garden\Savage Garden\Savage Garden-Violet.wma,.wma
H:\Music\Savage Garden\The Animal Song\Savage Garden-Santa Monica.wma,.wma
H:\Music\Savage Garden\The Animal Song\Savage Garden-The Animal Song.wma,.wma
H:\Music\Simon & Garfunkel\Bridge Over Troubled Water\Simon and Garfunkel-Baby Driver.wma,.wma
H:\Music\Simon & Garfunkel\Bridge Over Troubled Water\Simon and Garfunkel-Bridge over Troubled Water.wma,.wma
H:\Music\Simon & Garfunkel\Bridge Over Troubled Water\Simon and Garfunkel-Bye Bye Love.wma,.wma
H:\Music\Simon & Garfunkel\Bridge Over Troubled Water\Simon and Garfunkel-Cecilia.wma,.wma
H:\Music\Simon & Garfunkel\Bridge Over Troubled Water\Simon and Garfunkel-El Condor Pasa (If I Could).wma,.wma
"H:\Music\Simon & Garfunkel\Bridge Over Troubled Water\Simon and Garfunkel-So Long, Frank Lloyd Wright.wma",.wma
H:\Music\Simon & Garfunkel\Bridge Over Troubled Water\Simon and Garfunkel-Song for the Asking.wma,.wma
H:\Music\Simon & Garfunkel\Bridge Over Troubled Water\Simon and Garfunkel-The Boxer.wma,.wma
H:\Music\Simon & Garfunkel\Bridge Over Troubled Water\Simon and Garfunkel-The Only Living Boy in New York.wma,.wma
H:\Music\Simon & Garfunkel\Bridge Over Troubled Water\Simon and Garfunkel-Why Don't You Write Me.wma,.wma
H:\Music\Sky\Piece of Paradise\Sky-All I Want.wma,.wma
H:\Music\Sky\Piece of Paradise\Sky-America.wma,.wma
H:\Music\Sky\Piece of Paradise\Sky-Dreamin'.wma,.wma
H:\Music\Sky\Piece of Paradise\Sky-I Will Survive.wma,.wma
H:\Music\Sky\Piece of Paradise\Sky-Love Song.wma,.wma
H:\Music\Sky\Piece of Paradise\Sky-Push.wma,.wma
H:\Music\Sky\Piece of Paradise\Sky-Shave.wma,.wma
H:\Music\Sky\Piece of Paradise\Sky-Some Kinda Wonderful.wma,.wma
H:\Music\Sky\Piece of Paradise\Sky-Strange.wma,.wma
H:\Music\Sky\Piece of Paradise\Sky-You and I.wma,.wma
"H:\Music\Steve Miller Band\Greatest Hits 1974-1978\Steve Miller Band-Dance, Dance, Dance.wma",.wma
H:\Music\Steve Miller Band\Greatest Hits 1974-1978\Steve Miller Band-Fly Like an Eagle.wma,.wma
H:\Music\Steve Miller Band\Greatest Hits 1974-1978\Steve Miller Band-Jet Airliner.wma,.wma
H:\Music\Steve Miller Band\Greatest Hits 1974-1978\Steve Miller Band-Jungle Love.wma,.wma
H:\Music\Steve Miller Band\Greatest Hits 1974-1978\Steve Miller Band-Swingtown.wma,.wma
H:\Music\Steve Miller Band\Greatest Hits 1974-1978\Steve Miller Band-Take the Money and Run.wma,.wma
H:\Music\Steve Miller Band\Greatest Hits 1974-1978\Steve Miller Band-Wild Mountain Honey.wma,.wma
H:\Music\Sting\Brand New Day\Sting-Brand New Day.wma,.wma
H:\Music\Styx\Greatest Hits\Styx-Babe.wma,.wma
H:\Music\Styx\Greatest Hits\Styx-Blue Collar Man.wma,.wma
H:\Music\Styx\Greatest Hits\Styx-Come Sail Away.wma,.wma
H:\Music\Styx\Greatest Hits\Styx-Crystal Ball.wma,.wma
H:\Music\Styx\Greatest Hits\Styx-Don't Let It End.wma,.wma
H:\Music\Styx\Greatest Hits\Styx-Fooling Yourself (The Angry Young Man).wma,.wma
H:\Music\Styx\Greatest Hits\Styx-Lady '95.wma,.wma
H:\Music\Styx\Greatest Hits\Styx-Lorelei.wma,.wma
H:\Music\Styx\Greatest Hits\Styx-Miss America.wma,.wma
H:\Music\Styx\Greatest Hits\Styx-Mr. Roboto.wma,.wma
H:\Music\Styx\Greatest Hits\Styx-Renegade.wma,.wma
H:\Music\Styx\Greatest Hits\Styx-Show Me the Way.wma,.wma
H:\Music\Styx\Greatest Hits\Styx-Suite Madame Blue.wma,.wma
H:\Music\Styx\Greatest Hits\Styx-The Best of Times.wma,.wma
H:\Music\Styx\Greatest Hits\Styx-The Grand Illusion.wma,.wma
H:\Music\Styx\Greatest Hits\Styx-Too Much Time on My Hands.wma,.wma
H:\Music\Supertramp\...Famous Last Words\Supertramp-Bonnie.wma,.wma
H:\Music\Supertramp\...Famous Last Words\Supertramp-C'est le Bon.wma,.wma
H:\Music\Supertramp\...Famous Last Words\Supertramp-Crazy.wma,.wma
H:\Music\Supertramp\...Famous Last Words\Supertramp-Don't Leave Me Now.wma,.wma
H:\Music\Supertramp\...Famous Last Words\Supertramp-It's Raining Again.wma,.wma
H:\Music\Supertramp\...Famous Last Words\Supertramp-Know Who You Are.wma,.wma
H:\Music\Supertramp\...Famous Last Words\Supertramp-My Kind of Lady.wma,.wma
H:\Music\Supertramp\...Famous Last Words\Supertramp-Put on Your Old Brown Shoes.wma,.wma
H:\Music\Supertramp\...Famous Last Words\Supertramp-Waiting So Long.wma,.wma
H:\Music\Supertramp\Breakfast in America\Supertramp-Breakfast in America.wma,.wma
H:\Music\Supertramp\Breakfast in America\Supertramp-Casual Conversations.wma,.wma
H:\Music\Supertramp\Breakfast in America\Supertramp-Child of Vision.wma,.wma
H:\Music\Supertramp\Breakfast in America\Supertramp-Gone Hollywood.wma,.wma
H:\Music\Supertramp\Breakfast in America\Supertramp-Goodbye Stranger.wma,.wma
H:\Music\Supertramp\Breakfast in America\Supertramp-Just Another Nervous Wreck.wma,.wma
H:\Music\Supertramp\Breakfast in America\Supertramp-Lord Is It Mine.wma,.wma
H:\Music\Supertramp\Breakfast in America\Supertramp-Oh Darling.wma,.wma
H:\Music\Supertramp\Breakfast in America\Supertramp-Take the Long Way Home.wma,.wma
H:\Music\Supertramp\Breakfast in America\Supertramp-The Logical Song.wma,.wma
H:\Music\Suzie McNeil\Rock-n-Roller\Suzie McNeil-Believe.wma,.wma
H:\Music\Suzie McNeil\Rock-n-Roller\Suzie McNeil-Don't Tell Me Goodbye.wma,.wma
H:\Music\Suzie McNeil\Rock-n-Roller\Suzie McNeil-Fast Lane.wma,.wma
H:\Music\Suzie McNeil\Rock-n-Roller\Suzie McNeil-For You.wma,.wma
H:\Music\Suzie McNeil\Rock-n-Roller\Suzie McNeil-Free.wma,.wma
H:\Music\Suzie McNeil\Rock-n-Roller\Suzie McNeil-Help Me Out.wma,.wma
H:\Music\Suzie McNeil\Rock-n-Roller\Suzie McNeil-I Wanna Know.wma,.wma
H:\Music\Suzie McNeil\Rock-n-Roller\Suzie McNeil-Let's Go.wma,.wma
H:\Music\Suzie McNeil\Rock-n-Roller\Suzie McNeil-Naturally.wma,.wma
H:\Music\Suzie McNeil\Rock-n-Roller\Suzie McNeil-Rock-n-Roller.wma,.wma
H:\Music\Suzie McNeil\Rock-n-Roller\Suzie McNeil-What You're Getting Into.wma,.wma
H:\Music\The Beach Boys\California Dreamin'\The Beach Boys-Barbara Ann.wma,.wma
H:\Music\The Beach Boys\California Dreamin'\The Beach Boys-California Dreamin'.wma,.wma
"H:\Music\The Beach Boys\California Dreamin'\The Beach Boys-Dance, Dance, Dance.wma",.wma
H:\Music\The Beach Boys\California Dreamin'\The Beach Boys-Do You Wanna Dance.wma,.wma
H:\Music\The Beach Boys\California Dreamin'\The Beach Boys-Little Honda.wma,.wma
H:\Music\The Beach Boys\California Dreamin'\The Beach Boys-Rock & Roll Music.wma,.wma
H:\Music\The Beach Boys\California Dreamin'\The Beach Boys-Sloop John B.wma,.wma
"H:\Music\The Beach Boys\The Best of the Beach Boys, Vol. 1\The Beach Boys-Little Deuce Coupe.wma",.wma
"H:\Music\The Beach Boys\The Best of the Beach Boys, Vol. 1\The Beach Boys-Surfer Girl.wma",.wma
"H:\Music\The Beach Boys\The Best of the Beach Boys, Vol. 1\The Beach Boys-Wendy.wma",.wma
"H:\Music\The Beach Boys\The Best of the Beach Boys, Vol. 1\The Beach Boys-You're So Good to Me.wma",.wma
H:\Music\The Bee Gees\Their Greatest Hits- The Record Disc 1\The Bee Gees-If I Can't Have You.wma,.wma
H:\Music\The Bee Gees\Their Greatest Hits- The Record Disc 1\The Bee Gees-Jive Talkin'.wma,.wma
H:\Music\The Bee Gees\Their Greatest Hits- The Record Disc 1\The Bee Gees-To Love Somebody.wma,.wma
H:\Music\The Bee Gees\Their Greatest Hits- The Record Disc 1\The Bee Gees-Words.wma,.wma
H:\Music\The Bee Gees\Their Greatest Hits- The Record Disc 1\The Bee Gees-You Should Be Dancing.wma,.wma
H:\Music\The Bee Gees\Their Greatest Hits- The Record Disc 2\The Bee Gees-Alone.wma,.wma
H:\Music\The Bee Gees\Their Greatest Hits- The Record Disc 2\The Bee Gees-Emotion.wma,.wma
H:\Music\The Bee Gees\Their Greatest Hits- The Record Disc 2\The Bee Gees-For Whom the Bell Tolls.wma,.wma
H:\Music\The Bee Gees\Their Greatest Hits- The Record Disc 2\The Bee Gees-Heartbreaker.wma,.wma
H:\Music\The Bee Gees\Their Greatest Hits- The Record Disc 2\The Bee Gees-How Deep Is Your Love.wma,.wma
H:\Music\The Bee Gees\Their Greatest Hits- The Record Disc 2\The Bee Gees-Immortality.wma,.wma
H:\Music\The Bee Gees\Their Greatest Hits- The Record Disc 2\The Bee Gees-Islands in the Stream.wma,.wma
H:\Music\The Bee Gees\Their Greatest Hits- The Record Disc 2\The Bee Gees-Love You Inside Out.wma,.wma
H:\Music\The Bee Gees\Their Greatest Hits- The Record Disc 2\The Bee Gees-More Than a Woman.wma,.wma
H:\Music\The Bee Gees\Their Greatest Hits- The Record Disc 2\The Bee Gees-Night Fever.wma,.wma
H:\Music\The Bee Gees\Their Greatest Hits- The Record Disc 2\The Bee Gees-One.wma,.wma
H:\Music\The Bee Gees\Their Greatest Hits- The Record Disc 2\The Bee Gees-Secret Love.wma,.wma
H:\Music\The Bee Gees\Their Greatest Hits- The Record Disc 2\The Bee Gees-Stayin' Alive.wma,.wma
H:\Music\The Bee Gees\Their Greatest Hits- The Record Disc 2\The Bee Gees-This Is Where I Came In.wma,.wma
H:\Music\The Bee Gees\Their Greatest Hits- The Record Disc 2\The Bee Gees-Too Much Heaven.wma,.wma
H:\Music\The Bee Gees\Their Greatest Hits- The Record Disc 2\The Bee Gees-Tragedy.wma,.wma
H:\Music\The Bee Gees\Their Greatest Hits- The Record Disc 2\The Bee Gees-You Win Again.wma,.wma
H:\Music\The Derek Trucks Band\Soul Serenade\The Derek Trucks Band-Afro Blue.wma,.wma
H:\Music\The Derek Trucks Band\Soul Serenade\The Derek Trucks Band-Bock To Bock.wma,.wma
H:\Music\The Derek Trucks Band\Soul Serenade\The Derek Trucks Band-Drown In My Own Tears.wma,.wma
H:\Music\The Derek Trucks Band\Soul Serenade\The Derek Trucks Band-Elvin.wma,.wma
H:\Music\The Derek Trucks Band\Soul Serenade\The Derek Trucks Band-Oriental Folk Song.wma,.wma
H:\Music\The Derek Trucks Band\Soul Serenade\The Derek Trucks Band-Sierra Leone.wma,.wma
H:\Music\The Derek Trucks Band\Soul Serenade\The Derek Trucks Band-Soul Serenade-Rasta Man Chant.wma,.wma
H:\Music\The Eagles\Hotel California\The Eagles-Hotel California.wma,.wma
H:\Music\The Eagles\Hotel California\The Eagles-Life in the Fast Lane.wma,.wma
H:\Music\The Eagles\Hotel California\The Eagles-New Kid in Town.wma,.wma
H:\Music\The Eagles\Hotel California\The Eagles-Pretty Maids All in a Row.wma,.wma
H:\Music\The Eagles\Hotel California\The Eagles-The Last Resort.wma,.wma
H:\Music\The Eagles\Hotel California\The Eagles-Try and Love Again.wma,.wma
H:\Music\The Eagles\Hotel California\The Eagles-Victim of Love.wma,.wma
H:\Music\The Eagles\Hotel California\The Eagles-Wasted Time (Reprise).wma,.wma
H:\Music\The Eagles\Hotel California\The Eagles-Wasted Time.wma,.wma
"H:\Music\The Eagles\The Eagles Greatest Hits, Vol. 2\The Eagles-After the Thrill Is Gone.wma",.wma
"H:\Music\The Eagles\The Eagles Greatest Hits, Vol. 2\The Eagles-Heartache Tonight.wma",.wma
"H:\Music\The Eagles\The Eagles Greatest Hits, Vol. 2\The Eagles-I Can't Tell You Why.wma",.wma
"H:\Music\The Eagles\The Eagles Greatest Hits, Vol. 2\The Eagles-Seven Bridges Road.wma",.wma
"H:\Music\The Eagles\The Eagles Greatest Hits, Vol. 2\The Eagles-The Long Run.wma",.wma
"H:\Music\The Eagles\The Eagles Greatest Hits, Vol. 2\The Eagles-The Sad Cafe.wma",.wma
H:\Music\The Panoramics\The Panoramics\The Panoramics-Track 1.wma,.wma
H:\Music\The Panoramics\The Panoramics\The Panoramics-Track 10.wma,.wma
H:\Music\The Panoramics\The Panoramics\The Panoramics-Track 11.wma,.wma
H:\Music\The Panoramics\The Panoramics\The Panoramics-Track 12.wma,.wma
H:\Music\The Panoramics\The Panoramics\The Panoramics-Track 13.wma,.wma
H:\Music\The Panoramics\The Panoramics\The Panoramics-Track 14.wma,.wma
H:\Music\The Panoramics\The Panoramics\The Panoramics-Track 15.wma,.wma
H:\Music\The Panoramics\The Panoramics\The Panoramics-Track 16.wma,.wma
H:\Music\The Panoramics\The Panoramics\The Panoramics-Track 2.wma,.wma
H:\Music\The Panoramics\The Panoramics\The Panoramics-Track 3.wma,.wma
H:\Music\The Panoramics\The Panoramics\The Panoramics-Track 4.wma,.wma
H:\Music\The Panoramics\The Panoramics\The Panoramics-Track 5.wma,.wma
H:\Music\The Panoramics\The Panoramics\The Panoramics-Track 6.wma,.wma
H:\Music\The Panoramics\The Panoramics\The Panoramics-Track 7.wma,.wma
H:\Music\The Panoramics\The Panoramics\The Panoramics-Track 8.wma,.wma
H:\Music\The Panoramics\The Panoramics\The Panoramics-Track 9.wma,.wma
H:\Music\The Rolling Stones\Forty Licks Disc 1\The Rolling Stones-(I Can't Get No) Satisfaction.wma,.wma
H:\Music\The Rolling Stones\Forty Licks Disc 1\The Rolling Stones-Gimme Shelter.wma,.wma
"H:\Music\The Rolling Stones\Forty Licks Disc 1\The Rolling Stones-Have You Seen Your Mother, Baby, Standing in the Shadow-.wma",.wma
H:\Music\The Rolling Stones\Forty Licks Disc 1\The Rolling Stones-Honky Tonk Women.wma,.wma
H:\Music\The Rolling Stones\Forty Licks Disc 1\The Rolling Stones-Jumpin' Jack Flash.wma,.wma
H:\Music\The Rolling Stones\Forty Licks Disc 1\The Rolling Stones-Let's Spend the Night Together.wma,.wma
"H:\Music\The Rolling Stones\Forty Licks Disc 1\The Rolling Stones-Paint It, Black.wma",.wma
H:\Music\The Rolling Stones\Forty Licks Disc 1\The Rolling Stones-Under My Thumb.wma,.wma
H:\Music\The Rolling Stones\Forty Licks Disc 1\The Rolling Stones-Wild Horses.wma,.wma
H:\Music\The Rolling Stones\Forty Licks Disc 1\The Rolling Stones-You Can't Always Get What You Want.wma,.wma
H:\Music\The Rolling Stones\Forty Licks Disc 2\The Rolling Stones-Angie.wma,.wma
H:\Music\The Rolling Stones\Forty Licks Disc 2\The Rolling Stones-Anybody Seen My Baby-.wma,.wma
H:\Music\The Rolling Stones\Forty Licks Disc 2\The Rolling Stones-Beast of Burden.wma,.wma
H:\Music\The Rolling Stones\Forty Licks Disc 2\The Rolling Stones-Brown Sugar.wma,.wma
H:\Music\The Rolling Stones\Forty Licks Disc 2\The Rolling Stones-Emotional Rescue.wma,.wma
H:\Music\The Rolling Stones\Forty Licks Disc 2\The Rolling Stones-Fool to Cry.wma,.wma
H:\Music\The Rolling Stones\Forty Licks Disc 2\The Rolling Stones-It's Only Rock 'N' Roll.wma,.wma
H:\Music\The Rolling Stones\Forty Licks Disc 2\The Rolling Stones-Miss You.wma,.wma
H:\Music\The Rolling Stones\Forty Licks Disc 2\The Rolling Stones-Shattered.wma,.wma
H:\Music\The Rolling Stones\Some Girls\The Rolling Stones-Beast of Burden.wma,.wma
H:\Music\The Rolling Stones\Some Girls\The Rolling Stones-Far Away Eyes.wma,.wma
H:\Music\The Rolling Stones\Some Girls\The Rolling Stones-Just My Imagination (Running Away With Me).wma,.wma
H:\Music\The Rolling Stones\Some Girls\The Rolling Stones-Miss You.wma,.wma
H:\Music\The Rolling Stones\Some Girls\The Rolling Stones-Shattered.wma,.wma
H:\Music\Tina Turner\Simply the Best\Tina Turner-Better Be Good to Me.wma,.wma
H:\Music\Tina Turner\Simply the Best\Tina Turner-I Can't Stand the Rain.wma,.wma
H:\Music\Tina Turner\Simply the Best\Tina Turner-I Don't Wanna Lose You.wma,.wma
H:\Music\Tina Turner\Simply the Best\Tina Turner-I Want You Near Me.wma,.wma
H:\Music\Tina Turner\Simply the Best\Tina Turner-It Takes Two.wma,.wma
H:\Music\Tina Turner\Simply the Best\Tina Turner-Let's Stay Together.wma,.wma
H:\Music\Tina Turner\Simply the Best\Tina Turner-Look Me in the Heart.wma,.wma
H:\Music\Tina Turner\Simply the Best\Tina Turner-Nutbush City Limits [The 90's Version].wma,.wma
H:\Music\Tina Turner\Simply the Best\Tina Turner-Private Dancer.wma,.wma
"H:\Music\Tina Turner\Simply the Best\Tina Turner-River Deep, Mountain High.wma",.wma
H:\Music\Tina Turner\Simply the Best\Tina Turner-Steamy Windows.wma,.wma
H:\Music\Tina Turner\Simply the Best\Tina Turner-The Best.wma,.wma
H:\Music\Tina Turner\Simply the Best\Tina Turner-Typical Male.wma,.wma
H:\Music\Tina Turner\Simply the Best\Tina Turner-Way of the World.wma,.wma
H:\Music\Tina Turner\Simply the Best\Tina Turner-We Don't Need Another Hero (Thunderdome).wma,.wma
H:\Music\Tina Turner\Simply the Best\Tina Turner-What You Get Is What You See.wma,.wma
H:\Music\Tina Turner\Simply the Best\Tina Turner-What's Love Got to Do with It.wma,.wma
H:\Music\Train\Drops of Jupiter\Train-Drops of Jupiter.wma,.wma
H:\Music\Train\Drops of Jupiter\Train-Get Away.wma,.wma
H:\Music\Train\Drops of Jupiter\Train-Hopeless.wma,.wma
H:\Music\Train\Drops of Jupiter\Train-I Wish You Would.wma,.wma
H:\Music\Train\Drops of Jupiter\Train-It's About You.wma,.wma
H:\Music\Train\Drops of Jupiter\Train-Let It Roll.wma,.wma
H:\Music\Train\Drops of Jupiter\Train-Mississippi.wma,.wma
H:\Music\Train\Drops of Jupiter\Train-Respect.wma,.wma
H:\Music\Train\Drops of Jupiter\Train-She's on Fire.wma,.wma
H:\Music\Train\Drops of Jupiter\Train-Something More.wma,.wma
H:\Music\Train\Drops of Jupiter\Train-Whipping Boy.wma,.wma
H:\Music\U2\The Joshua Tree\U2-Bullet the Blue Sky.wma,.wma
H:\Music\U2\The Joshua Tree\U2-Exit.wma,.wma
H:\Music\U2\The Joshua Tree\U2-I Still Haven't Found What I'm Looking For.wma,.wma
H:\Music\U2\The Joshua Tree\U2-In God's Country.wma,.wma
H:\Music\U2\The Joshua Tree\U2-One Tree Hill.wma,.wma
H:\Music\U2\The Joshua Tree\U2-Red Hill Mining Town.wma,.wma
H:\Music\U2\The Joshua Tree\U2-Running to Stand Still.wma,.wma
H:\Music\U2\The Joshua Tree\U2-Trip Through Your Wires.wma,.wma
H:\Music\U2\The Joshua Tree\U2-Where the Streets Have No Name.wma,.wma
H:\Music\U2\The Joshua Tree\U2-With or Without You.wma,.wma
