
2025-09-19 12:23:43,193 — src.audio_info.audio_metadata — WARNING — convert_file:284 — album directory D:\MusicProcessing\tests\Music\Crush\Here does not contain a Folder.jpg file.

2025-09-19 12:23:57,168 — src.audio_info.audio_metadata — WARNING — convert_walk:406 — Pattern .m3u is not for a valid audio file

2025-09-19 12:24:25,416 — src.audio_info.audio_metadata — ERROR — get_media_info:628 — Exception getting media info for file D:\MusicProcessing\tests\Music\test.m3u
Traceback (most recent call last):
  File "D:\MusicProcessing\src\audio_info\audio_metadata.py", line 601, in get_media_info
    output = subprocess_utils.popen_pipe(command)
             ^^^^^^^^^^^^^^^^^^^^^^^^^^^^^^^^^^^^
  File "D:\MusicProcessing\src\subprocess_utils.py", line 81, in popen_pipe
    raise r_error
  File "D:\MusicProcessing\src\subprocess_utils.py", line 78, in popen_pipe
    raise RuntimeError(f"RuntimeError running command {shlex.join(command)}")
RuntimeError: RuntimeError running command ffprobe -v quiet -show_format -show_streams 'D:\MusicProcessing\tests\Music\test.m3u'

2025-09-19 13:41:01,070 — src.audio_info.audio_metadata — WARNING — convert_file:284 — album directory D:\MusicProcessing\tests\Music\Crush\Here does not contain a Folder.jpg file.

2025-09-19 13:41:15,028 — src.audio_info.audio_metadata — WARNING — convert_walk:406 — Pattern .m3u is not for a valid audio file

2025-09-19 18:00:38,446 — src.audio_info.audio_metadata — ERROR — get_media_info:666 — Exception getting media info for file D:\MusicProcessing\tests\Music\test.m3u
Traceback (most recent call last):
  File "D:\MusicProcessing\src\audio_info\audio_metadata.py", line 605, in get_media_info
    '''
        
  File "D:\MusicProcessing\src\subprocess_utils.py", line 81, in popen_pipe
    raise r_error
  File "D:\MusicProcessing\src\subprocess_utils.py", line 78, in popen_pipe
    raise RuntimeError(f"RuntimeError running command {shlex.join(command)}")
RuntimeError: RuntimeError running command ffprobe -v quiet -show_format -show_streams 'D:\MusicProcessing\tests\Music\test.m3u'

2025-09-19 18:00:39,941 — src.audio_info.audio_metadata — ERROR — has_art_tag:936 — MusicProcessingError with file: D:\MusicProcessing\tests\Music\test has invalid extension: .m3u
NoneType: None

2025-09-19 18:00:39,979 — src.audio_info.audio_metadata — ERROR — load_any_file:982 — ValueError loading D:\MusicProcessing\tests\Music\test.m3u returned None
NoneType: None

2025-09-19 18:00:39,980 — src.audio_info.audio_metadata — ERROR — load_any_file:986 — MutagenError [Errno 2] No such file or directory: 'D:\\MusicProcessing\\tests\\Music\\Non-extant.wav' loading D:\MusicProcessing\tests\Music\Non-extant.wav
Traceback (most recent call last):
  File "c:\Users\gmanw\AppData\Local\Programs\Python\Python312\Lib\site-packages\mutagen\_util.py", line 251, in _openfile
    fileobj = open(filename, "rb+" if writable else "rb")
              ^^^^^^^^^^^^^^^^^^^^^^^^^^^^^^^^^^^^^^^^^^^
FileNotFoundError: [Errno 2] No such file or directory: 'D:\\MusicProcessing\\tests\\Music\\Non-extant.wav'

During handling of the above exception, another exception occurred:

Traceback (most recent call last):
  File "D:\MusicProcessing\src\audio_info\audio_metadata.py", line 978, in load_any_file
    audio_file = mutagen.File(file_path)
                 ^^^^^^^^^^^^^^^^^^^^^^^
  File "c:\Users\gmanw\AppData\Local\Programs\Python\Python312\Lib\site-packages\mutagen\_util.py", line 162, in wrapper_func
    with _openfile(None, filething, filename, fileobj,
  File "c:\Users\gmanw\AppData\Local\Programs\Python\Python312\Lib\contextlib.py", line 137, in __enter__
    return next(self.gen)
           ^^^^^^^^^^^^^^
  File "c:\Users\gmanw\AppData\Local\Programs\Python\Python312\Lib\site-packages\mutagen\_util.py", line 272, in _openfile
    raise MutagenError(e)
mutagen.MutagenError: [Errno 2] No such file or directory: 'D:\\MusicProcessing\\tests\\Music\\Non-extant.wav'

2025-09-23 17:20:35,249 — src.audio_info.audio_metadata — WARNING — convert_file:284 — album directory D:\MusicProcessing\tests\Music\Crush\Here does not contain a Folder.jpg file.

2025-09-23 17:20:51,018 — src.audio_info.audio_metadata — WARNING — convert_walk:406 — Pattern .m3u is not for a valid audio file

2025-09-23 17:20:52,899 — src.audio_info.audio_metadata — ERROR — has_art_tag:936 — MusicProcessingError with file: D:\MusicProcessing\tests\Music\test has invalid extension: .m3u
NoneType: None

2025-09-23 17:20:52,996 — src.audio_info.audio_metadata — ERROR — load_any_file:982 — ValueError loading D:\MusicProcessing\tests\Music\test.m3u returned None
NoneType: None

2025-09-23 17:20:52,998 — src.audio_info.audio_metadata — ERROR — load_any_file:986 — MutagenError [Errno 2] No such file or directory: 'D:\\MusicProcessing\\tests\\Music\\Non-extant.wav' loading D:\MusicProcessing\tests\Music\Non-extant.wav
Traceback (most recent call last):
  File "c:\Users\gmanw\AppData\Local\Programs\Python\Python312\Lib\site-packages\mutagen\_util.py", line 251, in _openfile
    fileobj = open(filename, "rb+" if writable else "rb")
              ^^^^^^^^^^^^^^^^^^^^^^^^^^^^^^^^^^^^^^^^^^^
FileNotFoundError: [Errno 2] No such file or directory: 'D:\\MusicProcessing\\tests\\Music\\Non-extant.wav'

During handling of the above exception, another exception occurred:

Traceback (most recent call last):
  File "D:\MusicProcessing\src\audio_info\audio_metadata.py", line 978, in load_any_file
    audio_file = mutagen.File(file_path)
                 ^^^^^^^^^^^^^^^^^^^^^^^
  File "c:\Users\gmanw\AppData\Local\Programs\Python\Python312\Lib\site-packages\mutagen\_util.py", line 162, in wrapper_func
    with _openfile(None, filething, filename, fileobj,
  File "c:\Users\gmanw\AppData\Local\Programs\Python\Python312\Lib\contextlib.py", line 137, in __enter__
    return next(self.gen)
           ^^^^^^^^^^^^^^
  File "c:\Users\gmanw\AppData\Local\Programs\Python\Python312\Lib\site-packages\mutagen\_util.py", line 272, in _openfile
    raise MutagenError(e)
mutagen.MutagenError: [Errno 2] No such file or directory: 'D:\\MusicProcessing\\tests\\Music\\Non-extant.wav'

2025-09-23 17:21:48,946 — src.audio_info.audio_metadata — WARNING — convert_file:284 — album directory D:\MusicProcessing\tests\Music\Crush\Here does not contain a Folder.jpg file.

2025-09-23 17:22:04,089 — src.audio_info.audio_metadata — WARNING — convert_walk:406 — Pattern .m3u is not for a valid audio file

2025-09-23 17:22:05,509 — src.audio_info.audio_metadata — ERROR — has_art_tag:936 — MusicProcessingError with file: D:\MusicProcessing\tests\Music\test has invalid extension: .m3u
NoneType: None

2025-09-23 17:22:05,537 — src.audio_info.audio_metadata — ERROR — load_any_file:982 — ValueError loading D:\MusicProcessing\tests\Music\test.m3u returned None
NoneType: None

2025-09-23 17:22:05,538 — src.audio_info.audio_metadata — ERROR — load_any_file:986 — MutagenError [Errno 2] No such file or directory: 'D:\\MusicProcessing\\tests\\Music\\Non-extant.wav' loading D:\MusicProcessing\tests\Music\Non-extant.wav
Traceback (most recent call last):
  File "c:\Users\gmanw\AppData\Local\Programs\Python\Python312\Lib\site-packages\mutagen\_util.py", line 251, in _openfile
    fileobj = open(filename, "rb+" if writable else "rb")
              ^^^^^^^^^^^^^^^^^^^^^^^^^^^^^^^^^^^^^^^^^^^
FileNotFoundError: [Errno 2] No such file or directory: 'D:\\MusicProcessing\\tests\\Music\\Non-extant.wav'

During handling of the above exception, another exception occurred:

Traceback (most recent call last):
  File "D:\MusicProcessing\src\audio_info\audio_metadata.py", line 978, in load_any_file
    audio_file = mutagen.File(file_path)
                 ^^^^^^^^^^^^^^^^^^^^^^^
  File "c:\Users\gmanw\AppData\Local\Programs\Python\Python312\Lib\site-packages\mutagen\_util.py", line 162, in wrapper_func
    with _openfile(None, filething, filename, fileobj,
  File "c:\Users\gmanw\AppData\Local\Programs\Python\Python312\Lib\contextlib.py", line 137, in __enter__
    return next(self.gen)
           ^^^^^^^^^^^^^^
  File "c:\Users\gmanw\AppData\Local\Programs\Python\Python312\Lib\site-packages\mutagen\_util.py", line 272, in _openfile
    raise MutagenError(e)
mutagen.MutagenError: [Errno 2] No such file or directory: 'D:\\MusicProcessing\\tests\\Music\\Non-extant.wav'

2025-09-23 17:29:21,399 — src.audio_info.audio_metadata — WARNING — convert_file:284 — album directory D:\MusicProcessing\tests\Music\Crush\Here does not contain a Folder.jpg file.

2025-09-23 17:29:36,601 — src.audio_info.audio_metadata — WARNING — convert_walk:406 — Pattern .m3u is not for a valid audio file

2025-09-23 17:29:38,037 — src.audio_info.audio_metadata — ERROR — has_art_tag:936 — MusicProcessingError with file: D:\MusicProcessing\tests\Music\test has invalid extension: .m3u
NoneType: None

2025-09-23 17:29:38,066 — src.audio_info.audio_metadata — ERROR — load_any_file:982 — ValueError loading D:\MusicProcessing\tests\Music\test.m3u returned None
NoneType: None

2025-09-23 17:29:38,067 — src.audio_info.audio_metadata — ERROR — load_any_file:986 — MutagenError [Errno 2] No such file or directory: 'D:\\MusicProcessing\\tests\\Music\\Non-extant.wav' loading D:\MusicProcessing\tests\Music\Non-extant.wav
Traceback (most recent call last):
  File "c:\Users\gmanw\AppData\Local\Programs\Python\Python312\Lib\site-packages\mutagen\_util.py", line 251, in _openfile
    fileobj = open(filename, "rb+" if writable else "rb")
              ^^^^^^^^^^^^^^^^^^^^^^^^^^^^^^^^^^^^^^^^^^^
FileNotFoundError: [Errno 2] No such file or directory: 'D:\\MusicProcessing\\tests\\Music\\Non-extant.wav'

During handling of the above exception, another exception occurred:

Traceback (most recent call last):
  File "D:\MusicProcessing\src\audio_info\audio_metadata.py", line 978, in load_any_file
    audio_file = mutagen.File(file_path)
                 ^^^^^^^^^^^^^^^^^^^^^^^
  File "c:\Users\gmanw\AppData\Local\Programs\Python\Python312\Lib\site-packages\mutagen\_util.py", line 162, in wrapper_func
    with _openfile(None, filething, filename, fileobj,
  File "c:\Users\gmanw\AppData\Local\Programs\Python\Python312\Lib\contextlib.py", line 137, in __enter__
    return next(self.gen)
           ^^^^^^^^^^^^^^
  File "c:\Users\gmanw\AppData\Local\Programs\Python\Python312\Lib\site-packages\mutagen\_util.py", line 272, in _openfile
    raise MutagenError(e)
mutagen.MutagenError: [Errno 2] No such file or directory: 'D:\\MusicProcessing\\tests\\Music\\Non-extant.wav'

2025-09-23 17:31:03,824 — src.audio_info.audio_metadata — WARNING — convert_file:284 — album directory D:\MusicProcessing\tests\Music\Crush\Here does not contain a Folder.jpg file.

2025-09-23 17:31:19,018 — src.audio_info.audio_metadata — WARNING — convert_walk:406 — Pattern .m3u is not for a valid audio file

2025-09-23 17:31:20,423 — src.audio_info.audio_metadata — ERROR — has_art_tag:936 — MusicProcessingError with file: D:\MusicProcessing\tests\Music\test has invalid extension: .m3u
NoneType: None

2025-09-23 17:31:20,452 — src.audio_info.audio_metadata — ERROR — load_any_file:982 — ValueError loading D:\MusicProcessing\tests\Music\test.m3u returned None
NoneType: None

2025-09-23 17:31:20,453 — src.audio_info.audio_metadata — ERROR — load_any_file:986 — MutagenError [Errno 2] No such file or directory: 'D:\\MusicProcessing\\tests\\Music\\Non-extant.wav' loading D:\MusicProcessing\tests\Music\Non-extant.wav
Traceback (most recent call last):
  File "c:\Users\gmanw\AppData\Local\Programs\Python\Python312\Lib\site-packages\mutagen\_util.py", line 251, in _openfile
    fileobj = open(filename, "rb+" if writable else "rb")
              ^^^^^^^^^^^^^^^^^^^^^^^^^^^^^^^^^^^^^^^^^^^
FileNotFoundError: [Errno 2] No such file or directory: 'D:\\MusicProcessing\\tests\\Music\\Non-extant.wav'

During handling of the above exception, another exception occurred:

Traceback (most recent call last):
  File "D:\MusicProcessing\src\audio_info\audio_metadata.py", line 978, in load_any_file
    audio_file = mutagen.File(file_path)
                 ^^^^^^^^^^^^^^^^^^^^^^^
  File "c:\Users\gmanw\AppData\Local\Programs\Python\Python312\Lib\site-packages\mutagen\_util.py", line 162, in wrapper_func
    with _openfile(None, filething, filename, fileobj,
  File "c:\Users\gmanw\AppData\Local\Programs\Python\Python312\Lib\contextlib.py", line 137, in __enter__
    return next(self.gen)
           ^^^^^^^^^^^^^^
  File "c:\Users\gmanw\AppData\Local\Programs\Python\Python312\Lib\site-packages\mutagen\_util.py", line 272, in _openfile
    raise MutagenError(e)
mutagen.MutagenError: [Errno 2] No such file or directory: 'D:\\MusicProcessing\\tests\\Music\\Non-extant.wav'

2025-09-23 17:35:55,512 — src.audio_info.audio_metadata — WARNING — convert_file:284 — album directory D:\MusicProcessing\tests\Music\Crush\Here does not contain a Folder.jpg file.

2025-09-23 17:36:11,412 — src.audio_info.audio_metadata — WARNING — convert_walk:406 — Pattern .m3u is not for a valid audio file

2025-09-23 17:36:12,988 — src.audio_info.audio_metadata — ERROR — has_art_tag:936 — MusicProcessingError with file: D:\MusicProcessing\tests\Music\test has invalid extension: .m3u
NoneType: None

2025-09-23 17:36:13,017 — src.audio_info.audio_metadata — ERROR — load_any_file:982 — ValueError loading D:\MusicProcessing\tests\Music\test.m3u returned None
NoneType: None

2025-09-23 17:36:13,018 — src.audio_info.audio_metadata — ERROR — load_any_file:986 — MutagenError [Errno 2] No such file or directory: 'D:\\MusicProcessing\\tests\\Music\\Non-extant.wav' loading D:\MusicProcessing\tests\Music\Non-extant.wav
Traceback (most recent call last):
  File "c:\Users\gmanw\AppData\Local\Programs\Python\Python312\Lib\site-packages\mutagen\_util.py", line 251, in _openfile
    fileobj = open(filename, "rb+" if writable else "rb")
              ^^^^^^^^^^^^^^^^^^^^^^^^^^^^^^^^^^^^^^^^^^^
FileNotFoundError: [Errno 2] No such file or directory: 'D:\\MusicProcessing\\tests\\Music\\Non-extant.wav'

During handling of the above exception, another exception occurred:

Traceback (most recent call last):
  File "D:\MusicProcessing\src\audio_info\audio_metadata.py", line 978, in load_any_file
    audio_file = mutagen.File(file_path)
                 ^^^^^^^^^^^^^^^^^^^^^^^
  File "c:\Users\gmanw\AppData\Local\Programs\Python\Python312\Lib\site-packages\mutagen\_util.py", line 162, in wrapper_func
    with _openfile(None, filething, filename, fileobj,
  File "c:\Users\gmanw\AppData\Local\Programs\Python\Python312\Lib\contextlib.py", line 137, in __enter__
    return next(self.gen)
           ^^^^^^^^^^^^^^
  File "c:\Users\gmanw\AppData\Local\Programs\Python\Python312\Lib\site-packages\mutagen\_util.py", line 272, in _openfile
    raise MutagenError(e)
mutagen.MutagenError: [Errno 2] No such file or directory: 'D:\\MusicProcessing\\tests\\Music\\Non-extant.wav'

2025-09-24 11:51:34,073 — src.audio_info.audio_metadata — WARNING — convert_file:284 — album directory D:\MusicProcessing\tests\Music\Crush\Here does not contain a Folder.jpg file.

2025-09-24 11:51:48,043 — src.audio_info.audio_metadata — WARNING — convert_walk:406 — Pattern .m3u is not for a valid audio file

2025-09-24 11:51:48,322 — src.audio_info.audio_metadata — ERROR — get_media_info:666 — Exception getting media info for file D:\MusicProcessing\tests\Music\test.m3u
Traceback (most recent call last):
  File "D:\MusicProcessing\src\audio_info\audio_metadata.py", line 606, in get_media_info
    output = subprocess_utils.popen_pipe(command)
             ^^^^^^^^^^^^^^^^^^^^^^^^^^^^^^^^^^^^
  File "D:\MusicProcessing\src\subprocess_utils.py", line 81, in popen_pipe
    raise r_error
  File "D:\MusicProcessing\src\subprocess_utils.py", line 78, in popen_pipe
    raise RuntimeError(f"RuntimeError running command {shlex.join(command)}")
RuntimeError: RuntimeError running command ffprobe -v quiet -show_format -show_streams 'D:\MusicProcessing\tests\Music\test.m3u'

2025-09-24 11:51:48,654 — src.audio_info.audio_metadata — ERROR — get_media_tags:767 — Exception CalledProcessError getting media tags for file D:\MusicProcessing\tests\Music\test.m3u
Traceback (most recent call last):
  File "D:\MusicProcessing\src\audio_info\audio_metadata.py", line 757, in get_media_tags
    result = subprocess_utils.subprocess_run(command)
             ^^^^^^^^^^^^^^^^^^^^^^^^^^^^^^^^^^^^^^^^
  File "D:\MusicProcessing\src\subprocess_utils.py", line 233, in subprocess_run
    raise cp_error
  File "D:\MusicProcessing\src\subprocess_utils.py", line 223, in subprocess_run
    process = subprocess.run(
              ^^^^^^^^^^^^^^^
  File "c:\Users\gmanw\AppData\Local\Programs\Python\Python312\Lib\subprocess.py", line 571, in run
    raise CalledProcessError(retcode, process.args,
subprocess.CalledProcessError: Command '['ffprobe', '-v', 'quiet', '-of', 'json', '-show_entries', 'format_tags', 'D:\\MusicProcessing\\tests\\Music\\test.m3u']' returned non-zero exit status 1.
Stack (most recent call last):
  File "c:\Users\gmanw\AppData\Local\Programs\Python\Python312\Lib\runpy.py", line 198, in _run_module_as_main
    return _run_code(code, main_globals, None,
  File "c:\Users\gmanw\AppData\Local\Programs\Python\Python312\Lib\runpy.py", line 88, in _run_code
    exec(code, run_globals)
  File "c:\Users\gmanw\.vscode\extensions\ms-python.debugpy-2025.10.0-win32-x64\bundled\libs\debugpy\launcher/../..\debugpy\__main__.py", line 71, in <module>
    cli.main()
  File "c:\Users\gmanw\.vscode\extensions\ms-python.debugpy-2025.10.0-win32-x64\bundled\libs\debugpy\launcher/../..\debugpy/..\debugpy\server\cli.py", line 501, in main
    run()
  File "c:\Users\gmanw\.vscode\extensions\ms-python.debugpy-2025.10.0-win32-x64\bundled\libs\debugpy\launcher/../..\debugpy/..\debugpy\server\cli.py", line 351, in run_file
    runpy.run_path(target, run_name="__main__")
  File "c:\Users\gmanw\.vscode\extensions\ms-python.debugpy-2025.10.0-win32-x64\bundled\libs\debugpy\_vendored\pydevd\_pydevd_bundle\pydevd_runpy.py", line 310, in run_path
    return _run_module_code(code, init_globals, run_name, pkg_name=pkg_name, script_name=fname)
  File "c:\Users\gmanw\.vscode\extensions\ms-python.debugpy-2025.10.0-win32-x64\bundled\libs\debugpy\_vendored\pydevd\_pydevd_bundle\pydevd_runpy.py", line 127, in _run_module_code
    _run_code(code, mod_globals, init_globals, mod_name, mod_spec, pkg_name, script_name)
  File "c:\Users\gmanw\.vscode\extensions\ms-python.debugpy-2025.10.0-win32-x64\bundled\libs\debugpy\_vendored\pydevd\_pydevd_bundle\pydevd_runpy.py", line 118, in _run_code
    exec(code, run_globals)
  File "D:\MusicProcessing\tests\test_audio_metadata.py", line 854, in <module>
    runner.run(suite)
  File "c:\Users\gmanw\AppData\Local\Programs\Python\Python312\Lib\unittest\runner.py", line 240, in run
    test(result)
  File "c:\Users\gmanw\AppData\Local\Programs\Python\Python312\Lib\unittest\suite.py", line 84, in __call__
    return self.run(*args, **kwds)
  File "c:\Users\gmanw\AppData\Local\Programs\Python\Python312\Lib\unittest\suite.py", line 122, in run
    test(result)
  File "c:\Users\gmanw\AppData\Local\Programs\Python\Python312\Lib\unittest\case.py", line 690, in __call__
    return self.run(*args, **kwds)
  File "c:\Users\gmanw\AppData\Local\Programs\Python\Python312\Lib\unittest\case.py", line 634, in run
    self._callTestMethod(testMethod)
  File "c:\Users\gmanw\AppData\Local\Programs\Python\Python312\Lib\unittest\case.py", line 589, in _callTestMethod
    if method() is not None:
  File "D:\MusicProcessing\tests\test_audio_metadata.py", line 577, in test_get_media_tags_invalid_file
    media_tags = metadata.get_media_tags(TEST_M3U)
  File "D:\MusicProcessing\src\audio_info\audio_metadata.py", line 767, in get_media_tags
    logger.exception(f"Exception {type(e_error).__name__} getting media tags for file {file_path}", stack_info=True)

2025-09-24 11:51:49,687 — src.audio_info.audio_metadata — ERROR — has_art_tag:936 — MusicProcessingError with file: D:\MusicProcessing\tests\Music\test has invalid extension: .m3u
NoneType: None

2025-09-24 11:51:49,709 — src.audio_info.audio_metadata — ERROR — load_any_file:982 — ValueError loading D:\MusicProcessing\tests\Music\test.m3u returned None
NoneType: None

2025-09-24 11:51:49,713 — src.audio_info.audio_metadata — ERROR — load_any_file:986 — MutagenError [Errno 2] No such file or directory: 'D:\\MusicProcessing\\tests\\Music\\Non-extant.wav' loading D:\MusicProcessing\tests\Music\Non-extant.wav
Traceback (most recent call last):
  File "c:\Users\gmanw\AppData\Local\Programs\Python\Python312\Lib\site-packages\mutagen\_util.py", line 251, in _openfile
    fileobj = open(filename, "rb+" if writable else "rb")
              ^^^^^^^^^^^^^^^^^^^^^^^^^^^^^^^^^^^^^^^^^^^
FileNotFoundError: [Errno 2] No such file or directory: 'D:\\MusicProcessing\\tests\\Music\\Non-extant.wav'

During handling of the above exception, another exception occurred:

Traceback (most recent call last):
  File "D:\MusicProcessing\src\audio_info\audio_metadata.py", line 978, in load_any_file
    audio_file = mutagen.File(file_path)
                 ^^^^^^^^^^^^^^^^^^^^^^^
  File "c:\Users\gmanw\AppData\Local\Programs\Python\Python312\Lib\site-packages\mutagen\_util.py", line 162, in wrapper_func
    with _openfile(None, filething, filename, fileobj,
  File "c:\Users\gmanw\AppData\Local\Programs\Python\Python312\Lib\contextlib.py", line 137, in __enter__
    return next(self.gen)
           ^^^^^^^^^^^^^^
  File "c:\Users\gmanw\AppData\Local\Programs\Python\Python312\Lib\site-packages\mutagen\_util.py", line 272, in _openfile
    raise MutagenError(e)
mutagen.MutagenError: [Errno 2] No such file or directory: 'D:\\MusicProcessing\\tests\\Music\\Non-extant.wav'

2025-09-24 13:55:27,893 — src.audio_info.audio_metadata — WARNING — convert_file:284 — album directory D:\MusicProcessing\tests\Music\Crush\Here does not contain a Folder.jpg file.

2025-09-24 13:55:41,998 — src.audio_info.audio_metadata — WARNING — convert_walk:406 — Pattern .m3u is not for a valid audio file

2025-09-24 13:55:42,233 — src.audio_info.audio_metadata — ERROR — get_media_info:666 — Exception getting media info for file D:\MusicProcessing\tests\Music\test.m3u
Traceback (most recent call last):
  File "D:\MusicProcessing\src\audio_info\audio_metadata.py", line 606, in get_media_info
    output = subprocess_utils.popen_pipe(command)
             ^^^^^^^^^^^^^^^^^^^^^^^^^^^^^^^^^^^^
  File "D:\MusicProcessing\src\subprocess_utils.py", line 81, in popen_pipe
    raise r_error
  File "D:\MusicProcessing\src\subprocess_utils.py", line 78, in popen_pipe
    raise RuntimeError(f"RuntimeError running command {shlex.join(command)}")
RuntimeError: RuntimeError running command ffprobe -v quiet -show_format -show_streams 'D:\MusicProcessing\tests\Music\test.m3u'

2025-09-24 13:55:43,408 — src.audio_info.audio_metadata — ERROR — has_art_tag:936 — MusicProcessingError with file: D:\MusicProcessing\tests\Music\test has invalid extension: .m3u
NoneType: None

2025-09-24 13:55:43,445 — src.audio_info.audio_metadata — ERROR — load_any_file:982 — ValueError loading D:\MusicProcessing\tests\Music\test.m3u returned None
NoneType: None

2025-09-24 13:55:43,446 — src.audio_info.audio_metadata — ERROR — load_any_file:986 — MutagenError [Errno 2] No such file or directory: 'D:\\MusicProcessing\\tests\\Music\\Non-extant.wav' loading D:\MusicProcessing\tests\Music\Non-extant.wav
Traceback (most recent call last):
  File "c:\Users\gmanw\AppData\Local\Programs\Python\Python312\Lib\site-packages\mutagen\_util.py", line 251, in _openfile
    fileobj = open(filename, "rb+" if writable else "rb")
              ^^^^^^^^^^^^^^^^^^^^^^^^^^^^^^^^^^^^^^^^^^^
FileNotFoundError: [Errno 2] No such file or directory: 'D:\\MusicProcessing\\tests\\Music\\Non-extant.wav'

During handling of the above exception, another exception occurred:

Traceback (most recent call last):
  File "D:\MusicProcessing\src\audio_info\audio_metadata.py", line 978, in load_any_file
    audio_file = mutagen.File(file_path)
                 ^^^^^^^^^^^^^^^^^^^^^^^
  File "c:\Users\gmanw\AppData\Local\Programs\Python\Python312\Lib\site-packages\mutagen\_util.py", line 162, in wrapper_func
    with _openfile(None, filething, filename, fileobj,
  File "c:\Users\gmanw\AppData\Local\Programs\Python\Python312\Lib\contextlib.py", line 137, in __enter__
    return next(self.gen)
           ^^^^^^^^^^^^^^
  File "c:\Users\gmanw\AppData\Local\Programs\Python\Python312\Lib\site-packages\mutagen\_util.py", line 272, in _openfile
    raise MutagenError(e)
mutagen.MutagenError: [Errno 2] No such file or directory: 'D:\\MusicProcessing\\tests\\Music\\Non-extant.wav'

2025-09-24 13:58:30,160 — src.audio_info.audio_metadata — WARNING — convert_file:284 — album directory D:\MusicProcessing\tests\Music\Crush\Here does not contain a Folder.jpg file.

2025-09-24 13:58:44,168 — src.audio_info.audio_metadata — WARNING — convert_walk:406 — Pattern .m3u is not for a valid audio file

2025-09-24 13:58:44,402 — src.audio_info.audio_metadata — ERROR — get_media_info:666 — Exception getting media info for file D:\MusicProcessing\tests\Music\test.m3u
Traceback (most recent call last):
  File "D:\MusicProcessing\src\audio_info\audio_metadata.py", line 606, in get_media_info
    output = subprocess_utils.popen_pipe(command)
             ^^^^^^^^^^^^^^^^^^^^^^^^^^^^^^^^^^^^
  File "D:\MusicProcessing\src\subprocess_utils.py", line 81, in popen_pipe
    raise r_error
  File "D:\MusicProcessing\src\subprocess_utils.py", line 78, in popen_pipe
    raise RuntimeError(f"RuntimeError running command {shlex.join(command)}")
RuntimeError: RuntimeError running command ffprobe -v quiet -show_format -show_streams 'D:\MusicProcessing\tests\Music\test.m3u'

2025-09-24 13:58:44,658 — src.audio_info.audio_metadata — ERROR — get_media_tags:767 — Exception CalledProcessError getting media tags for file D:\MusicProcessing\tests\Music\test.m3u
Traceback (most recent call last):
  File "D:\MusicProcessing\src\audio_info\audio_metadata.py", line 757, in get_media_tags
    result = subprocess_utils.subprocess_run(command)
             ^^^^^^^^^^^^^^^^^^^^^^^^^^^^^^^^^^^^^^^^
  File "D:\MusicProcessing\src\subprocess_utils.py", line 233, in subprocess_run
    raise cp_error
  File "D:\MusicProcessing\src\subprocess_utils.py", line 223, in subprocess_run
    process = subprocess.run(
              ^^^^^^^^^^^^^^^
  File "c:\Users\gmanw\AppData\Local\Programs\Python\Python312\Lib\subprocess.py", line 571, in run
    raise CalledProcessError(retcode, process.args,
subprocess.CalledProcessError: Command '['ffprobe', '-v', 'quiet', '-of', 'json', '-show_entries', 'format_tags', 'D:\\MusicProcessing\\tests\\Music\\test.m3u']' returned non-zero exit status 1.
Stack (most recent call last):
  File "c:\Users\gmanw\AppData\Local\Programs\Python\Python312\Lib\runpy.py", line 198, in _run_module_as_main
    return _run_code(code, main_globals, None,
  File "c:\Users\gmanw\AppData\Local\Programs\Python\Python312\Lib\runpy.py", line 88, in _run_code
    exec(code, run_globals)
  File "c:\Users\gmanw\.vscode\extensions\ms-python.debugpy-2025.10.0-win32-x64\bundled\libs\debugpy\launcher/../..\debugpy\__main__.py", line 71, in <module>
    cli.main()
  File "c:\Users\gmanw\.vscode\extensions\ms-python.debugpy-2025.10.0-win32-x64\bundled\libs\debugpy\launcher/../..\debugpy/..\debugpy\server\cli.py", line 501, in main
    run()
  File "c:\Users\gmanw\.vscode\extensions\ms-python.debugpy-2025.10.0-win32-x64\bundled\libs\debugpy\launcher/../..\debugpy/..\debugpy\server\cli.py", line 351, in run_file
    runpy.run_path(target, run_name="__main__")
  File "c:\Users\gmanw\.vscode\extensions\ms-python.debugpy-2025.10.0-win32-x64\bundled\libs\debugpy\_vendored\pydevd\_pydevd_bundle\pydevd_runpy.py", line 310, in run_path
    return _run_module_code(code, init_globals, run_name, pkg_name=pkg_name, script_name=fname)
  File "c:\Users\gmanw\.vscode\extensions\ms-python.debugpy-2025.10.0-win32-x64\bundled\libs\debugpy\_vendored\pydevd\_pydevd_bundle\pydevd_runpy.py", line 127, in _run_module_code
    _run_code(code, mod_globals, init_globals, mod_name, mod_spec, pkg_name, script_name)
  File "c:\Users\gmanw\.vscode\extensions\ms-python.debugpy-2025.10.0-win32-x64\bundled\libs\debugpy\_vendored\pydevd\_pydevd_bundle\pydevd_runpy.py", line 118, in _run_code
    exec(code, run_globals)
  File "D:\MusicProcessing\tests\test_audio_metadata.py", line 853, in <module>
    runner.run(suite)
  File "c:\Users\gmanw\AppData\Local\Programs\Python\Python312\Lib\unittest\runner.py", line 240, in run
    test(result)
  File "c:\Users\gmanw\AppData\Local\Programs\Python\Python312\Lib\unittest\suite.py", line 84, in __call__
    return self.run(*args, **kwds)
  File "c:\Users\gmanw\AppData\Local\Programs\Python\Python312\Lib\unittest\suite.py", line 122, in run
    test(result)
  File "c:\Users\gmanw\AppData\Local\Programs\Python\Python312\Lib\unittest\case.py", line 690, in __call__
    return self.run(*args, **kwds)
  File "c:\Users\gmanw\AppData\Local\Programs\Python\Python312\Lib\unittest\case.py", line 634, in run
    self._callTestMethod(testMethod)
  File "c:\Users\gmanw\AppData\Local\Programs\Python\Python312\Lib\unittest\case.py", line 589, in _callTestMethod
    if method() is not None:
  File "D:\MusicProcessing\tests\test_audio_metadata.py", line 558, in test_get_media_tags_invalid_file
    media_tags = metadata.get_media_tags(TEST_M3U)
  File "D:\MusicProcessing\src\audio_info\audio_metadata.py", line 767, in get_media_tags
    logger.exception(f"Exception {type(e_error).__name__} getting media tags for file {file_path}", stack_info=True)

2025-09-24 13:58:45,655 — src.audio_info.audio_metadata — ERROR — has_art_tag:936 — MusicProcessingError with file: D:\MusicProcessing\tests\Music\test has invalid extension: .m3u
NoneType: None

2025-09-24 13:58:45,689 — src.audio_info.audio_metadata — ERROR — load_any_file:982 — ValueError loading D:\MusicProcessing\tests\Music\test.m3u returned None
NoneType: None

2025-09-24 13:58:45,690 — src.audio_info.audio_metadata — ERROR — load_any_file:986 — MutagenError [Errno 2] No such file or directory: 'D:\\MusicProcessing\\tests\\Music\\Non-extant.wav' loading D:\MusicProcessing\tests\Music\Non-extant.wav
Traceback (most recent call last):
  File "c:\Users\gmanw\AppData\Local\Programs\Python\Python312\Lib\site-packages\mutagen\_util.py", line 251, in _openfile
    fileobj = open(filename, "rb+" if writable else "rb")
              ^^^^^^^^^^^^^^^^^^^^^^^^^^^^^^^^^^^^^^^^^^^
FileNotFoundError: [Errno 2] No such file or directory: 'D:\\MusicProcessing\\tests\\Music\\Non-extant.wav'

During handling of the above exception, another exception occurred:

Traceback (most recent call last):
  File "D:\MusicProcessing\src\audio_info\audio_metadata.py", line 978, in load_any_file
    audio_file = mutagen.File(file_path)
                 ^^^^^^^^^^^^^^^^^^^^^^^
  File "c:\Users\gmanw\AppData\Local\Programs\Python\Python312\Lib\site-packages\mutagen\_util.py", line 162, in wrapper_func
    with _openfile(None, filething, filename, fileobj,
  File "c:\Users\gmanw\AppData\Local\Programs\Python\Python312\Lib\contextlib.py", line 137, in __enter__
    return next(self.gen)
           ^^^^^^^^^^^^^^
  File "c:\Users\gmanw\AppData\Local\Programs\Python\Python312\Lib\site-packages\mutagen\_util.py", line 272, in _openfile
    raise MutagenError(e)
mutagen.MutagenError: [Errno 2] No such file or directory: 'D:\\MusicProcessing\\tests\\Music\\Non-extant.wav'

2025-09-24 14:06:44,614 — src.audio_info.audio_metadata — WARNING — convert_file:284 — album directory D:\MusicProcessing\tests\Music\Crush\Here does not contain a Folder.jpg file.

2025-09-24 14:06:58,642 — src.audio_info.audio_metadata — WARNING — convert_walk:406 — Pattern .m3u is not for a valid audio file

2025-09-24 14:06:58,866 — src.audio_info.audio_metadata — ERROR — get_media_info:666 — Exception getting media info for file D:\MusicProcessing\tests\Music\test.m3u
Traceback (most recent call last):
  File "D:\MusicProcessing\src\audio_info\audio_metadata.py", line 606, in get_media_info
    output = subprocess_utils.popen_pipe(command)
             ^^^^^^^^^^^^^^^^^^^^^^^^^^^^^^^^^^^^
  File "D:\MusicProcessing\src\subprocess_utils.py", line 81, in popen_pipe
    raise r_error
  File "D:\MusicProcessing\src\subprocess_utils.py", line 78, in popen_pipe
    raise RuntimeError(f"RuntimeError running command {shlex.join(command)}")
RuntimeError: RuntimeError running command ffprobe -v quiet -show_format -show_streams 'D:\MusicProcessing\tests\Music\test.m3u'

2025-09-24 14:06:59,120 — src.audio_info.audio_metadata — ERROR — get_media_tags:767 — Exception CalledProcessError getting media tags for file D:\MusicProcessing\tests\Music\test.m3u
Traceback (most recent call last):
  File "D:\MusicProcessing\src\audio_info\audio_metadata.py", line 757, in get_media_tags
    result = subprocess_utils.subprocess_run(command)
             ^^^^^^^^^^^^^^^^^^^^^^^^^^^^^^^^^^^^^^^^
  File "D:\MusicProcessing\src\subprocess_utils.py", line 233, in subprocess_run
    raise cp_error
  File "D:\MusicProcessing\src\subprocess_utils.py", line 223, in subprocess_run
    process = subprocess.run(
              ^^^^^^^^^^^^^^^
  File "c:\Users\gmanw\AppData\Local\Programs\Python\Python312\Lib\subprocess.py", line 571, in run
    raise CalledProcessError(retcode, process.args,
subprocess.CalledProcessError: Command '['ffprobe', '-v', 'quiet', '-of', 'json', '-show_entries', 'format_tags', 'D:\\MusicProcessing\\tests\\Music\\test.m3u']' returned non-zero exit status 1.
Stack (most recent call last):
  File "c:\Users\gmanw\AppData\Local\Programs\Python\Python312\Lib\runpy.py", line 198, in _run_module_as_main
    return _run_code(code, main_globals, None,
  File "c:\Users\gmanw\AppData\Local\Programs\Python\Python312\Lib\runpy.py", line 88, in _run_code
    exec(code, run_globals)
  File "c:\Users\gmanw\.vscode\extensions\ms-python.debugpy-2025.10.0-win32-x64\bundled\libs\debugpy\launcher/../..\debugpy\__main__.py", line 71, in <module>
    cli.main()
  File "c:\Users\gmanw\.vscode\extensions\ms-python.debugpy-2025.10.0-win32-x64\bundled\libs\debugpy\launcher/../..\debugpy/..\debugpy\server\cli.py", line 501, in main
    run()
  File "c:\Users\gmanw\.vscode\extensions\ms-python.debugpy-2025.10.0-win32-x64\bundled\libs\debugpy\launcher/../..\debugpy/..\debugpy\server\cli.py", line 351, in run_file
    runpy.run_path(target, run_name="__main__")
  File "c:\Users\gmanw\.vscode\extensions\ms-python.debugpy-2025.10.0-win32-x64\bundled\libs\debugpy\_vendored\pydevd\_pydevd_bundle\pydevd_runpy.py", line 310, in run_path
    return _run_module_code(code, init_globals, run_name, pkg_name=pkg_name, script_name=fname)
  File "c:\Users\gmanw\.vscode\extensions\ms-python.debugpy-2025.10.0-win32-x64\bundled\libs\debugpy\_vendored\pydevd\_pydevd_bundle\pydevd_runpy.py", line 127, in _run_module_code
    _run_code(code, mod_globals, init_globals, mod_name, mod_spec, pkg_name, script_name)
  File "c:\Users\gmanw\.vscode\extensions\ms-python.debugpy-2025.10.0-win32-x64\bundled\libs\debugpy\_vendored\pydevd\_pydevd_bundle\pydevd_runpy.py", line 118, in _run_code
    exec(code, run_globals)
  File "D:\MusicProcessing\tests\test_audio_metadata.py", line 853, in <module>
    runner.run(suite)
  File "c:\Users\gmanw\AppData\Local\Programs\Python\Python312\Lib\unittest\runner.py", line 240, in run
    test(result)
  File "c:\Users\gmanw\AppData\Local\Programs\Python\Python312\Lib\unittest\suite.py", line 84, in __call__
    return self.run(*args, **kwds)
  File "c:\Users\gmanw\AppData\Local\Programs\Python\Python312\Lib\unittest\suite.py", line 122, in run
    test(result)
  File "c:\Users\gmanw\AppData\Local\Programs\Python\Python312\Lib\unittest\case.py", line 690, in __call__
    return self.run(*args, **kwds)
  File "c:\Users\gmanw\AppData\Local\Programs\Python\Python312\Lib\unittest\case.py", line 634, in run
    self._callTestMethod(testMethod)
  File "c:\Users\gmanw\AppData\Local\Programs\Python\Python312\Lib\unittest\case.py", line 589, in _callTestMethod
    if method() is not None:
  File "D:\MusicProcessing\tests\test_audio_metadata.py", line 558, in test_get_media_tags_invalid_file
    media_tags = metadata.get_media_tags(TEST_M3U)
  File "D:\MusicProcessing\src\audio_info\audio_metadata.py", line 767, in get_media_tags
    logger.exception(f"Exception {type(e_error).__name__} getting media tags for file {file_path}", stack_info=True)

2025-09-24 14:07:00,077 — src.audio_info.audio_metadata — ERROR — has_art_tag:936 — MusicProcessingError with file: D:\MusicProcessing\tests\Music\test has invalid extension: .m3u
NoneType: None

2025-09-24 14:07:00,101 — src.audio_info.audio_metadata — ERROR — load_any_file:982 — ValueError loading D:\MusicProcessing\tests\Music\test.m3u returned None
NoneType: None

2025-09-24 14:07:00,104 — src.audio_info.audio_metadata — ERROR — load_any_file:986 — MutagenError [Errno 2] No such file or directory: 'D:\\MusicProcessing\\tests\\Music\\Non-extant.wav' loading D:\MusicProcessing\tests\Music\Non-extant.wav
Traceback (most recent call last):
  File "c:\Users\gmanw\AppData\Local\Programs\Python\Python312\Lib\site-packages\mutagen\_util.py", line 251, in _openfile
    fileobj = open(filename, "rb+" if writable else "rb")
              ^^^^^^^^^^^^^^^^^^^^^^^^^^^^^^^^^^^^^^^^^^^
FileNotFoundError: [Errno 2] No such file or directory: 'D:\\MusicProcessing\\tests\\Music\\Non-extant.wav'

During handling of the above exception, another exception occurred:

Traceback (most recent call last):
  File "D:\MusicProcessing\src\audio_info\audio_metadata.py", line 978, in load_any_file
    audio_file = mutagen.File(file_path)
                 ^^^^^^^^^^^^^^^^^^^^^^^
  File "c:\Users\gmanw\AppData\Local\Programs\Python\Python312\Lib\site-packages\mutagen\_util.py", line 162, in wrapper_func
    with _openfile(None, filething, filename, fileobj,
  File "c:\Users\gmanw\AppData\Local\Programs\Python\Python312\Lib\contextlib.py", line 137, in __enter__
    return next(self.gen)
           ^^^^^^^^^^^^^^
  File "c:\Users\gmanw\AppData\Local\Programs\Python\Python312\Lib\site-packages\mutagen\_util.py", line 272, in _openfile
    raise MutagenError(e)
mutagen.MutagenError: [Errno 2] No such file or directory: 'D:\\MusicProcessing\\tests\\Music\\Non-extant.wav'

2025-09-24 14:12:27,364 — src.audio_info.audio_metadata — WARNING — convert_file:284 — album directory D:\MusicProcessing\tests\Music\Crush\Here does not contain a Folder.jpg file.

2025-09-24 14:12:41,247 — src.audio_info.audio_metadata — WARNING — convert_walk:406 — Pattern .m3u is not for a valid audio file

2025-09-24 14:12:41,471 — src.audio_info.audio_metadata — ERROR — get_media_info:666 — Exception getting media info for file D:\MusicProcessing\tests\Music\test.m3u
Traceback (most recent call last):
  File "D:\MusicProcessing\src\audio_info\audio_metadata.py", line 606, in get_media_info
    output = subprocess_utils.popen_pipe(command)
             ^^^^^^^^^^^^^^^^^^^^^^^^^^^^^^^^^^^^
  File "D:\MusicProcessing\src\subprocess_utils.py", line 81, in popen_pipe
    raise r_error
  File "D:\MusicProcessing\src\subprocess_utils.py", line 78, in popen_pipe
    raise RuntimeError(f"RuntimeError running command {shlex.join(command)}")
RuntimeError: RuntimeError running command ffprobe -v quiet -show_format -show_streams 'D:\MusicProcessing\tests\Music\test.m3u'

2025-09-24 14:12:41,737 — src.audio_info.audio_metadata — ERROR — get_media_tags:767 — Exception CalledProcessError getting media tags for file D:\MusicProcessing\tests\Music\test.m3u
Traceback (most recent call last):
  File "D:\MusicProcessing\src\audio_info\audio_metadata.py", line 757, in get_media_tags
    result = subprocess_utils.subprocess_run(command)
             ^^^^^^^^^^^^^^^^^^^^^^^^^^^^^^^^^^^^^^^^
  File "D:\MusicProcessing\src\subprocess_utils.py", line 233, in subprocess_run
    raise cp_error
  File "D:\MusicProcessing\src\subprocess_utils.py", line 223, in subprocess_run
    process = subprocess.run(
              ^^^^^^^^^^^^^^^
  File "c:\Users\gmanw\AppData\Local\Programs\Python\Python312\Lib\subprocess.py", line 571, in run
    raise CalledProcessError(retcode, process.args,
subprocess.CalledProcessError: Command '['ffprobe', '-v', 'quiet', '-of', 'json', '-show_entries', 'format_tags', 'D:\\MusicProcessing\\tests\\Music\\test.m3u']' returned non-zero exit status 1.
Stack (most recent call last):
  File "c:\Users\gmanw\AppData\Local\Programs\Python\Python312\Lib\runpy.py", line 198, in _run_module_as_main
    return _run_code(code, main_globals, None,
  File "c:\Users\gmanw\AppData\Local\Programs\Python\Python312\Lib\runpy.py", line 88, in _run_code
    exec(code, run_globals)
  File "c:\Users\gmanw\.vscode\extensions\ms-python.debugpy-2025.10.0-win32-x64\bundled\libs\debugpy\launcher/../..\debugpy\__main__.py", line 71, in <module>
    cli.main()
  File "c:\Users\gmanw\.vscode\extensions\ms-python.debugpy-2025.10.0-win32-x64\bundled\libs\debugpy\launcher/../..\debugpy/..\debugpy\server\cli.py", line 501, in main
    run()
  File "c:\Users\gmanw\.vscode\extensions\ms-python.debugpy-2025.10.0-win32-x64\bundled\libs\debugpy\launcher/../..\debugpy/..\debugpy\server\cli.py", line 351, in run_file
    runpy.run_path(target, run_name="__main__")
  File "c:\Users\gmanw\.vscode\extensions\ms-python.debugpy-2025.10.0-win32-x64\bundled\libs\debugpy\_vendored\pydevd\_pydevd_bundle\pydevd_runpy.py", line 310, in run_path
    return _run_module_code(code, init_globals, run_name, pkg_name=pkg_name, script_name=fname)
  File "c:\Users\gmanw\.vscode\extensions\ms-python.debugpy-2025.10.0-win32-x64\bundled\libs\debugpy\_vendored\pydevd\_pydevd_bundle\pydevd_runpy.py", line 127, in _run_module_code
    _run_code(code, mod_globals, init_globals, mod_name, mod_spec, pkg_name, script_name)
  File "c:\Users\gmanw\.vscode\extensions\ms-python.debugpy-2025.10.0-win32-x64\bundled\libs\debugpy\_vendored\pydevd\_pydevd_bundle\pydevd_runpy.py", line 118, in _run_code
    exec(code, run_globals)
  File "D:\MusicProcessing\tests\test_audio_metadata.py", line 853, in <module>
    runner.run(suite)
  File "c:\Users\gmanw\AppData\Local\Programs\Python\Python312\Lib\unittest\runner.py", line 240, in run
    test(result)
  File "c:\Users\gmanw\AppData\Local\Programs\Python\Python312\Lib\unittest\suite.py", line 84, in __call__
    return self.run(*args, **kwds)
  File "c:\Users\gmanw\AppData\Local\Programs\Python\Python312\Lib\unittest\suite.py", line 122, in run
    test(result)
  File "c:\Users\gmanw\AppData\Local\Programs\Python\Python312\Lib\unittest\case.py", line 690, in __call__
    return self.run(*args, **kwds)
  File "c:\Users\gmanw\AppData\Local\Programs\Python\Python312\Lib\unittest\case.py", line 634, in run
    self._callTestMethod(testMethod)
  File "c:\Users\gmanw\AppData\Local\Programs\Python\Python312\Lib\unittest\case.py", line 589, in _callTestMethod
    if method() is not None:
  File "D:\MusicProcessing\tests\test_audio_metadata.py", line 558, in test_get_media_tags_invalid_file
    media_tags = metadata.get_media_tags(TEST_M3U)
  File "D:\MusicProcessing\src\audio_info\audio_metadata.py", line 767, in get_media_tags
    logger.exception(f"Exception {type(e_error).__name__} getting media tags for file {file_path}", stack_info=True)

2025-09-24 14:12:42,648 — src.audio_info.audio_metadata — ERROR — has_art_tag:936 — MusicProcessingError with file: D:\MusicProcessing\tests\Music\test has invalid extension: .m3u
NoneType: None

2025-09-24 14:12:42,688 — src.audio_info.audio_metadata — ERROR — load_any_file:982 — ValueError loading D:\MusicProcessing\tests\Music\test.m3u returned None
NoneType: None

2025-09-24 14:12:42,689 — src.audio_info.audio_metadata — ERROR — load_any_file:986 — MutagenError [Errno 2] No such file or directory: 'D:\\MusicProcessing\\tests\\Music\\Non-extant.wav' loading D:\MusicProcessing\tests\Music\Non-extant.wav
Traceback (most recent call last):
  File "c:\Users\gmanw\AppData\Local\Programs\Python\Python312\Lib\site-packages\mutagen\_util.py", line 251, in _openfile
    fileobj = open(filename, "rb+" if writable else "rb")
              ^^^^^^^^^^^^^^^^^^^^^^^^^^^^^^^^^^^^^^^^^^^
FileNotFoundError: [Errno 2] No such file or directory: 'D:\\MusicProcessing\\tests\\Music\\Non-extant.wav'

During handling of the above exception, another exception occurred:

Traceback (most recent call last):
  File "D:\MusicProcessing\src\audio_info\audio_metadata.py", line 978, in load_any_file
    audio_file = mutagen.File(file_path)
                 ^^^^^^^^^^^^^^^^^^^^^^^
  File "c:\Users\gmanw\AppData\Local\Programs\Python\Python312\Lib\site-packages\mutagen\_util.py", line 162, in wrapper_func
    with _openfile(None, filething, filename, fileobj,
  File "c:\Users\gmanw\AppData\Local\Programs\Python\Python312\Lib\contextlib.py", line 137, in __enter__
    return next(self.gen)
           ^^^^^^^^^^^^^^
  File "c:\Users\gmanw\AppData\Local\Programs\Python\Python312\Lib\site-packages\mutagen\_util.py", line 272, in _openfile
    raise MutagenError(e)
mutagen.MutagenError: [Errno 2] No such file or directory: 'D:\\MusicProcessing\\tests\\Music\\Non-extant.wav'

2025-09-24 14:18:33,309 — src.audio_info.audio_metadata — WARNING — convert_file:284 — album directory D:\MusicProcessing\tests\Music\Crush\Here does not contain a Folder.jpg file.

2025-09-24 14:18:47,218 — src.audio_info.audio_metadata — WARNING — convert_walk:406 — Pattern .m3u is not for a valid audio file

2025-09-24 14:18:47,450 — src.audio_info.audio_metadata — ERROR — get_media_info:666 — Exception getting media info for file D:\MusicProcessing\tests\Music\test.m3u
Traceback (most recent call last):
  File "D:\MusicProcessing\src\audio_info\audio_metadata.py", line 606, in get_media_info
    output = subprocess_utils.popen_pipe(command)
             ^^^^^^^^^^^^^^^^^^^^^^^^^^^^^^^^^^^^
  File "D:\MusicProcessing\src\subprocess_utils.py", line 81, in popen_pipe
    raise r_error
  File "D:\MusicProcessing\src\subprocess_utils.py", line 78, in popen_pipe
    raise RuntimeError(f"RuntimeError running command {shlex.join(command)}")
RuntimeError: RuntimeError running command ffprobe -v quiet -show_format -show_streams 'D:\MusicProcessing\tests\Music\test.m3u'

2025-09-24 14:18:47,702 — src.audio_info.audio_metadata — ERROR — get_media_tags:767 — Exception CalledProcessError getting media tags for file D:\MusicProcessing\tests\Music\test.m3u
Traceback (most recent call last):
  File "D:\MusicProcessing\src\audio_info\audio_metadata.py", line 757, in get_media_tags
    result = subprocess_utils.subprocess_run(command)
             ^^^^^^^^^^^^^^^^^^^^^^^^^^^^^^^^^^^^^^^^
  File "D:\MusicProcessing\src\subprocess_utils.py", line 233, in subprocess_run
    raise cp_error
  File "D:\MusicProcessing\src\subprocess_utils.py", line 223, in subprocess_run
    process = subprocess.run(
              ^^^^^^^^^^^^^^^
  File "c:\Users\gmanw\AppData\Local\Programs\Python\Python312\Lib\subprocess.py", line 571, in run
    raise CalledProcessError(retcode, process.args,
subprocess.CalledProcessError: Command '['ffprobe', '-v', 'quiet', '-of', 'json', '-show_entries', 'format_tags', 'D:\\MusicProcessing\\tests\\Music\\test.m3u']' returned non-zero exit status 1.
Stack (most recent call last):
  File "c:\Users\gmanw\AppData\Local\Programs\Python\Python312\Lib\runpy.py", line 198, in _run_module_as_main
    return _run_code(code, main_globals, None,
  File "c:\Users\gmanw\AppData\Local\Programs\Python\Python312\Lib\runpy.py", line 88, in _run_code
    exec(code, run_globals)
  File "c:\Users\gmanw\.vscode\extensions\ms-python.debugpy-2025.10.0-win32-x64\bundled\libs\debugpy\launcher/../..\debugpy\__main__.py", line 71, in <module>
    cli.main()
  File "c:\Users\gmanw\.vscode\extensions\ms-python.debugpy-2025.10.0-win32-x64\bundled\libs\debugpy\launcher/../..\debugpy/..\debugpy\server\cli.py", line 501, in main
    run()
  File "c:\Users\gmanw\.vscode\extensions\ms-python.debugpy-2025.10.0-win32-x64\bundled\libs\debugpy\launcher/../..\debugpy/..\debugpy\server\cli.py", line 351, in run_file
    runpy.run_path(target, run_name="__main__")
  File "c:\Users\gmanw\.vscode\extensions\ms-python.debugpy-2025.10.0-win32-x64\bundled\libs\debugpy\_vendored\pydevd\_pydevd_bundle\pydevd_runpy.py", line 310, in run_path
    return _run_module_code(code, init_globals, run_name, pkg_name=pkg_name, script_name=fname)
  File "c:\Users\gmanw\.vscode\extensions\ms-python.debugpy-2025.10.0-win32-x64\bundled\libs\debugpy\_vendored\pydevd\_pydevd_bundle\pydevd_runpy.py", line 127, in _run_module_code
    _run_code(code, mod_globals, init_globals, mod_name, mod_spec, pkg_name, script_name)
  File "c:\Users\gmanw\.vscode\extensions\ms-python.debugpy-2025.10.0-win32-x64\bundled\libs\debugpy\_vendored\pydevd\_pydevd_bundle\pydevd_runpy.py", line 118, in _run_code
    exec(code, run_globals)
  File "D:\MusicProcessing\tests\test_audio_metadata.py", line 853, in <module>
    runner.run(suite)
  File "c:\Users\gmanw\AppData\Local\Programs\Python\Python312\Lib\unittest\runner.py", line 240, in run
    test(result)
  File "c:\Users\gmanw\AppData\Local\Programs\Python\Python312\Lib\unittest\suite.py", line 84, in __call__
    return self.run(*args, **kwds)
  File "c:\Users\gmanw\AppData\Local\Programs\Python\Python312\Lib\unittest\suite.py", line 122, in run
    test(result)
  File "c:\Users\gmanw\AppData\Local\Programs\Python\Python312\Lib\unittest\case.py", line 690, in __call__
    return self.run(*args, **kwds)
  File "c:\Users\gmanw\AppData\Local\Programs\Python\Python312\Lib\unittest\case.py", line 634, in run
    self._callTestMethod(testMethod)
  File "c:\Users\gmanw\AppData\Local\Programs\Python\Python312\Lib\unittest\case.py", line 589, in _callTestMethod
    if method() is not None:
  File "D:\MusicProcessing\tests\test_audio_metadata.py", line 558, in test_get_media_tags_invalid_file
    media_tags = metadata.get_media_tags(TEST_M3U)
  File "D:\MusicProcessing\src\audio_info\audio_metadata.py", line 767, in get_media_tags
    logger.exception(f"Exception {type(e_error).__name__} getting media tags for file {file_path}", stack_info=True)

2025-09-24 14:18:48,609 — src.audio_info.audio_metadata — ERROR — has_art_tag:936 — MusicProcessingError with file: D:\MusicProcessing\tests\Music\test has invalid extension: .m3u
NoneType: None

2025-09-24 14:18:48,648 — src.audio_info.audio_metadata — ERROR — load_any_file:982 — ValueError loading D:\MusicProcessing\tests\Music\test.m3u returned None
NoneType: None

2025-09-24 14:18:48,649 — src.audio_info.audio_metadata — ERROR — load_any_file:986 — MutagenError [Errno 2] No such file or directory: 'D:\\MusicProcessing\\tests\\Music\\Non-extant.wav' loading D:\MusicProcessing\tests\Music\Non-extant.wav
Traceback (most recent call last):
  File "c:\Users\gmanw\AppData\Local\Programs\Python\Python312\Lib\site-packages\mutagen\_util.py", line 251, in _openfile
    fileobj = open(filename, "rb+" if writable else "rb")
              ^^^^^^^^^^^^^^^^^^^^^^^^^^^^^^^^^^^^^^^^^^^
FileNotFoundError: [Errno 2] No such file or directory: 'D:\\MusicProcessing\\tests\\Music\\Non-extant.wav'

During handling of the above exception, another exception occurred:

Traceback (most recent call last):
  File "D:\MusicProcessing\src\audio_info\audio_metadata.py", line 978, in load_any_file
    audio_file = mutagen.File(file_path)
                 ^^^^^^^^^^^^^^^^^^^^^^^
  File "c:\Users\gmanw\AppData\Local\Programs\Python\Python312\Lib\site-packages\mutagen\_util.py", line 162, in wrapper_func
    with _openfile(None, filething, filename, fileobj,
  File "c:\Users\gmanw\AppData\Local\Programs\Python\Python312\Lib\contextlib.py", line 137, in __enter__
    return next(self.gen)
           ^^^^^^^^^^^^^^
  File "c:\Users\gmanw\AppData\Local\Programs\Python\Python312\Lib\site-packages\mutagen\_util.py", line 272, in _openfile
    raise MutagenError(e)
mutagen.MutagenError: [Errno 2] No such file or directory: 'D:\\MusicProcessing\\tests\\Music\\Non-extant.wav'

2025-09-24 14:19:42,329 — src.audio_info.audio_metadata — WARNING — convert_file:284 — album directory D:\MusicProcessing\tests\Music\Crush\Here does not contain a Folder.jpg file.

2025-09-24 14:19:56,439 — src.audio_info.audio_metadata — WARNING — convert_walk:406 — Pattern .m3u is not for a valid audio file

2025-09-24 14:19:56,678 — src.audio_info.audio_metadata — ERROR — get_media_info:666 — Exception getting media info for file D:\MusicProcessing\tests\Music\test.m3u
Traceback (most recent call last):
  File "D:\MusicProcessing\src\audio_info\audio_metadata.py", line 606, in get_media_info
    output = subprocess_utils.popen_pipe(command)
             ^^^^^^^^^^^^^^^^^^^^^^^^^^^^^^^^^^^^
  File "D:\MusicProcessing\src\subprocess_utils.py", line 81, in popen_pipe
    raise r_error
  File "D:\MusicProcessing\src\subprocess_utils.py", line 78, in popen_pipe
    raise RuntimeError(f"RuntimeError running command {shlex.join(command)}")
RuntimeError: RuntimeError running command ffprobe -v quiet -show_format -show_streams 'D:\MusicProcessing\tests\Music\test.m3u'

2025-09-24 14:19:56,931 — src.audio_info.audio_metadata — ERROR — get_media_tags:767 — Exception CalledProcessError getting media tags for file D:\MusicProcessing\tests\Music\test.m3u
Traceback (most recent call last):
  File "D:\MusicProcessing\src\audio_info\audio_metadata.py", line 757, in get_media_tags
    result = subprocess_utils.subprocess_run(command)
             ^^^^^^^^^^^^^^^^^^^^^^^^^^^^^^^^^^^^^^^^
  File "D:\MusicProcessing\src\subprocess_utils.py", line 233, in subprocess_run
    raise cp_error
  File "D:\MusicProcessing\src\subprocess_utils.py", line 223, in subprocess_run
    process = subprocess.run(
              ^^^^^^^^^^^^^^^
  File "c:\Users\gmanw\AppData\Local\Programs\Python\Python312\Lib\subprocess.py", line 571, in run
    raise CalledProcessError(retcode, process.args,
subprocess.CalledProcessError: Command '['ffprobe', '-v', 'quiet', '-of', 'json', '-show_entries', 'format_tags', 'D:\\MusicProcessing\\tests\\Music\\test.m3u']' returned non-zero exit status 1.
Stack (most recent call last):
  File "c:\Users\gmanw\AppData\Local\Programs\Python\Python312\Lib\runpy.py", line 198, in _run_module_as_main
    return _run_code(code, main_globals, None,
  File "c:\Users\gmanw\AppData\Local\Programs\Python\Python312\Lib\runpy.py", line 88, in _run_code
    exec(code, run_globals)
  File "c:\Users\gmanw\.vscode\extensions\ms-python.debugpy-2025.10.0-win32-x64\bundled\libs\debugpy\launcher/../..\debugpy\__main__.py", line 71, in <module>
    cli.main()
  File "c:\Users\gmanw\.vscode\extensions\ms-python.debugpy-2025.10.0-win32-x64\bundled\libs\debugpy\launcher/../..\debugpy/..\debugpy\server\cli.py", line 501, in main
    run()
  File "c:\Users\gmanw\.vscode\extensions\ms-python.debugpy-2025.10.0-win32-x64\bundled\libs\debugpy\launcher/../..\debugpy/..\debugpy\server\cli.py", line 351, in run_file
    runpy.run_path(target, run_name="__main__")
  File "c:\Users\gmanw\.vscode\extensions\ms-python.debugpy-2025.10.0-win32-x64\bundled\libs\debugpy\_vendored\pydevd\_pydevd_bundle\pydevd_runpy.py", line 310, in run_path
    return _run_module_code(code, init_globals, run_name, pkg_name=pkg_name, script_name=fname)
  File "c:\Users\gmanw\.vscode\extensions\ms-python.debugpy-2025.10.0-win32-x64\bundled\libs\debugpy\_vendored\pydevd\_pydevd_bundle\pydevd_runpy.py", line 127, in _run_module_code
    _run_code(code, mod_globals, init_globals, mod_name, mod_spec, pkg_name, script_name)
  File "c:\Users\gmanw\.vscode\extensions\ms-python.debugpy-2025.10.0-win32-x64\bundled\libs\debugpy\_vendored\pydevd\_pydevd_bundle\pydevd_runpy.py", line 118, in _run_code
    exec(code, run_globals)
  File "D:\MusicProcessing\tests\test_audio_metadata.py", line 853, in <module>
    runner.run(suite)
  File "c:\Users\gmanw\AppData\Local\Programs\Python\Python312\Lib\unittest\runner.py", line 240, in run
    test(result)
  File "c:\Users\gmanw\AppData\Local\Programs\Python\Python312\Lib\unittest\suite.py", line 84, in __call__
    return self.run(*args, **kwds)
  File "c:\Users\gmanw\AppData\Local\Programs\Python\Python312\Lib\unittest\suite.py", line 122, in run
    test(result)
  File "c:\Users\gmanw\AppData\Local\Programs\Python\Python312\Lib\unittest\case.py", line 690, in __call__
    return self.run(*args, **kwds)
  File "c:\Users\gmanw\AppData\Local\Programs\Python\Python312\Lib\unittest\case.py", line 634, in run
    self._callTestMethod(testMethod)
  File "c:\Users\gmanw\AppData\Local\Programs\Python\Python312\Lib\unittest\case.py", line 589, in _callTestMethod
    if method() is not None:
  File "D:\MusicProcessing\tests\test_audio_metadata.py", line 558, in test_get_media_tags_invalid_file
    media_tags = metadata.get_media_tags(TEST_M3U)
  File "D:\MusicProcessing\src\audio_info\audio_metadata.py", line 767, in get_media_tags
    logger.exception(f"Exception {type(e_error).__name__} getting media tags for file {file_path}", stack_info=True)

2025-09-24 14:19:57,844 — src.audio_info.audio_metadata — ERROR — has_art_tag:936 — MusicProcessingError with file: D:\MusicProcessing\tests\Music\test has invalid extension: .m3u
NoneType: None

2025-09-24 14:19:57,879 — src.audio_info.audio_metadata — ERROR — load_any_file:982 — ValueError loading D:\MusicProcessing\tests\Music\test.m3u returned None
NoneType: None

2025-09-24 14:19:57,880 — src.audio_info.audio_metadata — ERROR — load_any_file:986 — MutagenError [Errno 2] No such file or directory: 'D:\\MusicProcessing\\tests\\Music\\Non-extant.wav' loading D:\MusicProcessing\tests\Music\Non-extant.wav
Traceback (most recent call last):
  File "c:\Users\gmanw\AppData\Local\Programs\Python\Python312\Lib\site-packages\mutagen\_util.py", line 251, in _openfile
    fileobj = open(filename, "rb+" if writable else "rb")
              ^^^^^^^^^^^^^^^^^^^^^^^^^^^^^^^^^^^^^^^^^^^
FileNotFoundError: [Errno 2] No such file or directory: 'D:\\MusicProcessing\\tests\\Music\\Non-extant.wav'

During handling of the above exception, another exception occurred:

Traceback (most recent call last):
  File "D:\MusicProcessing\src\audio_info\audio_metadata.py", line 978, in load_any_file
    audio_file = mutagen.File(file_path)
                 ^^^^^^^^^^^^^^^^^^^^^^^
  File "c:\Users\gmanw\AppData\Local\Programs\Python\Python312\Lib\site-packages\mutagen\_util.py", line 162, in wrapper_func
    with _openfile(None, filething, filename, fileobj,
  File "c:\Users\gmanw\AppData\Local\Programs\Python\Python312\Lib\contextlib.py", line 137, in __enter__
    return next(self.gen)
           ^^^^^^^^^^^^^^
  File "c:\Users\gmanw\AppData\Local\Programs\Python\Python312\Lib\site-packages\mutagen\_util.py", line 272, in _openfile
    raise MutagenError(e)
mutagen.MutagenError: [Errno 2] No such file or directory: 'D:\\MusicProcessing\\tests\\Music\\Non-extant.wav'

2025-09-24 14:39:13,108 — src.audio_info.audio_metadata — WARNING — convert_file:284 — album directory D:\MusicProcessing\tests\Music\Crush\Here does not contain a Folder.jpg file.

2025-09-24 14:39:27,097 — src.audio_info.audio_metadata — WARNING — convert_walk:406 — Pattern .m3u is not for a valid audio file

2025-09-24 14:39:27,323 — src.audio_info.audio_metadata — ERROR — get_media_info:666 — Exception getting media info for file D:\MusicProcessing\tests\Music\test.m3u
Traceback (most recent call last):
  File "D:\MusicProcessing\src\audio_info\audio_metadata.py", line 606, in get_media_info
    output = subprocess_utils.popen_pipe(command)
             ^^^^^^^^^^^^^^^^^^^^^^^^^^^^^^^^^^^^
  File "D:\MusicProcessing\src\subprocess_utils.py", line 81, in popen_pipe
    raise r_error
  File "D:\MusicProcessing\src\subprocess_utils.py", line 78, in popen_pipe
    raise RuntimeError(f"RuntimeError running command {shlex.join(command)}")
RuntimeError: RuntimeError running command ffprobe -v quiet -show_format -show_streams 'D:\MusicProcessing\tests\Music\test.m3u'

2025-09-24 14:39:46,911 — src.audio_info.audio_metadata — ERROR — get_media_tags:767 — Exception CalledProcessError getting media tags for file D:\MusicProcessing\tests\Music\test.m3u
Traceback (most recent call last):
  File "D:\MusicProcessing\src\audio_info\audio_metadata.py", line 757, in get_media_tags
    result = subprocess_utils.subprocess_run(command)
             ^^^^^^^^^^^^^^^^^^^^^^^^^^^^^^^^^^^^^^^^
  File "D:\MusicProcessing\src\subprocess_utils.py", line 233, in subprocess_run
    raise cp_error
  File "D:\MusicProcessing\src\subprocess_utils.py", line 223, in subprocess_run
    process = subprocess.run(
              ^^^^^^^^^^^^^^^
  File "c:\Users\gmanw\AppData\Local\Programs\Python\Python312\Lib\subprocess.py", line 571, in run
    raise CalledProcessError(retcode, process.args,
subprocess.CalledProcessError: Command '['ffprobe', '-v', 'quiet', '-of', 'json', '-show_entries', 'format_tags', 'D:\\MusicProcessing\\tests\\Music\\test.m3u']' returned non-zero exit status 1.
Stack (most recent call last):
  File "c:\Users\gmanw\AppData\Local\Programs\Python\Python312\Lib\runpy.py", line 198, in _run_module_as_main
    return _run_code(code, main_globals, None,
  File "c:\Users\gmanw\AppData\Local\Programs\Python\Python312\Lib\runpy.py", line 88, in _run_code
    exec(code, run_globals)
  File "c:\Users\gmanw\.vscode\extensions\ms-python.debugpy-2025.10.0-win32-x64\bundled\libs\debugpy\launcher/../..\debugpy\__main__.py", line 71, in <module>
    cli.main()
  File "c:\Users\gmanw\.vscode\extensions\ms-python.debugpy-2025.10.0-win32-x64\bundled\libs\debugpy\launcher/../..\debugpy/..\debugpy\server\cli.py", line 501, in main
    run()
  File "c:\Users\gmanw\.vscode\extensions\ms-python.debugpy-2025.10.0-win32-x64\bundled\libs\debugpy\launcher/../..\debugpy/..\debugpy\server\cli.py", line 351, in run_file
    runpy.run_path(target, run_name="__main__")
  File "c:\Users\gmanw\.vscode\extensions\ms-python.debugpy-2025.10.0-win32-x64\bundled\libs\debugpy\_vendored\pydevd\_pydevd_bundle\pydevd_runpy.py", line 310, in run_path
    return _run_module_code(code, init_globals, run_name, pkg_name=pkg_name, script_name=fname)
  File "c:\Users\gmanw\.vscode\extensions\ms-python.debugpy-2025.10.0-win32-x64\bundled\libs\debugpy\_vendored\pydevd\_pydevd_bundle\pydevd_runpy.py", line 127, in _run_module_code
    _run_code(code, mod_globals, init_globals, mod_name, mod_spec, pkg_name, script_name)
  File "c:\Users\gmanw\.vscode\extensions\ms-python.debugpy-2025.10.0-win32-x64\bundled\libs\debugpy\_vendored\pydevd\_pydevd_bundle\pydevd_runpy.py", line 118, in _run_code
    exec(code, run_globals)
  File "D:\MusicProcessing\tests\test_audio_metadata.py", line 853, in <module>
    runner.run(suite)
  File "c:\Users\gmanw\AppData\Local\Programs\Python\Python312\Lib\unittest\runner.py", line 240, in run
    test(result)
  File "c:\Users\gmanw\AppData\Local\Programs\Python\Python312\Lib\unittest\suite.py", line 84, in __call__
    return self.run(*args, **kwds)
  File "c:\Users\gmanw\AppData\Local\Programs\Python\Python312\Lib\unittest\suite.py", line 122, in run
    test(result)
  File "c:\Users\gmanw\AppData\Local\Programs\Python\Python312\Lib\unittest\case.py", line 690, in __call__
    return self.run(*args, **kwds)
  File "c:\Users\gmanw\AppData\Local\Programs\Python\Python312\Lib\unittest\case.py", line 634, in run
    self._callTestMethod(testMethod)
  File "c:\Users\gmanw\AppData\Local\Programs\Python\Python312\Lib\unittest\case.py", line 589, in _callTestMethod
    if method() is not None:
  File "D:\MusicProcessing\tests\test_audio_metadata.py", line 558, in test_get_media_tags_invalid_file
    media_tags = metadata.get_media_tags(TEST_M3U)
  File "D:\MusicProcessing\src\audio_info\audio_metadata.py", line 767, in get_media_tags
    logger.exception(f"Exception {type(e_error).__name__} getting media tags for file {file_path}", stack_info=True)

2025-09-24 14:39:47,905 — src.audio_info.audio_metadata — ERROR — has_art_tag:936 — MusicProcessingError with file: D:\MusicProcessing\tests\Music\test has invalid extension: .m3u
NoneType: None

2025-09-24 14:39:47,942 — src.audio_info.audio_metadata — ERROR — load_any_file:982 — ValueError loading D:\MusicProcessing\tests\Music\test.m3u returned None
NoneType: None

2025-09-24 14:39:47,944 — src.audio_info.audio_metadata — ERROR — load_any_file:986 — MutagenError [Errno 2] No such file or directory: 'D:\\MusicProcessing\\tests\\Music\\Non-extant.wav' loading D:\MusicProcessing\tests\Music\Non-extant.wav
Traceback (most recent call last):
  File "c:\Users\gmanw\AppData\Local\Programs\Python\Python312\Lib\site-packages\mutagen\_util.py", line 251, in _openfile
    fileobj = open(filename, "rb+" if writable else "rb")
              ^^^^^^^^^^^^^^^^^^^^^^^^^^^^^^^^^^^^^^^^^^^
FileNotFoundError: [Errno 2] No such file or directory: 'D:\\MusicProcessing\\tests\\Music\\Non-extant.wav'

During handling of the above exception, another exception occurred:

Traceback (most recent call last):
  File "D:\MusicProcessing\src\audio_info\audio_metadata.py", line 978, in load_any_file
    audio_file = mutagen.File(file_path)
                 ^^^^^^^^^^^^^^^^^^^^^^^
  File "c:\Users\gmanw\AppData\Local\Programs\Python\Python312\Lib\site-packages\mutagen\_util.py", line 162, in wrapper_func
    with _openfile(None, filething, filename, fileobj,
  File "c:\Users\gmanw\AppData\Local\Programs\Python\Python312\Lib\contextlib.py", line 137, in __enter__
    return next(self.gen)
           ^^^^^^^^^^^^^^
  File "c:\Users\gmanw\AppData\Local\Programs\Python\Python312\Lib\site-packages\mutagen\_util.py", line 272, in _openfile
    raise MutagenError(e)
mutagen.MutagenError: [Errno 2] No such file or directory: 'D:\\MusicProcessing\\tests\\Music\\Non-extant.wav'

2025-09-24 14:44:23,486 — src.audio_info.audio_metadata — WARNING — convert_file:284 — album directory D:\MusicProcessing\tests\Music\Crush\Here does not contain a Folder.jpg file.

2025-09-24 14:44:37,871 — src.audio_info.audio_metadata — WARNING — convert_walk:406 — Pattern .m3u is not for a valid audio file

2025-09-24 14:44:38,133 — src.audio_info.audio_metadata — ERROR — get_media_info:666 — Exception getting media info for file D:\MusicProcessing\tests\Music\test.m3u
Traceback (most recent call last):
  File "D:\MusicProcessing\src\audio_info\audio_metadata.py", line 606, in get_media_info
    output = subprocess_utils.popen_pipe(command)
             ^^^^^^^^^^^^^^^^^^^^^^^^^^^^^^^^^^^^
  File "D:\MusicProcessing\src\subprocess_utils.py", line 81, in popen_pipe
    raise r_error
  File "D:\MusicProcessing\src\subprocess_utils.py", line 78, in popen_pipe
    raise RuntimeError(f"RuntimeError running command {shlex.join(command)}")
RuntimeError: RuntimeError running command ffprobe -v quiet -show_format -show_streams 'D:\MusicProcessing\tests\Music\test.m3u'

2025-09-24 14:50:34,139 — src.audio_info.audio_metadata — WARNING — convert_file:284 — album directory D:\MusicProcessing\tests\Music\Crush\Here does not contain a Folder.jpg file.

2025-09-24 14:50:48,508 — src.audio_info.audio_metadata — WARNING — convert_walk:406 — Pattern .m3u is not for a valid audio file

2025-09-24 14:50:48,867 — src.audio_info.audio_metadata — ERROR — get_media_info:666 — Exception getting media info for file D:\MusicProcessing\tests\Music\test.m3u
Traceback (most recent call last):
  File "D:\MusicProcessing\src\audio_info\audio_metadata.py", line 606, in get_media_info
    output = subprocess_utils.popen_pipe(command)
             ^^^^^^^^^^^^^^^^^^^^^^^^^^^^^^^^^^^^
  File "D:\MusicProcessing\src\subprocess_utils.py", line 81, in popen_pipe
    raise r_error
  File "D:\MusicProcessing\src\subprocess_utils.py", line 78, in popen_pipe
    raise RuntimeError(f"RuntimeError running command {shlex.join(command)}")
RuntimeError: RuntimeError running command ffprobe -v quiet -show_format -show_streams 'D:\MusicProcessing\tests\Music\test.m3u'

2025-09-24 14:51:49,501 — src.audio_info.audio_metadata — WARNING — convert_file:284 — album directory D:\MusicProcessing\tests\Music\Crush\Here does not contain a Folder.jpg file.

2025-09-24 14:52:03,866 — src.audio_info.audio_metadata — WARNING — convert_walk:406 — Pattern .m3u is not for a valid audio file

2025-09-24 14:52:04,265 — src.audio_info.audio_metadata — ERROR — get_media_info:666 — Exception getting media info for file D:\MusicProcessing\tests\Music\test.m3u
Traceback (most recent call last):
  File "D:\MusicProcessing\src\audio_info\audio_metadata.py", line 606, in get_media_info
    output = subprocess_utils.popen_pipe(command)
             ^^^^^^^^^^^^^^^^^^^^^^^^^^^^^^^^^^^^
  File "D:\MusicProcessing\src\subprocess_utils.py", line 81, in popen_pipe
    raise r_error
  File "D:\MusicProcessing\src\subprocess_utils.py", line 78, in popen_pipe
    raise RuntimeError(f"RuntimeError running command {shlex.join(command)}")
RuntimeError: RuntimeError running command ffprobe -v quiet -show_format -show_streams 'D:\MusicProcessing\tests\Music\test.m3u'

2025-09-24 15:01:38,052 — src.audio_info.audio_metadata — WARNING — convert_file:284 — album directory D:\MusicProcessing\tests\Music\Crush\Here does not contain a Folder.jpg file.

2025-09-24 15:01:52,437 — src.audio_info.audio_metadata — WARNING — convert_walk:406 — Pattern .m3u is not for a valid audio file

2025-09-24 15:01:52,821 — src.audio_info.audio_metadata — ERROR — get_media_info:666 — Exception getting media info for file D:\MusicProcessing\tests\Music\test.m3u
Traceback (most recent call last):
  File "D:\MusicProcessing\src\audio_info\audio_metadata.py", line 606, in get_media_info
    output = subprocess_utils.popen_pipe(command)
             ^^^^^^^^^^^^^^^^^^^^^^^^^^^^^^^^^^^^
  File "D:\MusicProcessing\src\subprocess_utils.py", line 81, in popen_pipe
    raise r_error
  File "D:\MusicProcessing\src\subprocess_utils.py", line 78, in popen_pipe
    raise RuntimeError(f"RuntimeError running command {shlex.join(command)}")
RuntimeError: RuntimeError running command ffprobe -v quiet -show_format -show_streams 'D:\MusicProcessing\tests\Music\test.m3u'

2025-09-24 15:02:05,916 — src.audio_info.audio_metadata — ERROR — get_media_tags:767 — Exception CalledProcessError getting media tags for file D:\MusicProcessing\tests\Music\test.m3u
Traceback (most recent call last):
  File "D:\MusicProcessing\src\audio_info\audio_metadata.py", line 757, in get_media_tags
    result = subprocess_utils.subprocess_run(command)
             ^^^^^^^^^^^^^^^^^^^^^^^^^^^^^^^^^^^^^^^^
  File "D:\MusicProcessing\src\subprocess_utils.py", line 233, in subprocess_run
    raise cp_error
  File "D:\MusicProcessing\src\subprocess_utils.py", line 223, in subprocess_run
    process = subprocess.run(
              ^^^^^^^^^^^^^^^
  File "c:\Users\gmanw\AppData\Local\Programs\Python\Python312\Lib\subprocess.py", line 571, in run
    raise CalledProcessError(retcode, process.args,
subprocess.CalledProcessError: Command '['ffprobe', '-v', 'quiet', '-of', 'json', '-show_entries', 'format_tags', 'D:\\MusicProcessing\\tests\\Music\\test.m3u']' returned non-zero exit status 1.
Stack (most recent call last):
  File "c:\Users\gmanw\AppData\Local\Programs\Python\Python312\Lib\runpy.py", line 198, in _run_module_as_main
    return _run_code(code, main_globals, None,
  File "c:\Users\gmanw\AppData\Local\Programs\Python\Python312\Lib\runpy.py", line 88, in _run_code
    exec(code, run_globals)
  File "c:\Users\gmanw\.vscode\extensions\ms-python.debugpy-2025.10.0-win32-x64\bundled\libs\debugpy\launcher/../..\debugpy\__main__.py", line 71, in <module>
    cli.main()
  File "c:\Users\gmanw\.vscode\extensions\ms-python.debugpy-2025.10.0-win32-x64\bundled\libs\debugpy\launcher/../..\debugpy/..\debugpy\server\cli.py", line 501, in main
    run()
  File "c:\Users\gmanw\.vscode\extensions\ms-python.debugpy-2025.10.0-win32-x64\bundled\libs\debugpy\launcher/../..\debugpy/..\debugpy\server\cli.py", line 351, in run_file
    runpy.run_path(target, run_name="__main__")
  File "c:\Users\gmanw\.vscode\extensions\ms-python.debugpy-2025.10.0-win32-x64\bundled\libs\debugpy\_vendored\pydevd\_pydevd_bundle\pydevd_runpy.py", line 310, in run_path
    return _run_module_code(code, init_globals, run_name, pkg_name=pkg_name, script_name=fname)
  File "c:\Users\gmanw\.vscode\extensions\ms-python.debugpy-2025.10.0-win32-x64\bundled\libs\debugpy\_vendored\pydevd\_pydevd_bundle\pydevd_runpy.py", line 127, in _run_module_code
    _run_code(code, mod_globals, init_globals, mod_name, mod_spec, pkg_name, script_name)
  File "c:\Users\gmanw\.vscode\extensions\ms-python.debugpy-2025.10.0-win32-x64\bundled\libs\debugpy\_vendored\pydevd\_pydevd_bundle\pydevd_runpy.py", line 118, in _run_code
    exec(code, run_globals)
  File "D:\MusicProcessing\tests\test_audio_metadata.py", line 855, in <module>
    runner.run(suite)
  File "c:\Users\gmanw\AppData\Local\Programs\Python\Python312\Lib\unittest\runner.py", line 240, in run
    test(result)
  File "c:\Users\gmanw\AppData\Local\Programs\Python\Python312\Lib\unittest\suite.py", line 84, in __call__
    return self.run(*args, **kwds)
  File "c:\Users\gmanw\AppData\Local\Programs\Python\Python312\Lib\unittest\suite.py", line 122, in run
    test(result)
  File "c:\Users\gmanw\AppData\Local\Programs\Python\Python312\Lib\unittest\case.py", line 690, in __call__
    return self.run(*args, **kwds)
  File "c:\Users\gmanw\AppData\Local\Programs\Python\Python312\Lib\unittest\case.py", line 634, in run
    self._callTestMethod(testMethod)
  File "c:\Users\gmanw\AppData\Local\Programs\Python\Python312\Lib\unittest\case.py", line 589, in _callTestMethod
    if method() is not None:
  File "D:\MusicProcessing\tests\test_audio_metadata.py", line 560, in test_get_media_tags_invalid_file
    media_tags = metadata.get_media_tags(TEST_M3U)
  File "D:\MusicProcessing\src\audio_info\audio_metadata.py", line 767, in get_media_tags
    logger.exception(f"Exception {type(e_error).__name__} getting media tags for file {file_path}", stack_info=True)

2025-09-24 15:02:06,877 — src.audio_info.audio_metadata — ERROR — has_art_tag:936 — MusicProcessingError with file: D:\MusicProcessing\tests\Music\test has invalid extension: .m3u
NoneType: None

2025-09-24 15:02:06,908 — src.audio_info.audio_metadata — ERROR — load_any_file:982 — ValueError loading D:\MusicProcessing\tests\Music\test.m3u returned None
NoneType: None

2025-09-24 15:02:06,909 — src.audio_info.audio_metadata — ERROR — load_any_file:986 — MutagenError [Errno 2] No such file or directory: 'D:\\MusicProcessing\\tests\\Music\\Non-extant.wav' loading D:\MusicProcessing\tests\Music\Non-extant.wav
Traceback (most recent call last):
  File "c:\Users\gmanw\AppData\Local\Programs\Python\Python312\Lib\site-packages\mutagen\_util.py", line 251, in _openfile
    fileobj = open(filename, "rb+" if writable else "rb")
              ^^^^^^^^^^^^^^^^^^^^^^^^^^^^^^^^^^^^^^^^^^^
FileNotFoundError: [Errno 2] No such file or directory: 'D:\\MusicProcessing\\tests\\Music\\Non-extant.wav'

During handling of the above exception, another exception occurred:

Traceback (most recent call last):
  File "D:\MusicProcessing\src\audio_info\audio_metadata.py", line 978, in load_any_file
    audio_file = mutagen.File(file_path)
                 ^^^^^^^^^^^^^^^^^^^^^^^
  File "c:\Users\gmanw\AppData\Local\Programs\Python\Python312\Lib\site-packages\mutagen\_util.py", line 162, in wrapper_func
    with _openfile(None, filething, filename, fileobj,
  File "c:\Users\gmanw\AppData\Local\Programs\Python\Python312\Lib\contextlib.py", line 137, in __enter__
    return next(self.gen)
           ^^^^^^^^^^^^^^
  File "c:\Users\gmanw\AppData\Local\Programs\Python\Python312\Lib\site-packages\mutagen\_util.py", line 272, in _openfile
    raise MutagenError(e)
mutagen.MutagenError: [Errno 2] No such file or directory: 'D:\\MusicProcessing\\tests\\Music\\Non-extant.wav'

2025-09-24 15:27:06,803 — src.audio_info.audio_metadata — WARNING — convert_file:284 — album directory D:\MusicProcessing\tests\Music\Crush\Here does not contain a Folder.jpg file.

2025-09-24 15:27:20,884 — src.audio_info.audio_metadata — WARNING — convert_walk:406 — Pattern .m3u is not for a valid audio file

2025-09-24 15:27:21,113 — src.audio_info.audio_metadata — ERROR — get_media_info:666 — Exception getting media info for file D:\MusicProcessing\tests\Music\test.m3u
Traceback (most recent call last):
  File "D:\MusicProcessing\src\audio_info\audio_metadata.py", line 606, in get_media_info
    output = subprocess_utils.popen_pipe(command)
             ^^^^^^^^^^^^^^^^^^^^^^^^^^^^^^^^^^^^
  File "D:\MusicProcessing\src\subprocess_utils.py", line 81, in popen_pipe
    raise r_error
  File "D:\MusicProcessing\src\subprocess_utils.py", line 78, in popen_pipe
    raise RuntimeError(f"RuntimeError running command {shlex.join(command)}")
RuntimeError: RuntimeError running command ffprobe -v quiet -show_format -show_streams 'D:\MusicProcessing\tests\Music\test.m3u'

2025-09-24 15:39:54,217 — src.audio_info.audio_metadata — ERROR — get_media_tags:767 — Exception CalledProcessError getting media tags for file D:\MusicProcessing\tests\Music\test.m3u
Traceback (most recent call last):
  File "D:\MusicProcessing\src\audio_info\audio_metadata.py", line 757, in get_media_tags
    result = subprocess_utils.subprocess_run(command)
             ^^^^^^^^^^^^^^^^^^^^^^^^^^^^^^^^^^^^^^^^
  File "D:\MusicProcessing\src\subprocess_utils.py", line 233, in subprocess_run
    raise cp_error
  File "D:\MusicProcessing\src\subprocess_utils.py", line 223, in subprocess_run
    process = subprocess.run(
              ^^^^^^^^^^^^^^^
  File "c:\Users\gmanw\AppData\Local\Programs\Python\Python312\Lib\subprocess.py", line 571, in run
    raise CalledProcessError(retcode, process.args,
subprocess.CalledProcessError: Command '['ffprobe', '-v', 'quiet', '-of', 'json', '-show_entries', 'format_tags', 'D:\\MusicProcessing\\tests\\Music\\test.m3u']' returned non-zero exit status 1.
Stack (most recent call last):
  File "c:\Users\gmanw\AppData\Local\Programs\Python\Python312\Lib\runpy.py", line 198, in _run_module_as_main
    return _run_code(code, main_globals, None,
  File "c:\Users\gmanw\AppData\Local\Programs\Python\Python312\Lib\runpy.py", line 88, in _run_code
    exec(code, run_globals)
  File "c:\Users\gmanw\.vscode\extensions\ms-python.debugpy-2025.10.0-win32-x64\bundled\libs\debugpy\launcher/../..\debugpy\__main__.py", line 71, in <module>
    cli.main()
  File "c:\Users\gmanw\.vscode\extensions\ms-python.debugpy-2025.10.0-win32-x64\bundled\libs\debugpy\launcher/../..\debugpy/..\debugpy\server\cli.py", line 501, in main
    run()
  File "c:\Users\gmanw\.vscode\extensions\ms-python.debugpy-2025.10.0-win32-x64\bundled\libs\debugpy\launcher/../..\debugpy/..\debugpy\server\cli.py", line 351, in run_file
    runpy.run_path(target, run_name="__main__")
  File "c:\Users\gmanw\.vscode\extensions\ms-python.debugpy-2025.10.0-win32-x64\bundled\libs\debugpy\_vendored\pydevd\_pydevd_bundle\pydevd_runpy.py", line 310, in run_path
    return _run_module_code(code, init_globals, run_name, pkg_name=pkg_name, script_name=fname)
  File "c:\Users\gmanw\.vscode\extensions\ms-python.debugpy-2025.10.0-win32-x64\bundled\libs\debugpy\_vendored\pydevd\_pydevd_bundle\pydevd_runpy.py", line 127, in _run_module_code
    _run_code(code, mod_globals, init_globals, mod_name, mod_spec, pkg_name, script_name)
  File "c:\Users\gmanw\.vscode\extensions\ms-python.debugpy-2025.10.0-win32-x64\bundled\libs\debugpy\_vendored\pydevd\_pydevd_bundle\pydevd_runpy.py", line 118, in _run_code
    exec(code, run_globals)
  File "D:\MusicProcessing\tests\test_audio_metadata.py", line 851, in <module>
    runner.run(suite)
  File "c:\Users\gmanw\AppData\Local\Programs\Python\Python312\Lib\unittest\runner.py", line 240, in run
    test(result)
  File "c:\Users\gmanw\AppData\Local\Programs\Python\Python312\Lib\unittest\suite.py", line 84, in __call__
    return self.run(*args, **kwds)
  File "c:\Users\gmanw\AppData\Local\Programs\Python\Python312\Lib\unittest\suite.py", line 122, in run
    test(result)
  File "c:\Users\gmanw\AppData\Local\Programs\Python\Python312\Lib\unittest\case.py", line 690, in __call__
    return self.run(*args, **kwds)
  File "c:\Users\gmanw\AppData\Local\Programs\Python\Python312\Lib\unittest\case.py", line 634, in run
    self._callTestMethod(testMethod)
  File "c:\Users\gmanw\AppData\Local\Programs\Python\Python312\Lib\unittest\case.py", line 589, in _callTestMethod
    if method() is not None:
  File "D:\MusicProcessing\tests\test_audio_metadata.py", line 553, in test_get_media_tags_invalid_file
    media_tags = metadata.get_media_tags(TEST_M3U)
  File "D:\MusicProcessing\src\audio_info\audio_metadata.py", line 767, in get_media_tags
    logger.exception(f"Exception {type(e_error).__name__} getting media tags for file {file_path}", stack_info=True)

2025-09-24 15:40:01,638 — src.audio_info.audio_metadata — ERROR — has_art_tag:936 — MusicProcessingError with file: D:\MusicProcessing\tests\Music\test has invalid extension: .m3u
NoneType: None

2025-09-24 15:40:01,681 — src.audio_info.audio_metadata — ERROR — load_any_file:982 — ValueError loading D:\MusicProcessing\tests\Music\test.m3u returned None
NoneType: None

2025-09-24 15:40:01,682 — src.audio_info.audio_metadata — ERROR — load_any_file:986 — MutagenError [Errno 2] No such file or directory: 'D:\\MusicProcessing\\tests\\Music\\Non-extant.wav' loading D:\MusicProcessing\tests\Music\Non-extant.wav
Traceback (most recent call last):
  File "c:\Users\gmanw\AppData\Local\Programs\Python\Python312\Lib\site-packages\mutagen\_util.py", line 251, in _openfile
    fileobj = open(filename, "rb+" if writable else "rb")
              ^^^^^^^^^^^^^^^^^^^^^^^^^^^^^^^^^^^^^^^^^^^
FileNotFoundError: [Errno 2] No such file or directory: 'D:\\MusicProcessing\\tests\\Music\\Non-extant.wav'

During handling of the above exception, another exception occurred:

Traceback (most recent call last):
  File "D:\MusicProcessing\src\audio_info\audio_metadata.py", line 978, in load_any_file
    audio_file = mutagen.File(file_path)
                 ^^^^^^^^^^^^^^^^^^^^^^^
  File "c:\Users\gmanw\AppData\Local\Programs\Python\Python312\Lib\site-packages\mutagen\_util.py", line 162, in wrapper_func
    with _openfile(None, filething, filename, fileobj,
  File "c:\Users\gmanw\AppData\Local\Programs\Python\Python312\Lib\contextlib.py", line 137, in __enter__
    return next(self.gen)
           ^^^^^^^^^^^^^^
  File "c:\Users\gmanw\AppData\Local\Programs\Python\Python312\Lib\site-packages\mutagen\_util.py", line 272, in _openfile
    raise MutagenError(e)
mutagen.MutagenError: [Errno 2] No such file or directory: 'D:\\MusicProcessing\\tests\\Music\\Non-extant.wav'

2025-09-24 16:27:56,059 — src.audio_info.audio_metadata — WARNING — convert_file:284 — album directory D:\MusicProcessing\tests\Music\Crush\Here does not contain a Folder.jpg file.

2025-09-24 16:28:09,964 — src.audio_info.audio_metadata — WARNING — convert_walk:406 — Pattern .m3u is not for a valid audio file

2025-09-24 16:28:10,198 — src.audio_info.audio_metadata — ERROR — get_media_info:666 — Exception getting media info for file D:\MusicProcessing\tests\Music\test.m3u
Traceback (most recent call last):
  File "D:\MusicProcessing\src\audio_info\audio_metadata.py", line 606, in get_media_info
    output = subprocess_utils.popen_pipe(command)
             ^^^^^^^^^^^^^^^^^^^^^^^^^^^^^^^^^^^^
  File "D:\MusicProcessing\src\subprocess_utils.py", line 81, in popen_pipe
    raise r_error
  File "D:\MusicProcessing\src\subprocess_utils.py", line 78, in popen_pipe
    raise RuntimeError(f"RuntimeError running command {shlex.join(command)}")
RuntimeError: RuntimeError running command ffprobe -v quiet -show_format -show_streams 'D:\MusicProcessing\tests\Music\test.m3u'

2025-09-24 16:29:36,093 — src.audio_info.audio_metadata — WARNING — convert_file:284 — album directory D:\MusicProcessing\tests\Music\Crush\Here does not contain a Folder.jpg file.

2025-09-24 16:29:50,157 — src.audio_info.audio_metadata — WARNING — convert_walk:406 — Pattern .m3u is not for a valid audio file

2025-09-24 16:29:50,426 — src.audio_info.audio_metadata — ERROR — get_media_info:666 — Exception getting media info for file D:\MusicProcessing\tests\Music\test.m3u
Traceback (most recent call last):
  File "D:\MusicProcessing\src\audio_info\audio_metadata.py", line 606, in get_media_info
    output = subprocess_utils.popen_pipe(command)
             ^^^^^^^^^^^^^^^^^^^^^^^^^^^^^^^^^^^^
  File "D:\MusicProcessing\src\subprocess_utils.py", line 81, in popen_pipe
    raise r_error
  File "D:\MusicProcessing\src\subprocess_utils.py", line 78, in popen_pipe
    raise RuntimeError(f"RuntimeError running command {shlex.join(command)}")
RuntimeError: RuntimeError running command ffprobe -v quiet -show_format -show_streams 'D:\MusicProcessing\tests\Music\test.m3u'

2025-09-24 16:29:50,700 — src.audio_info.audio_metadata — ERROR — get_media_tags:767 — Exception CalledProcessError getting media tags for file D:\MusicProcessing\tests\Music\test.m3u
Traceback (most recent call last):
  File "D:\MusicProcessing\src\audio_info\audio_metadata.py", line 757, in get_media_tags
    result = subprocess_utils.subprocess_run(command)
             ^^^^^^^^^^^^^^^^^^^^^^^^^^^^^^^^^^^^^^^^
  File "D:\MusicProcessing\src\subprocess_utils.py", line 233, in subprocess_run
    raise cp_error
  File "D:\MusicProcessing\src\subprocess_utils.py", line 223, in subprocess_run
    process = subprocess.run(
              ^^^^^^^^^^^^^^^
  File "c:\Users\gmanw\AppData\Local\Programs\Python\Python312\Lib\subprocess.py", line 571, in run
    raise CalledProcessError(retcode, process.args,
subprocess.CalledProcessError: Command '['ffprobe', '-v', 'quiet', '-of', 'json', '-show_entries', 'format_tags', 'D:\\MusicProcessing\\tests\\Music\\test.m3u']' returned non-zero exit status 1.
Stack (most recent call last):
  File "c:\Users\gmanw\AppData\Local\Programs\Python\Python312\Lib\runpy.py", line 198, in _run_module_as_main
    return _run_code(code, main_globals, None,
  File "c:\Users\gmanw\AppData\Local\Programs\Python\Python312\Lib\runpy.py", line 88, in _run_code
    exec(code, run_globals)
  File "c:\Users\gmanw\.vscode\extensions\ms-python.debugpy-2025.10.0-win32-x64\bundled\libs\debugpy\launcher/../..\debugpy\__main__.py", line 71, in <module>
    cli.main()
  File "c:\Users\gmanw\.vscode\extensions\ms-python.debugpy-2025.10.0-win32-x64\bundled\libs\debugpy\launcher/../..\debugpy/..\debugpy\server\cli.py", line 501, in main
    run()
  File "c:\Users\gmanw\.vscode\extensions\ms-python.debugpy-2025.10.0-win32-x64\bundled\libs\debugpy\launcher/../..\debugpy/..\debugpy\server\cli.py", line 351, in run_file
    runpy.run_path(target, run_name="__main__")
  File "c:\Users\gmanw\.vscode\extensions\ms-python.debugpy-2025.10.0-win32-x64\bundled\libs\debugpy\_vendored\pydevd\_pydevd_bundle\pydevd_runpy.py", line 310, in run_path
    return _run_module_code(code, init_globals, run_name, pkg_name=pkg_name, script_name=fname)
  File "c:\Users\gmanw\.vscode\extensions\ms-python.debugpy-2025.10.0-win32-x64\bundled\libs\debugpy\_vendored\pydevd\_pydevd_bundle\pydevd_runpy.py", line 127, in _run_module_code
    _run_code(code, mod_globals, init_globals, mod_name, mod_spec, pkg_name, script_name)
  File "c:\Users\gmanw\.vscode\extensions\ms-python.debugpy-2025.10.0-win32-x64\bundled\libs\debugpy\_vendored\pydevd\_pydevd_bundle\pydevd_runpy.py", line 118, in _run_code
    exec(code, run_globals)
  File "D:\MusicProcessing\tests\test_audio_metadata.py", line 874, in <module>
    runner.run(suite)
  File "c:\Users\gmanw\AppData\Local\Programs\Python\Python312\Lib\unittest\runner.py", line 240, in run
    test(result)
  File "c:\Users\gmanw\AppData\Local\Programs\Python\Python312\Lib\unittest\suite.py", line 84, in __call__
    return self.run(*args, **kwds)
  File "c:\Users\gmanw\AppData\Local\Programs\Python\Python312\Lib\unittest\suite.py", line 122, in run
    test(result)
  File "c:\Users\gmanw\AppData\Local\Programs\Python\Python312\Lib\unittest\case.py", line 690, in __call__
    return self.run(*args, **kwds)
  File "c:\Users\gmanw\AppData\Local\Programs\Python\Python312\Lib\unittest\case.py", line 634, in run
    self._callTestMethod(testMethod)
  File "c:\Users\gmanw\AppData\Local\Programs\Python\Python312\Lib\unittest\case.py", line 589, in _callTestMethod
    if method() is not None:
  File "D:\MusicProcessing\tests\test_audio_metadata.py", line 554, in test_get_media_tags_invalid_file
    media_tags = metadata.get_media_tags(TEST_M3U)
  File "D:\MusicProcessing\src\audio_info\audio_metadata.py", line 767, in get_media_tags
    logger.exception(f"Exception {type(e_error).__name__} getting media tags for file {file_path}", stack_info=True)

2025-09-24 16:30:35,453 — src.audio_info.audio_metadata — WARNING — convert_file:284 — album directory D:\MusicProcessing\tests\Music\Crush\Here does not contain a Folder.jpg file.

2025-09-24 16:30:49,384 — src.audio_info.audio_metadata — WARNING — convert_walk:406 — Pattern .m3u is not for a valid audio file

2025-09-24 16:30:49,675 — src.audio_info.audio_metadata — ERROR — get_media_info:666 — Exception getting media info for file D:\MusicProcessing\tests\Music\test.m3u
Traceback (most recent call last):
  File "D:\MusicProcessing\src\audio_info\audio_metadata.py", line 606, in get_media_info
    output = subprocess_utils.popen_pipe(command)
             ^^^^^^^^^^^^^^^^^^^^^^^^^^^^^^^^^^^^
  File "D:\MusicProcessing\src\subprocess_utils.py", line 81, in popen_pipe
    raise r_error
  File "D:\MusicProcessing\src\subprocess_utils.py", line 78, in popen_pipe
    raise RuntimeError(f"RuntimeError running command {shlex.join(command)}")
RuntimeError: RuntimeError running command ffprobe -v quiet -show_format -show_streams 'D:\MusicProcessing\tests\Music\test.m3u'

2025-09-24 16:30:49,931 — src.audio_info.audio_metadata — ERROR — get_media_tags:767 — Exception CalledProcessError getting media tags for file D:\MusicProcessing\tests\Music\test.m3u
Traceback (most recent call last):
  File "D:\MusicProcessing\src\audio_info\audio_metadata.py", line 757, in get_media_tags
    result = subprocess_utils.subprocess_run(command)
             ^^^^^^^^^^^^^^^^^^^^^^^^^^^^^^^^^^^^^^^^
  File "D:\MusicProcessing\src\subprocess_utils.py", line 233, in subprocess_run
    raise cp_error
  File "D:\MusicProcessing\src\subprocess_utils.py", line 223, in subprocess_run
    process = subprocess.run(
              ^^^^^^^^^^^^^^^
  File "c:\Users\gmanw\AppData\Local\Programs\Python\Python312\Lib\subprocess.py", line 571, in run
    raise CalledProcessError(retcode, process.args,
subprocess.CalledProcessError: Command '['ffprobe', '-v', 'quiet', '-of', 'json', '-show_entries', 'format_tags', 'D:\\MusicProcessing\\tests\\Music\\test.m3u']' returned non-zero exit status 1.
Stack (most recent call last):
  File "c:\Users\gmanw\AppData\Local\Programs\Python\Python312\Lib\runpy.py", line 198, in _run_module_as_main
    return _run_code(code, main_globals, None,
  File "c:\Users\gmanw\AppData\Local\Programs\Python\Python312\Lib\runpy.py", line 88, in _run_code
    exec(code, run_globals)
  File "c:\Users\gmanw\.vscode\extensions\ms-python.debugpy-2025.10.0-win32-x64\bundled\libs\debugpy\launcher/../..\debugpy\__main__.py", line 71, in <module>
    cli.main()
  File "c:\Users\gmanw\.vscode\extensions\ms-python.debugpy-2025.10.0-win32-x64\bundled\libs\debugpy\launcher/../..\debugpy/..\debugpy\server\cli.py", line 501, in main
    run()
  File "c:\Users\gmanw\.vscode\extensions\ms-python.debugpy-2025.10.0-win32-x64\bundled\libs\debugpy\launcher/../..\debugpy/..\debugpy\server\cli.py", line 351, in run_file
    runpy.run_path(target, run_name="__main__")
  File "c:\Users\gmanw\.vscode\extensions\ms-python.debugpy-2025.10.0-win32-x64\bundled\libs\debugpy\_vendored\pydevd\_pydevd_bundle\pydevd_runpy.py", line 310, in run_path
    return _run_module_code(code, init_globals, run_name, pkg_name=pkg_name, script_name=fname)
  File "c:\Users\gmanw\.vscode\extensions\ms-python.debugpy-2025.10.0-win32-x64\bundled\libs\debugpy\_vendored\pydevd\_pydevd_bundle\pydevd_runpy.py", line 127, in _run_module_code
    _run_code(code, mod_globals, init_globals, mod_name, mod_spec, pkg_name, script_name)
  File "c:\Users\gmanw\.vscode\extensions\ms-python.debugpy-2025.10.0-win32-x64\bundled\libs\debugpy\_vendored\pydevd\_pydevd_bundle\pydevd_runpy.py", line 118, in _run_code
    exec(code, run_globals)
  File "D:\MusicProcessing\tests\test_audio_metadata.py", line 873, in <module>
    runner.run(suite)
  File "c:\Users\gmanw\AppData\Local\Programs\Python\Python312\Lib\unittest\runner.py", line 240, in run
    test(result)
  File "c:\Users\gmanw\AppData\Local\Programs\Python\Python312\Lib\unittest\suite.py", line 84, in __call__
    return self.run(*args, **kwds)
  File "c:\Users\gmanw\AppData\Local\Programs\Python\Python312\Lib\unittest\suite.py", line 122, in run
    test(result)
  File "c:\Users\gmanw\AppData\Local\Programs\Python\Python312\Lib\unittest\case.py", line 690, in __call__
    return self.run(*args, **kwds)
  File "c:\Users\gmanw\AppData\Local\Programs\Python\Python312\Lib\unittest\case.py", line 634, in run
    self._callTestMethod(testMethod)
  File "c:\Users\gmanw\AppData\Local\Programs\Python\Python312\Lib\unittest\case.py", line 589, in _callTestMethod
    if method() is not None:
  File "D:\MusicProcessing\tests\test_audio_metadata.py", line 554, in test_get_media_tags_invalid_file
    media_tags = metadata.get_media_tags(TEST_M3U)
  File "D:\MusicProcessing\src\audio_info\audio_metadata.py", line 767, in get_media_tags
    logger.exception(f"Exception {type(e_error).__name__} getting media tags for file {file_path}", stack_info=True)

2025-09-24 16:31:36,411 — src.audio_info.audio_metadata — ERROR — get_media_tags:764 — JSONDecodeError decoding JSON output from ffprobe
Traceback (most recent call last):
  File "D:\MusicProcessing\src\audio_info\audio_metadata.py", line 758, in get_media_tags
    data = json.loads(result.stdout)
           ^^^^^^^^^^^^^^^^^^^^^^^^^
  File "c:\Users\gmanw\AppData\Local\Programs\Python\Python312\Lib\json\__init__.py", line 346, in loads
    return _default_decoder.decode(s)
           ^^^^^^^^^^^^^^^^^^^^^^^^^^
  File "c:\Users\gmanw\AppData\Local\Programs\Python\Python312\Lib\json\decoder.py", line 337, in decode
    obj, end = self.raw_decode(s, idx=_w(s, 0).end())
               ^^^^^^^^^^^^^^^^^^^^^^^^^^^^^^^^^^^^^^
  File "c:\Users\gmanw\AppData\Local\Programs\Python\Python312\Lib\json\decoder.py", line 353, in raw_decode
    obj, end = self.scan_once(s, idx)
               ^^^^^^^^^^^^^^^^^^^^^^
json.decoder.JSONDecodeError: Expecting ',' delimiter: line 22 column 1 (char 320)

2025-09-24 16:37:16,749 — src.audio_info.audio_metadata — WARNING — convert_file:284 — album directory D:\MusicProcessing\tests\Music\Crush\Here does not contain a Folder.jpg file.

2025-09-24 16:37:30,905 — src.audio_info.audio_metadata — WARNING — convert_walk:406 — Pattern .m3u is not for a valid audio file

2025-09-24 16:37:31,181 — src.audio_info.audio_metadata — ERROR — get_media_info:666 — Exception getting media info for file D:\MusicProcessing\tests\Music\test.m3u
Traceback (most recent call last):
  File "D:\MusicProcessing\src\audio_info\audio_metadata.py", line 606, in get_media_info
    output = subprocess_utils.popen_pipe(command)
             ^^^^^^^^^^^^^^^^^^^^^^^^^^^^^^^^^^^^
  File "D:\MusicProcessing\src\subprocess_utils.py", line 81, in popen_pipe
    raise r_error
  File "D:\MusicProcessing\src\subprocess_utils.py", line 78, in popen_pipe
    raise RuntimeError(f"RuntimeError running command {shlex.join(command)}")
RuntimeError: RuntimeError running command ffprobe -v quiet -show_format -show_streams 'D:\MusicProcessing\tests\Music\test.m3u'

2025-09-24 16:37:31,447 — src.audio_info.audio_metadata — ERROR — get_media_tags:767 — Exception CalledProcessError getting media tags for file D:\MusicProcessing\tests\Music\test.m3u
Traceback (most recent call last):
  File "D:\MusicProcessing\src\audio_info\audio_metadata.py", line 757, in get_media_tags
    result = subprocess_utils.subprocess_run(command)
             ^^^^^^^^^^^^^^^^^^^^^^^^^^^^^^^^^^^^^^^^
  File "D:\MusicProcessing\src\subprocess_utils.py", line 233, in subprocess_run
    raise cp_error
  File "D:\MusicProcessing\src\subprocess_utils.py", line 223, in subprocess_run
    process = subprocess.run(
              ^^^^^^^^^^^^^^^
  File "c:\Users\gmanw\AppData\Local\Programs\Python\Python312\Lib\subprocess.py", line 571, in run
    raise CalledProcessError(retcode, process.args,
subprocess.CalledProcessError: Command '['ffprobe', '-v', 'quiet', '-of', 'json', '-show_entries', 'format_tags', 'D:\\MusicProcessing\\tests\\Music\\test.m3u']' returned non-zero exit status 1.
Stack (most recent call last):
  File "c:\Users\gmanw\AppData\Local\Programs\Python\Python312\Lib\runpy.py", line 198, in _run_module_as_main
    return _run_code(code, main_globals, None,
  File "c:\Users\gmanw\AppData\Local\Programs\Python\Python312\Lib\runpy.py", line 88, in _run_code
    exec(code, run_globals)
  File "c:\Users\gmanw\.vscode\extensions\ms-python.debugpy-2025.10.0-win32-x64\bundled\libs\debugpy\launcher/../..\debugpy\__main__.py", line 71, in <module>
    cli.main()
  File "c:\Users\gmanw\.vscode\extensions\ms-python.debugpy-2025.10.0-win32-x64\bundled\libs\debugpy\launcher/../..\debugpy/..\debugpy\server\cli.py", line 501, in main
    run()
  File "c:\Users\gmanw\.vscode\extensions\ms-python.debugpy-2025.10.0-win32-x64\bundled\libs\debugpy\launcher/../..\debugpy/..\debugpy\server\cli.py", line 351, in run_file
    runpy.run_path(target, run_name="__main__")
  File "c:\Users\gmanw\.vscode\extensions\ms-python.debugpy-2025.10.0-win32-x64\bundled\libs\debugpy\_vendored\pydevd\_pydevd_bundle\pydevd_runpy.py", line 310, in run_path
    return _run_module_code(code, init_globals, run_name, pkg_name=pkg_name, script_name=fname)
  File "c:\Users\gmanw\.vscode\extensions\ms-python.debugpy-2025.10.0-win32-x64\bundled\libs\debugpy\_vendored\pydevd\_pydevd_bundle\pydevd_runpy.py", line 127, in _run_module_code
    _run_code(code, mod_globals, init_globals, mod_name, mod_spec, pkg_name, script_name)
  File "c:\Users\gmanw\.vscode\extensions\ms-python.debugpy-2025.10.0-win32-x64\bundled\libs\debugpy\_vendored\pydevd\_pydevd_bundle\pydevd_runpy.py", line 118, in _run_code
    exec(code, run_globals)
  File "D:\MusicProcessing\tests\test_audio_metadata.py", line 873, in <module>
    runner.run(suite)
  File "c:\Users\gmanw\AppData\Local\Programs\Python\Python312\Lib\unittest\runner.py", line 240, in run
    test(result)
  File "c:\Users\gmanw\AppData\Local\Programs\Python\Python312\Lib\unittest\suite.py", line 84, in __call__
    return self.run(*args, **kwds)
  File "c:\Users\gmanw\AppData\Local\Programs\Python\Python312\Lib\unittest\suite.py", line 122, in run
    test(result)
  File "c:\Users\gmanw\AppData\Local\Programs\Python\Python312\Lib\unittest\case.py", line 690, in __call__
    return self.run(*args, **kwds)
  File "c:\Users\gmanw\AppData\Local\Programs\Python\Python312\Lib\unittest\case.py", line 634, in run
    self._callTestMethod(testMethod)
  File "c:\Users\gmanw\AppData\Local\Programs\Python\Python312\Lib\unittest\case.py", line 589, in _callTestMethod
    if method() is not None:
  File "D:\MusicProcessing\tests\test_audio_metadata.py", line 554, in test_get_media_tags_invalid_file
    media_tags = metadata.get_media_tags(TEST_M3U)
  File "D:\MusicProcessing\src\audio_info\audio_metadata.py", line 767, in get_media_tags
    logger.exception(f"Exception {type(e_error).__name__} getting media tags for file {file_path}", stack_info=True)

2025-09-24 16:38:06,632 — src.audio_info.audio_metadata — ERROR — get_media_tags:764 — JSONDecodeError decoding JSON output from ffprobe
Traceback (most recent call last):
  File "D:\MusicProcessing\src\audio_info\audio_metadata.py", line 758, in get_media_tags
    data = json.loads(result.stdout)
           ^^^^^^^^^^^^^^^^^^^^^^^^^
  File "c:\Users\gmanw\AppData\Local\Programs\Python\Python312\Lib\json\__init__.py", line 346, in loads
    return _default_decoder.decode(s)
           ^^^^^^^^^^^^^^^^^^^^^^^^^^
  File "c:\Users\gmanw\AppData\Local\Programs\Python\Python312\Lib\json\decoder.py", line 337, in decode
    obj, end = self.raw_decode(s, idx=_w(s, 0).end())
               ^^^^^^^^^^^^^^^^^^^^^^^^^^^^^^^^^^^^^^
  File "c:\Users\gmanw\AppData\Local\Programs\Python\Python312\Lib\json\decoder.py", line 353, in raw_decode
    obj, end = self.scan_once(s, idx)
               ^^^^^^^^^^^^^^^^^^^^^^
json.decoder.JSONDecodeError: Expecting ',' delimiter: line 22 column 1 (char 320)

2025-09-24 16:38:08,033 — src.audio_info.audio_metadata — ERROR — has_art_tag:936 — MusicProcessingError with file: D:\MusicProcessing\tests\Music\test has invalid extension: .m3u
NoneType: None

2025-09-24 16:38:08,065 — src.audio_info.audio_metadata — ERROR — load_any_file:982 — ValueError loading D:\MusicProcessing\tests\Music\test.m3u returned None
NoneType: None

2025-09-24 16:38:08,066 — src.audio_info.audio_metadata — ERROR — load_any_file:986 — MutagenError [Errno 2] No such file or directory: 'D:\\MusicProcessing\\tests\\Music\\Non-extant.wav' loading D:\MusicProcessing\tests\Music\Non-extant.wav
Traceback (most recent call last):
  File "c:\Users\gmanw\AppData\Local\Programs\Python\Python312\Lib\site-packages\mutagen\_util.py", line 251, in _openfile
    fileobj = open(filename, "rb+" if writable else "rb")
              ^^^^^^^^^^^^^^^^^^^^^^^^^^^^^^^^^^^^^^^^^^^
FileNotFoundError: [Errno 2] No such file or directory: 'D:\\MusicProcessing\\tests\\Music\\Non-extant.wav'

During handling of the above exception, another exception occurred:

Traceback (most recent call last):
  File "D:\MusicProcessing\src\audio_info\audio_metadata.py", line 978, in load_any_file
    audio_file = mutagen.File(file_path)
                 ^^^^^^^^^^^^^^^^^^^^^^^
  File "c:\Users\gmanw\AppData\Local\Programs\Python\Python312\Lib\site-packages\mutagen\_util.py", line 162, in wrapper_func
    with _openfile(None, filething, filename, fileobj,
  File "c:\Users\gmanw\AppData\Local\Programs\Python\Python312\Lib\contextlib.py", line 137, in __enter__
    return next(self.gen)
           ^^^^^^^^^^^^^^
  File "c:\Users\gmanw\AppData\Local\Programs\Python\Python312\Lib\site-packages\mutagen\_util.py", line 272, in _openfile
    raise MutagenError(e)
mutagen.MutagenError: [Errno 2] No such file or directory: 'D:\\MusicProcessing\\tests\\Music\\Non-extant.wav'

2025-09-24 16:42:20,752 — src.audio_info.audio_metadata — WARNING — convert_file:284 — album directory D:\MusicProcessing\tests\Music\Crush\Here does not contain a Folder.jpg file.

2025-09-24 16:42:34,417 — src.audio_info.audio_metadata — WARNING — convert_walk:406 — Pattern .m3u is not for a valid audio file

2025-09-24 16:42:34,654 — src.audio_info.audio_metadata — ERROR — get_media_info:666 — Exception getting media info for file D:\MusicProcessing\tests\Music\test.m3u
Traceback (most recent call last):
  File "D:\MusicProcessing\src\audio_info\audio_metadata.py", line 606, in get_media_info
    output = subprocess_utils.popen_pipe(command)
             ^^^^^^^^^^^^^^^^^^^^^^^^^^^^^^^^^^^^
  File "D:\MusicProcessing\src\subprocess_utils.py", line 81, in popen_pipe
    raise r_error
  File "D:\MusicProcessing\src\subprocess_utils.py", line 78, in popen_pipe
    raise RuntimeError(f"RuntimeError running command {shlex.join(command)}")
RuntimeError: RuntimeError running command ffprobe -v quiet -show_format -show_streams 'D:\MusicProcessing\tests\Music\test.m3u'

2025-09-24 16:42:34,913 — src.audio_info.audio_metadata — ERROR — get_media_tags:767 — Exception CalledProcessError getting media tags for file D:\MusicProcessing\tests\Music\test.m3u
Traceback (most recent call last):
  File "D:\MusicProcessing\src\audio_info\audio_metadata.py", line 757, in get_media_tags
    result = subprocess_utils.subprocess_run(command)
             ^^^^^^^^^^^^^^^^^^^^^^^^^^^^^^^^^^^^^^^^
  File "D:\MusicProcessing\src\subprocess_utils.py", line 233, in subprocess_run
    raise cp_error
  File "D:\MusicProcessing\src\subprocess_utils.py", line 223, in subprocess_run
    process = subprocess.run(
              ^^^^^^^^^^^^^^^
  File "c:\Users\gmanw\AppData\Local\Programs\Python\Python312\Lib\subprocess.py", line 571, in run
    raise CalledProcessError(retcode, process.args,
subprocess.CalledProcessError: Command '['ffprobe', '-v', 'quiet', '-of', 'json', '-show_entries', 'format_tags', 'D:\\MusicProcessing\\tests\\Music\\test.m3u']' returned non-zero exit status 1.
Stack (most recent call last):
  File "c:\Users\gmanw\AppData\Local\Programs\Python\Python312\Lib\runpy.py", line 198, in _run_module_as_main
    return _run_code(code, main_globals, None,
  File "c:\Users\gmanw\AppData\Local\Programs\Python\Python312\Lib\runpy.py", line 88, in _run_code
    exec(code, run_globals)
  File "c:\Users\gmanw\.vscode\extensions\ms-python.debugpy-2025.10.0-win32-x64\bundled\libs\debugpy\launcher/../..\debugpy\__main__.py", line 71, in <module>
    cli.main()
  File "c:\Users\gmanw\.vscode\extensions\ms-python.debugpy-2025.10.0-win32-x64\bundled\libs\debugpy\launcher/../..\debugpy/..\debugpy\server\cli.py", line 501, in main
    run()
  File "c:\Users\gmanw\.vscode\extensions\ms-python.debugpy-2025.10.0-win32-x64\bundled\libs\debugpy\launcher/../..\debugpy/..\debugpy\server\cli.py", line 351, in run_file
    runpy.run_path(target, run_name="__main__")
  File "c:\Users\gmanw\.vscode\extensions\ms-python.debugpy-2025.10.0-win32-x64\bundled\libs\debugpy\_vendored\pydevd\_pydevd_bundle\pydevd_runpy.py", line 310, in run_path
    return _run_module_code(code, init_globals, run_name, pkg_name=pkg_name, script_name=fname)
  File "c:\Users\gmanw\.vscode\extensions\ms-python.debugpy-2025.10.0-win32-x64\bundled\libs\debugpy\_vendored\pydevd\_pydevd_bundle\pydevd_runpy.py", line 127, in _run_module_code
    _run_code(code, mod_globals, init_globals, mod_name, mod_spec, pkg_name, script_name)
  File "c:\Users\gmanw\.vscode\extensions\ms-python.debugpy-2025.10.0-win32-x64\bundled\libs\debugpy\_vendored\pydevd\_pydevd_bundle\pydevd_runpy.py", line 118, in _run_code
    exec(code, run_globals)
  File "D:\MusicProcessing\tests\test_audio_metadata.py", line 870, in <module>
    runner.run(suite)
  File "c:\Users\gmanw\AppData\Local\Programs\Python\Python312\Lib\unittest\runner.py", line 240, in run
    test(result)
  File "c:\Users\gmanw\AppData\Local\Programs\Python\Python312\Lib\unittest\suite.py", line 84, in __call__
    return self.run(*args, **kwds)
  File "c:\Users\gmanw\AppData\Local\Programs\Python\Python312\Lib\unittest\suite.py", line 122, in run
    test(result)
  File "c:\Users\gmanw\AppData\Local\Programs\Python\Python312\Lib\unittest\case.py", line 690, in __call__
    return self.run(*args, **kwds)
  File "c:\Users\gmanw\AppData\Local\Programs\Python\Python312\Lib\unittest\case.py", line 634, in run
    self._callTestMethod(testMethod)
  File "c:\Users\gmanw\AppData\Local\Programs\Python\Python312\Lib\unittest\case.py", line 589, in _callTestMethod
    if method() is not None:
  File "D:\MusicProcessing\tests\test_audio_metadata.py", line 554, in test_get_media_tags_invalid_file
    media_tags = metadata.get_media_tags(TEST_M3U)
  File "D:\MusicProcessing\src\audio_info\audio_metadata.py", line 767, in get_media_tags
    logger.exception(f"Exception {type(e_error).__name__} getting media tags for file {file_path}", stack_info=True)

2025-09-24 16:43:05,925 — src.audio_info.audio_metadata — ERROR — get_media_tags:764 — JSONDecodeError decoding JSON output from ffprobe
Traceback (most recent call last):
  File "D:\MusicProcessing\src\audio_info\audio_metadata.py", line 758, in get_media_tags
    data = json.loads(result.stdout)
           ^^^^^^^^^^^^^^^^^^^^^^^^^
  File "c:\Users\gmanw\AppData\Local\Programs\Python\Python312\Lib\json\__init__.py", line 346, in loads
    return _default_decoder.decode(s)
           ^^^^^^^^^^^^^^^^^^^^^^^^^^
  File "c:\Users\gmanw\AppData\Local\Programs\Python\Python312\Lib\json\decoder.py", line 337, in decode
    obj, end = self.raw_decode(s, idx=_w(s, 0).end())
               ^^^^^^^^^^^^^^^^^^^^^^^^^^^^^^^^^^^^^^
  File "c:\Users\gmanw\AppData\Local\Programs\Python\Python312\Lib\json\decoder.py", line 353, in raw_decode
    obj, end = self.scan_once(s, idx)
               ^^^^^^^^^^^^^^^^^^^^^^
json.decoder.JSONDecodeError: Expecting ',' delimiter: line 19 column 1 (char 273)

2025-09-24 16:43:07,176 — src.audio_info.audio_metadata — ERROR — has_art_tag:936 — MusicProcessingError with file: D:\MusicProcessing\tests\Music\test has invalid extension: .m3u
NoneType: None

2025-09-24 16:43:07,206 — src.audio_info.audio_metadata — ERROR — load_any_file:982 — ValueError loading D:\MusicProcessing\tests\Music\test.m3u returned None
NoneType: None

2025-09-24 16:43:07,210 — src.audio_info.audio_metadata — ERROR — load_any_file:986 — MutagenError [Errno 2] No such file or directory: 'D:\\MusicProcessing\\tests\\Music\\Non-extant.wav' loading D:\MusicProcessing\tests\Music\Non-extant.wav
Traceback (most recent call last):
  File "c:\Users\gmanw\AppData\Local\Programs\Python\Python312\Lib\site-packages\mutagen\_util.py", line 251, in _openfile
    fileobj = open(filename, "rb+" if writable else "rb")
              ^^^^^^^^^^^^^^^^^^^^^^^^^^^^^^^^^^^^^^^^^^^
FileNotFoundError: [Errno 2] No such file or directory: 'D:\\MusicProcessing\\tests\\Music\\Non-extant.wav'

During handling of the above exception, another exception occurred:

Traceback (most recent call last):
  File "D:\MusicProcessing\src\audio_info\audio_metadata.py", line 978, in load_any_file
    audio_file = mutagen.File(file_path)
                 ^^^^^^^^^^^^^^^^^^^^^^^
  File "c:\Users\gmanw\AppData\Local\Programs\Python\Python312\Lib\site-packages\mutagen\_util.py", line 162, in wrapper_func
    with _openfile(None, filething, filename, fileobj,
  File "c:\Users\gmanw\AppData\Local\Programs\Python\Python312\Lib\contextlib.py", line 137, in __enter__
    return next(self.gen)
           ^^^^^^^^^^^^^^
  File "c:\Users\gmanw\AppData\Local\Programs\Python\Python312\Lib\site-packages\mutagen\_util.py", line 272, in _openfile
    raise MutagenError(e)
mutagen.MutagenError: [Errno 2] No such file or directory: 'D:\\MusicProcessing\\tests\\Music\\Non-extant.wav'

2025-09-27 15:44:20,110 — src.audio_info.audio_metadata — WARNING — convert_file:284 — album directory d:\MusicProcessing\tests\Music\Crush\Here does not contain a Folder.jpg file.

2025-09-27 15:44:34,444 — src.audio_info.audio_metadata — WARNING — convert_walk:406 — Pattern .m3u is not for a valid audio file

2025-09-27 15:44:34,856 — src.audio_info.audio_metadata — ERROR — get_media_tags:764 — JSONDecodeError decoding JSON output from ffprobe
Traceback (most recent call last):
  File "d:\MusicProcessing\src\audio_info\audio_metadata.py", line 758, in get_media_tags
    data = json.loads(result.stdout)
           ^^^^^^^^^^^^^^^^^^^^^^^^^
  File "C:\Users\gmanw\AppData\Local\Programs\Python\Python312\Lib\json\__init__.py", line 346, in loads
    return _default_decoder.decode(s)
           ^^^^^^^^^^^^^^^^^^^^^^^^^^
  File "C:\Users\gmanw\AppData\Local\Programs\Python\Python312\Lib\json\decoder.py", line 337, in decode
    obj, end = self.raw_decode(s, idx=_w(s, 0).end())
               ^^^^^^^^^^^^^^^^^^^^^^^^^^^^^^^^^^^^^^
  File "C:\Users\gmanw\AppData\Local\Programs\Python\Python312\Lib\json\decoder.py", line 353, in raw_decode
    obj, end = self.scan_once(s, idx)
               ^^^^^^^^^^^^^^^^^^^^^^
json.decoder.JSONDecodeError: Expecting ',' delimiter: line 18 column 1 (char 249)

2025-09-27 15:44:35,989 — src.audio_info.audio_metadata — ERROR — has_art_tag:936 — MusicProcessingError with file: d:\MusicProcessing\tests\Music\test has invalid extension: .m3u
NoneType: None

2025-09-27 15:44:35,989 — src.audio_info.audio_metadata — ERROR — load_any_file:982 — ValueError loading d:\MusicProcessing\tests\Music\test.m3u returned None
NoneType: None

2025-09-27 15:44:35,989 — src.audio_info.audio_metadata — ERROR — load_any_file:986 — MutagenError [Errno 2] No such file or directory: 'd:\\MusicProcessing\\tests\\Music\\Non-extant.wav' loading d:\MusicProcessing\tests\Music\Non-extant.wav
Traceback (most recent call last):
  File "C:\Users\gmanw\AppData\Local\Programs\Python\Python312\Lib\site-packages\mutagen\_util.py", line 251, in _openfile
    fileobj = open(filename, "rb+" if writable else "rb")
              ^^^^^^^^^^^^^^^^^^^^^^^^^^^^^^^^^^^^^^^^^^^
FileNotFoundError: [Errno 2] No such file or directory: 'd:\\MusicProcessing\\tests\\Music\\Non-extant.wav'

During handling of the above exception, another exception occurred:

Traceback (most recent call last):
  File "d:\MusicProcessing\src\audio_info\audio_metadata.py", line 978, in load_any_file
    audio_file = mutagen.File(file_path)
                 ^^^^^^^^^^^^^^^^^^^^^^^
  File "C:\Users\gmanw\AppData\Local\Programs\Python\Python312\Lib\site-packages\mutagen\_util.py", line 162, in wrapper_func
    with _openfile(None, filething, filename, fileobj,
  File "C:\Users\gmanw\AppData\Local\Programs\Python\Python312\Lib\contextlib.py", line 137, in __enter__
    return next(self.gen)
           ^^^^^^^^^^^^^^
  File "C:\Users\gmanw\AppData\Local\Programs\Python\Python312\Lib\site-packages\mutagen\_util.py", line 272, in _openfile
    raise MutagenError(e)
mutagen.MutagenError: [Errno 2] No such file or directory: 'd:\\MusicProcessing\\tests\\Music\\Non-extant.wav'

2025-09-27 15:52:11,986 — src.audio_info.audio_metadata — WARNING — convert_file:284 — album directory d:\MusicProcessing\tests\Music\Crush\Here does not contain a Folder.jpg file.

2025-09-27 15:52:13,485 — src.audio_info.audio_metadata — WARNING — convert_file:284 — album directory d:\MusicProcessing\tests\Music\Crush\Here does not contain a Folder.jpg file.

2025-09-27 15:52:27,441 — src.audio_info.audio_metadata — WARNING — convert_walk:406 — Pattern .m3u is not for a valid audio file

2025-09-27 15:52:27,839 — src.audio_info.audio_metadata — ERROR — get_media_tags:764 — JSONDecodeError decoding JSON output from ffprobe
Traceback (most recent call last):
  File "d:\MusicProcessing\src\audio_info\audio_metadata.py", line 758, in get_media_tags
    data = json.loads(result.stdout)
           ^^^^^^^^^^^^^^^^^^^^^^^^^
  File "C:\Users\gmanw\AppData\Local\Programs\Python\Python312\Lib\json\__init__.py", line 346, in loads
    return _default_decoder.decode(s)
           ^^^^^^^^^^^^^^^^^^^^^^^^^^
  File "C:\Users\gmanw\AppData\Local\Programs\Python\Python312\Lib\json\decoder.py", line 337, in decode
    obj, end = self.raw_decode(s, idx=_w(s, 0).end())
               ^^^^^^^^^^^^^^^^^^^^^^^^^^^^^^^^^^^^^^
  File "C:\Users\gmanw\AppData\Local\Programs\Python\Python312\Lib\json\decoder.py", line 353, in raw_decode
    obj, end = self.scan_once(s, idx)
               ^^^^^^^^^^^^^^^^^^^^^^
json.decoder.JSONDecodeError: Expecting ',' delimiter: line 18 column 1 (char 249)

2025-09-27 15:52:28,871 — src.audio_info.audio_metadata — ERROR — has_art_tag:936 — MusicProcessingError with file: d:\MusicProcessing\tests\Music\test has invalid extension: .m3u
NoneType: None

2025-09-27 15:52:28,871 — src.audio_info.audio_metadata — ERROR — load_any_file:982 — ValueError loading d:\MusicProcessing\tests\Music\test.m3u returned None
NoneType: None

2025-09-27 15:52:28,871 — src.audio_info.audio_metadata — ERROR — load_any_file:986 — MutagenError [Errno 2] No such file or directory: 'd:\\MusicProcessing\\tests\\Music\\Non-extant.wav' loading d:\MusicProcessing\tests\Music\Non-extant.wav
Traceback (most recent call last):
  File "C:\Users\gmanw\AppData\Local\Programs\Python\Python312\Lib\site-packages\mutagen\_util.py", line 251, in _openfile
    fileobj = open(filename, "rb+" if writable else "rb")
              ^^^^^^^^^^^^^^^^^^^^^^^^^^^^^^^^^^^^^^^^^^^
FileNotFoundError: [Errno 2] No such file or directory: 'd:\\MusicProcessing\\tests\\Music\\Non-extant.wav'

During handling of the above exception, another exception occurred:

Traceback (most recent call last):
  File "d:\MusicProcessing\src\audio_info\audio_metadata.py", line 978, in load_any_file
    audio_file = mutagen.File(file_path)
                 ^^^^^^^^^^^^^^^^^^^^^^^
  File "C:\Users\gmanw\AppData\Local\Programs\Python\Python312\Lib\site-packages\mutagen\_util.py", line 162, in wrapper_func
    with _openfile(None, filething, filename, fileobj,
  File "C:\Users\gmanw\AppData\Local\Programs\Python\Python312\Lib\contextlib.py", line 137, in __enter__
    return next(self.gen)
           ^^^^^^^^^^^^^^
  File "C:\Users\gmanw\AppData\Local\Programs\Python\Python312\Lib\site-packages\mutagen\_util.py", line 272, in _openfile
    raise MutagenError(e)
mutagen.MutagenError: [Errno 2] No such file or directory: 'd:\\MusicProcessing\\tests\\Music\\Non-extant.wav'

2025-09-27 15:52:29,059 — src.audio_info.audio_metadata — WARNING — convert_walk:406 — Pattern .m3u is not for a valid audio file

2025-09-27 15:52:29,373 — src.audio_info.audio_metadata — ERROR — get_media_tags:764 — JSONDecodeError decoding JSON output from ffprobe
Traceback (most recent call last):
  File "d:\MusicProcessing\src\audio_info\audio_metadata.py", line 758, in get_media_tags
    data = json.loads(result.stdout)
           ^^^^^^^^^^^^^^^^^^^^^^^^^
  File "C:\Users\gmanw\AppData\Local\Programs\Python\Python312\Lib\json\__init__.py", line 346, in loads
    return _default_decoder.decode(s)
           ^^^^^^^^^^^^^^^^^^^^^^^^^^
  File "C:\Users\gmanw\AppData\Local\Programs\Python\Python312\Lib\json\decoder.py", line 337, in decode
    obj, end = self.raw_decode(s, idx=_w(s, 0).end())
               ^^^^^^^^^^^^^^^^^^^^^^^^^^^^^^^^^^^^^^
  File "C:\Users\gmanw\AppData\Local\Programs\Python\Python312\Lib\json\decoder.py", line 353, in raw_decode
    obj, end = self.scan_once(s, idx)
               ^^^^^^^^^^^^^^^^^^^^^^
json.decoder.JSONDecodeError: Expecting ',' delimiter: line 18 column 1 (char 249)

2025-09-27 15:52:30,275 — src.audio_info.audio_metadata — ERROR — has_art_tag:936 — MusicProcessingError with file: d:\MusicProcessing\tests\Music\test has invalid extension: .m3u
NoneType: None

2025-09-27 15:52:30,275 — src.audio_info.audio_metadata — ERROR — load_any_file:982 — ValueError loading d:\MusicProcessing\tests\Music\test.m3u returned None
NoneType: None

2025-09-27 15:52:30,275 — src.audio_info.audio_metadata — ERROR — load_any_file:986 — MutagenError [Errno 2] No such file or directory: 'd:\\MusicProcessing\\tests\\Music\\Non-extant.wav' loading d:\MusicProcessing\tests\Music\Non-extant.wav
Traceback (most recent call last):
  File "C:\Users\gmanw\AppData\Local\Programs\Python\Python312\Lib\site-packages\mutagen\_util.py", line 251, in _openfile
    fileobj = open(filename, "rb+" if writable else "rb")
              ^^^^^^^^^^^^^^^^^^^^^^^^^^^^^^^^^^^^^^^^^^^
FileNotFoundError: [Errno 2] No such file or directory: 'd:\\MusicProcessing\\tests\\Music\\Non-extant.wav'

During handling of the above exception, another exception occurred:

Traceback (most recent call last):
  File "d:\MusicProcessing\src\audio_info\audio_metadata.py", line 978, in load_any_file
    audio_file = mutagen.File(file_path)
                 ^^^^^^^^^^^^^^^^^^^^^^^
  File "C:\Users\gmanw\AppData\Local\Programs\Python\Python312\Lib\site-packages\mutagen\_util.py", line 162, in wrapper_func
    with _openfile(None, filething, filename, fileobj,
  File "C:\Users\gmanw\AppData\Local\Programs\Python\Python312\Lib\contextlib.py", line 137, in __enter__
    return next(self.gen)
           ^^^^^^^^^^^^^^
  File "C:\Users\gmanw\AppData\Local\Programs\Python\Python312\Lib\site-packages\mutagen\_util.py", line 272, in _openfile
    raise MutagenError(e)
mutagen.MutagenError: [Errno 2] No such file or directory: 'd:\\MusicProcessing\\tests\\Music\\Non-extant.wav'

2025-09-27 15:54:11,948 — src.audio_info.audio_metadata — WARNING — convert_file:284 — album directory d:\MusicProcessing\tests\Music\Crush\Here does not contain a Folder.jpg file.

2025-09-27 15:54:13,359 — src.audio_info.audio_metadata — WARNING — convert_file:284 — album directory d:\MusicProcessing\tests\Music\Crush\Here does not contain a Folder.jpg file.

2025-09-27 15:54:26,920 — src.audio_info.audio_metadata — WARNING — convert_walk:406 — Pattern .m3u is not for a valid audio file

2025-09-27 15:54:27,291 — src.audio_info.audio_metadata — ERROR — get_media_tags:764 — JSONDecodeError decoding JSON output from ffprobe
Traceback (most recent call last):
  File "d:\MusicProcessing\src\audio_info\audio_metadata.py", line 758, in get_media_tags
    data = json.loads(result.stdout)
           ^^^^^^^^^^^^^^^^^^^^^^^^^
  File "C:\Users\gmanw\AppData\Local\Programs\Python\Python312\Lib\json\__init__.py", line 346, in loads
    return _default_decoder.decode(s)
           ^^^^^^^^^^^^^^^^^^^^^^^^^^
  File "C:\Users\gmanw\AppData\Local\Programs\Python\Python312\Lib\json\decoder.py", line 337, in decode
    obj, end = self.raw_decode(s, idx=_w(s, 0).end())
               ^^^^^^^^^^^^^^^^^^^^^^^^^^^^^^^^^^^^^^
  File "C:\Users\gmanw\AppData\Local\Programs\Python\Python312\Lib\json\decoder.py", line 353, in raw_decode
    obj, end = self.scan_once(s, idx)
               ^^^^^^^^^^^^^^^^^^^^^^
json.decoder.JSONDecodeError: Expecting ',' delimiter: line 18 column 1 (char 249)

2025-09-27 15:54:28,124 — src.audio_info.audio_metadata — WARNING — convert_walk:406 — Pattern .m3u is not for a valid audio file

2025-09-27 15:54:28,224 — src.audio_info.audio_metadata — ERROR — has_art_tag:936 — MusicProcessingError with file: d:\MusicProcessing\tests\Music\test has invalid extension: .m3u
NoneType: None

2025-09-27 15:54:28,224 — src.audio_info.audio_metadata — ERROR — load_any_file:982 — ValueError loading d:\MusicProcessing\tests\Music\test.m3u returned None
NoneType: None

2025-09-27 15:54:28,224 — src.audio_info.audio_metadata — ERROR — load_any_file:986 — MutagenError [Errno 2] No such file or directory: 'd:\\MusicProcessing\\tests\\Music\\Non-extant.wav' loading d:\MusicProcessing\tests\Music\Non-extant.wav
Traceback (most recent call last):
  File "C:\Users\gmanw\AppData\Local\Programs\Python\Python312\Lib\site-packages\mutagen\_util.py", line 251, in _openfile
    fileobj = open(filename, "rb+" if writable else "rb")
              ^^^^^^^^^^^^^^^^^^^^^^^^^^^^^^^^^^^^^^^^^^^
FileNotFoundError: [Errno 2] No such file or directory: 'd:\\MusicProcessing\\tests\\Music\\Non-extant.wav'

During handling of the above exception, another exception occurred:

Traceback (most recent call last):
  File "d:\MusicProcessing\src\audio_info\audio_metadata.py", line 978, in load_any_file
    audio_file = mutagen.File(file_path)
                 ^^^^^^^^^^^^^^^^^^^^^^^
  File "C:\Users\gmanw\AppData\Local\Programs\Python\Python312\Lib\site-packages\mutagen\_util.py", line 162, in wrapper_func
    with _openfile(None, filething, filename, fileobj,
  File "C:\Users\gmanw\AppData\Local\Programs\Python\Python312\Lib\contextlib.py", line 137, in __enter__
    return next(self.gen)
           ^^^^^^^^^^^^^^
  File "C:\Users\gmanw\AppData\Local\Programs\Python\Python312\Lib\site-packages\mutagen\_util.py", line 272, in _openfile
    raise MutagenError(e)
mutagen.MutagenError: [Errno 2] No such file or directory: 'd:\\MusicProcessing\\tests\\Music\\Non-extant.wav'

2025-09-27 15:54:28,257 — src.audio_info.audio_metadata — ERROR — get_media_info:666 — Exception getting media info for file d:\MusicProcessing\tests\ConvertedMusic\Creedence Clearwater Revival\Chronicle, Vol. 1\Creedence Clearwater Revival-Fortunate Son.wma
Traceback (most recent call last):
  File "d:\MusicProcessing\src\audio_info\audio_metadata.py", line 606, in get_media_info
    output = subprocess_utils.popen_pipe(command)
             ^^^^^^^^^^^^^^^^^^^^^^^^^^^^^^^^^^^^
  File "d:\MusicProcessing\src\subprocess_utils.py", line 81, in popen_pipe
    raise r_error
  File "d:\MusicProcessing\src\subprocess_utils.py", line 78, in popen_pipe
    raise RuntimeError(f"RuntimeError running command {shlex.join(command)}")
RuntimeError: RuntimeError running command ffprobe -v quiet -show_format -show_streams 'd:\MusicProcessing\tests\ConvertedMusic\Creedence Clearwater Revival\Chronicle, Vol. 1\Creedence Clearwater Revival-Fortunate Son.wma'

2025-09-27 15:54:28,257 — src.audio_info.audio_metadata — ERROR — get_media_info_walk:722 — Exception RuntimeError getting media info for file d:\MusicProcessing\tests\ConvertedMusic\Creedence Clearwater Revival\Chronicle, Vol. 1\Creedence Clearwater Revival-Fortunate Son.wma
Traceback (most recent call last):
  File "d:\MusicProcessing\src\audio_info\audio_metadata.py", line 704, in get_media_info_walk
    media_info = self.get_media_info(input_file_path)
                 ^^^^^^^^^^^^^^^^^^^^^^^^^^^^^^^^^^^^
  File "d:\MusicProcessing\src\audio_info\audio_metadata.py", line 667, in get_media_info
    raise e_error
  File "d:\MusicProcessing\src\audio_info\audio_metadata.py", line 606, in get_media_info
    output = subprocess_utils.popen_pipe(command)
             ^^^^^^^^^^^^^^^^^^^^^^^^^^^^^^^^^^^^
  File "d:\MusicProcessing\src\subprocess_utils.py", line 81, in popen_pipe
    raise r_error
  File "d:\MusicProcessing\src\subprocess_utils.py", line 78, in popen_pipe
    raise RuntimeError(f"RuntimeError running command {shlex.join(command)}")
RuntimeError: RuntimeError running command ffprobe -v quiet -show_format -show_streams 'd:\MusicProcessing\tests\ConvertedMusic\Creedence Clearwater Revival\Chronicle, Vol. 1\Creedence Clearwater Revival-Fortunate Son.wma'

2025-09-27 15:54:28,340 — src.audio_info.audio_metadata — ERROR — get_media_tags:764 — JSONDecodeError decoding JSON output from ffprobe
Traceback (most recent call last):
  File "d:\MusicProcessing\src\audio_info\audio_metadata.py", line 758, in get_media_tags
    data = json.loads(result.stdout)
           ^^^^^^^^^^^^^^^^^^^^^^^^^
  File "C:\Users\gmanw\AppData\Local\Programs\Python\Python312\Lib\json\__init__.py", line 346, in loads
    return _default_decoder.decode(s)
           ^^^^^^^^^^^^^^^^^^^^^^^^^^
  File "C:\Users\gmanw\AppData\Local\Programs\Python\Python312\Lib\json\decoder.py", line 337, in decode
    obj, end = self.raw_decode(s, idx=_w(s, 0).end())
               ^^^^^^^^^^^^^^^^^^^^^^^^^^^^^^^^^^^^^^
  File "C:\Users\gmanw\AppData\Local\Programs\Python\Python312\Lib\json\decoder.py", line 353, in raw_decode
    obj, end = self.scan_once(s, idx)
               ^^^^^^^^^^^^^^^^^^^^^^
json.decoder.JSONDecodeError: Expecting ',' delimiter: line 18 column 1 (char 249)

2025-09-27 15:54:29,157 — src.audio_info.audio_metadata — ERROR — has_art_tag:936 — MusicProcessingError with file: d:\MusicProcessing\tests\Music\test has invalid extension: .m3u
NoneType: None

2025-09-27 15:54:29,157 — src.audio_info.audio_metadata — ERROR — load_any_file:982 — ValueError loading d:\MusicProcessing\tests\Music\test.m3u returned None
NoneType: None

2025-09-27 15:54:29,157 — src.audio_info.audio_metadata — ERROR — load_any_file:986 — MutagenError [Errno 2] No such file or directory: 'd:\\MusicProcessing\\tests\\Music\\Non-extant.wav' loading d:\MusicProcessing\tests\Music\Non-extant.wav
Traceback (most recent call last):
  File "C:\Users\gmanw\AppData\Local\Programs\Python\Python312\Lib\site-packages\mutagen\_util.py", line 251, in _openfile
    fileobj = open(filename, "rb+" if writable else "rb")
              ^^^^^^^^^^^^^^^^^^^^^^^^^^^^^^^^^^^^^^^^^^^
FileNotFoundError: [Errno 2] No such file or directory: 'd:\\MusicProcessing\\tests\\Music\\Non-extant.wav'

During handling of the above exception, another exception occurred:

Traceback (most recent call last):
  File "d:\MusicProcessing\src\audio_info\audio_metadata.py", line 978, in load_any_file
    audio_file = mutagen.File(file_path)
                 ^^^^^^^^^^^^^^^^^^^^^^^
  File "C:\Users\gmanw\AppData\Local\Programs\Python\Python312\Lib\site-packages\mutagen\_util.py", line 162, in wrapper_func
    with _openfile(None, filething, filename, fileobj,
  File "C:\Users\gmanw\AppData\Local\Programs\Python\Python312\Lib\contextlib.py", line 137, in __enter__
    return next(self.gen)
           ^^^^^^^^^^^^^^
  File "C:\Users\gmanw\AppData\Local\Programs\Python\Python312\Lib\site-packages\mutagen\_util.py", line 272, in _openfile
    raise MutagenError(e)
mutagen.MutagenError: [Errno 2] No such file or directory: 'd:\\MusicProcessing\\tests\\Music\\Non-extant.wav'

2025-09-27 15:55:26,762 — src.audio_info.audio_metadata — WARNING — convert_file:284 — album directory d:\MusicProcessing\tests\Music\Crush\Here does not contain a Folder.jpg file.

2025-09-27 15:55:41,265 — src.audio_info.audio_metadata — WARNING — convert_walk:406 — Pattern .m3u is not for a valid audio file

2025-09-27 15:55:41,265 — src.audio_info.audio_metadata — ERROR — create_album_dir:536 — Exception FileNotFoundError creating sub-dirs for d:\MusicProcessing\tests\PreppedMusic
Traceback (most recent call last):
  File "d:\MusicProcessing\src\audio_info\audio_metadata.py", line 457, in create_album_dir
    tld_content = os.listdir(start_path)
                  ^^^^^^^^^^^^^^^^^^^^^^
FileNotFoundError: [WinError 3] The system cannot find the path specified: 'd:\\MusicProcessing\\tests\\PreppedMusic'
Stack (most recent call last):
  File "c:\Users\gmanw\.vscode\extensions\ms-python.python-2025.14.0-win32-x64\python_files\unittestadapter\execution.py", line 358, in <module>
    payload = run_tests(
  File "c:\Users\gmanw\.vscode\extensions\ms-python.python-2025.14.0-win32-x64\python_files\unittestadapter\execution.py", line 238, in run_tests
    result: UnittestTestResult = runner.run(tailor)  # type: ignore
  File "C:\Users\gmanw\AppData\Local\Programs\Python\Python312\Lib\unittest\runner.py", line 240, in run
    test(result)
  File "C:\Users\gmanw\AppData\Local\Programs\Python\Python312\Lib\unittest\suite.py", line 84, in __call__
    return self.run(*args, **kwds)
  File "C:\Users\gmanw\AppData\Local\Programs\Python\Python312\Lib\unittest\suite.py", line 122, in run
    test(result)
  File "C:\Users\gmanw\AppData\Local\Programs\Python\Python312\Lib\unittest\suite.py", line 84, in __call__
    return self.run(*args, **kwds)
  File "C:\Users\gmanw\AppData\Local\Programs\Python\Python312\Lib\unittest\suite.py", line 122, in run
    test(result)
  File "C:\Users\gmanw\AppData\Local\Programs\Python\Python312\Lib\unittest\suite.py", line 84, in __call__
    return self.run(*args, **kwds)
  File "C:\Users\gmanw\AppData\Local\Programs\Python\Python312\Lib\unittest\suite.py", line 122, in run
    test(result)
  File "C:\Users\gmanw\AppData\Local\Programs\Python\Python312\Lib\unittest\case.py", line 690, in __call__
    return self.run(*args, **kwds)
  File "C:\Users\gmanw\AppData\Local\Programs\Python\Python312\Lib\unittest\case.py", line 634, in run
    self._callTestMethod(testMethod)
  File "C:\Users\gmanw\AppData\Local\Programs\Python\Python312\Lib\unittest\case.py", line 589, in _callTestMethod
    if method() is not None:
  File "d:\MusicProcessing\tests\test_audio_metadata.py", line 397, in test_create_album_dir
    metadata.create_album_dir(self.prepped)
  File "d:\MusicProcessing\src\audio_info\audio_metadata.py", line 536, in create_album_dir
    logger.exception(f"Exception {type(e_error).__name__} creating sub-dirs for {start_path}", stack_info=True)

2025-09-27 15:55:41,497 — src.audio_info.audio_metadata — ERROR — get_media_tags:764 — JSONDecodeError decoding JSON output from ffprobe
Traceback (most recent call last):
  File "d:\MusicProcessing\src\audio_info\audio_metadata.py", line 758, in get_media_tags
    data = json.loads(result.stdout)
           ^^^^^^^^^^^^^^^^^^^^^^^^^
  File "C:\Users\gmanw\AppData\Local\Programs\Python\Python312\Lib\json\__init__.py", line 346, in loads
    return _default_decoder.decode(s)
           ^^^^^^^^^^^^^^^^^^^^^^^^^^
  File "C:\Users\gmanw\AppData\Local\Programs\Python\Python312\Lib\json\decoder.py", line 337, in decode
    obj, end = self.raw_decode(s, idx=_w(s, 0).end())
               ^^^^^^^^^^^^^^^^^^^^^^^^^^^^^^^^^^^^^^
  File "C:\Users\gmanw\AppData\Local\Programs\Python\Python312\Lib\json\decoder.py", line 353, in raw_decode
    obj, end = self.scan_once(s, idx)
               ^^^^^^^^^^^^^^^^^^^^^^
json.decoder.JSONDecodeError: Expecting ',' delimiter: line 18 column 1 (char 249)

2025-09-27 15:55:42,447 — src.audio_info.audio_metadata — ERROR — has_art_tag:936 — MusicProcessingError with file: d:\MusicProcessing\tests\Music\test has invalid extension: .m3u
NoneType: None

2025-09-27 15:55:42,463 — src.audio_info.audio_metadata — ERROR — load_any_file:982 — ValueError loading d:\MusicProcessing\tests\Music\test.m3u returned None
NoneType: None

2025-09-27 15:55:42,463 — src.audio_info.audio_metadata — ERROR — load_any_file:986 — MutagenError [Errno 2] No such file or directory: 'd:\\MusicProcessing\\tests\\Music\\Non-extant.wav' loading d:\MusicProcessing\tests\Music\Non-extant.wav
Traceback (most recent call last):
  File "C:\Users\gmanw\AppData\Local\Programs\Python\Python312\Lib\site-packages\mutagen\_util.py", line 251, in _openfile
    fileobj = open(filename, "rb+" if writable else "rb")
              ^^^^^^^^^^^^^^^^^^^^^^^^^^^^^^^^^^^^^^^^^^^
FileNotFoundError: [Errno 2] No such file or directory: 'd:\\MusicProcessing\\tests\\Music\\Non-extant.wav'

During handling of the above exception, another exception occurred:

Traceback (most recent call last):
  File "d:\MusicProcessing\src\audio_info\audio_metadata.py", line 978, in load_any_file
    audio_file = mutagen.File(file_path)
                 ^^^^^^^^^^^^^^^^^^^^^^^
  File "C:\Users\gmanw\AppData\Local\Programs\Python\Python312\Lib\site-packages\mutagen\_util.py", line 162, in wrapper_func
    with _openfile(None, filething, filename, fileobj,
  File "C:\Users\gmanw\AppData\Local\Programs\Python\Python312\Lib\contextlib.py", line 137, in __enter__
    return next(self.gen)
           ^^^^^^^^^^^^^^
  File "C:\Users\gmanw\AppData\Local\Programs\Python\Python312\Lib\site-packages\mutagen\_util.py", line 272, in _openfile
    raise MutagenError(e)
mutagen.MutagenError: [Errno 2] No such file or directory: 'd:\\MusicProcessing\\tests\\Music\\Non-extant.wav'

2025-09-27 15:55:53,882 — src.audio_info.audio_metadata — WARNING — convert_file:284 — album directory d:\MusicProcessing\tests\Music\Crush\Here does not contain a Folder.jpg file.

2025-09-27 15:56:06,720 — src.audio_info.audio_metadata — ERROR — convert_file:385 — Exception FfmpegProcessError converting d:\MusicProcessing\tests\ConvertedMusic\Abba\Waterloo\ABBA-Waterloo.mp3 to d:\MusicProcessing\src\generated_files\Music\Abba\Waterloo\ABBA-Waterloo.mp3
Traceback (most recent call last):
  File "d:\MusicProcessing\src\audio_info\audio_metadata.py", line 357, in convert_file
    success_msg = subprocess_utils.spinner_popen_pipe(export_path, command, show_spinner)
                  ^^^^^^^^^^^^^^^^^^^^^^^^^^^^^^^^^^^^^^^^^^^^^^^^^^^^^^^^^^^^^^^^^^^^^^^
  File "d:\MusicProcessing\src\subprocess_utils.py", line 145, in spinner_popen_pipe
    raise fp_error
  File "d:\MusicProcessing\src\subprocess_utils.py", line 142, in spinner_popen_pipe
    raise FfmpegProcessError(fp_error_msg)
src.errors.FfmpegProcessError: Ffmpeg returned error code: 4294967294
, with output: [mp3 @ 000001f0ead51c40] Estimating duration from bitrate, this may be inaccurate
Input #0, mp3, from 'd:\MusicProcessing\tests\ConvertedMusic\Abba\Waterloo\ABBA-Waterloo.mp3':
  Metadata:
    title           : Waterloo
    artist          : ABBA
    track           : 1
    album           : Waterloo
    genre           : Pop
    album_artist    : ABBA
    publisher       : Polydor
    composer        : Benny Andersson/Björn Ulvaeus/Stig Anderson
    date            : 1963
  Duration: 00:02:45.28, start: 0.000000, bitrate: 128 kb/s
  Stream #0:0: Audio: mp3 (mp3float), 44100 Hz, stereo, fltp, 128 kb/s
[out#0/mp3 @ 000001f0ead535c0] Error opening output d:\MusicProcessing\src\generated_files\Music\Abba\Waterloo\ABBA-Waterloo.mp3: No such file or directory
Error opening output file d:\MusicProcessing\src\generated_files\Music\Abba\Waterloo\ABBA-Waterloo.mp3.
Error opening output files: No such file or directory

 for command:['ffmpeg', '-hide_banner', '-i', 'd:\\MusicProcessing\\tests\\ConvertedMusic\\Abba\\Waterloo\\ABBA-Waterloo.mp3', '-vn', '-map_metadata', '-1', '-codec:a', 'libmp3lame', '-id3v2_version', '3', '-b:a', '128198', '-metadata', 'TALB=Waterloo', '-metadata', 'TPE2=ABBA', '-metadata', 'TPE1=ABBA', '-metadata', 'TCOM=Benny Andersson/Björn Ulvaeus/Stig Anderson', '-metadata', 'TCON=Pop', '-metadata', 'TPUB=Polydor', '-metadata', 'TIT2=Waterloo', '-metadata', 'TRCK=1', '-metadata', 'TYER=1963', '-metadata', 'TPOS=1/1', 'd:\\MusicProcessing\\src\\generated_files\\Music\\Abba\\Waterloo\\ABBA-Waterloo.mp3', '-y']
Stack (most recent call last):
  File "<string>", line 206, in <module>
  File "<string>", line 187, in run_tests
  File "C:\Users\gmanw\AppData\Local\Programs\Python\Python312\Lib\unittest\runner.py", line 240, in run
    test(result)
  File "C:\Users\gmanw\AppData\Local\Programs\Python\Python312\Lib\unittest\suite.py", line 84, in __call__
    return self.run(*args, **kwds)
  File "C:\Users\gmanw\AppData\Local\Programs\Python\Python312\Lib\unittest\suite.py", line 122, in run
    test(result)
  File "C:\Users\gmanw\AppData\Local\Programs\Python\Python312\Lib\unittest\case.py", line 690, in __call__
    return self.run(*args, **kwds)
  File "C:\Users\gmanw\AppData\Local\Programs\Python\Python312\Lib\unittest\case.py", line 634, in run
    self._callTestMethod(testMethod)
  File "C:\Users\gmanw\AppData\Local\Programs\Python\Python312\Lib\unittest\case.py", line 589, in _callTestMethod
    if method() is not None:
  File "d:\MusicProcessing\tests\test_audio_metadata.py", line 372, in test_convert_walk_pattern
    metadata.convert_walk(self.converted, self.mp3_pattern, show_spinner=False)
  File "d:\MusicProcessing\src\audio_info\audio_metadata.py", line 423, in convert_walk
    self.convert_file(input_file_path, show_spinner)
  File "d:\MusicProcessing\src\audio_info\audio_metadata.py", line 385, in convert_file
    logger.exception(f"Exception {type(e_error).__name__} converting {file_path} to {export_path}", stack_info=True)

2025-09-27 15:56:06,720 — src.audio_info.audio_metadata — ERROR — convert_walk:431 — Exception FfmpegProcessError walking d:\MusicProcessing\tests\ConvertedMusic to convert .mp3 audio files to mp3
Traceback (most recent call last):
  File "d:\MusicProcessing\src\audio_info\audio_metadata.py", line 423, in convert_walk
    self.convert_file(input_file_path, show_spinner)
  File "d:\MusicProcessing\src\audio_info\audio_metadata.py", line 386, in convert_file
    raise e_error
  File "d:\MusicProcessing\src\audio_info\audio_metadata.py", line 357, in convert_file
    success_msg = subprocess_utils.spinner_popen_pipe(export_path, command, show_spinner)
                  ^^^^^^^^^^^^^^^^^^^^^^^^^^^^^^^^^^^^^^^^^^^^^^^^^^^^^^^^^^^^^^^^^^^^^^^
  File "d:\MusicProcessing\src\subprocess_utils.py", line 145, in spinner_popen_pipe
    raise fp_error
  File "d:\MusicProcessing\src\subprocess_utils.py", line 142, in spinner_popen_pipe
    raise FfmpegProcessError(fp_error_msg)
src.errors.FfmpegProcessError: Ffmpeg returned error code: 4294967294
, with output: [mp3 @ 000001f0ead51c40] Estimating duration from bitrate, this may be inaccurate
Input #0, mp3, from 'd:\MusicProcessing\tests\ConvertedMusic\Abba\Waterloo\ABBA-Waterloo.mp3':
  Metadata:
    title           : Waterloo
    artist          : ABBA
    track           : 1
    album           : Waterloo
    genre           : Pop
    album_artist    : ABBA
    publisher       : Polydor
    composer        : Benny Andersson/Björn Ulvaeus/Stig Anderson
    date            : 1963
  Duration: 00:02:45.28, start: 0.000000, bitrate: 128 kb/s
  Stream #0:0: Audio: mp3 (mp3float), 44100 Hz, stereo, fltp, 128 kb/s
[out#0/mp3 @ 000001f0ead535c0] Error opening output d:\MusicProcessing\src\generated_files\Music\Abba\Waterloo\ABBA-Waterloo.mp3: No such file or directory
Error opening output file d:\MusicProcessing\src\generated_files\Music\Abba\Waterloo\ABBA-Waterloo.mp3.
Error opening output files: No such file or directory

 for command:['ffmpeg', '-hide_banner', '-i', 'd:\\MusicProcessing\\tests\\ConvertedMusic\\Abba\\Waterloo\\ABBA-Waterloo.mp3', '-vn', '-map_metadata', '-1', '-codec:a', 'libmp3lame', '-id3v2_version', '3', '-b:a', '128198', '-metadata', 'TALB=Waterloo', '-metadata', 'TPE2=ABBA', '-metadata', 'TPE1=ABBA', '-metadata', 'TCOM=Benny Andersson/Björn Ulvaeus/Stig Anderson', '-metadata', 'TCON=Pop', '-metadata', 'TPUB=Polydor', '-metadata', 'TIT2=Waterloo', '-metadata', 'TRCK=1', '-metadata', 'TYER=1963', '-metadata', 'TPOS=1/1', 'd:\\MusicProcessing\\src\\generated_files\\Music\\Abba\\Waterloo\\ABBA-Waterloo.mp3', '-y']
Stack (most recent call last):
  File "<string>", line 206, in <module>
  File "<string>", line 187, in run_tests
  File "C:\Users\gmanw\AppData\Local\Programs\Python\Python312\Lib\unittest\runner.py", line 240, in run
    test(result)
  File "C:\Users\gmanw\AppData\Local\Programs\Python\Python312\Lib\unittest\suite.py", line 84, in __call__
    return self.run(*args, **kwds)
  File "C:\Users\gmanw\AppData\Local\Programs\Python\Python312\Lib\unittest\suite.py", line 122, in run
    test(result)
  File "C:\Users\gmanw\AppData\Local\Programs\Python\Python312\Lib\unittest\case.py", line 690, in __call__
    return self.run(*args, **kwds)
  File "C:\Users\gmanw\AppData\Local\Programs\Python\Python312\Lib\unittest\case.py", line 634, in run
    self._callTestMethod(testMethod)
  File "C:\Users\gmanw\AppData\Local\Programs\Python\Python312\Lib\unittest\case.py", line 589, in _callTestMethod
    if method() is not None:
  File "d:\MusicProcessing\tests\test_audio_metadata.py", line 372, in test_convert_walk_pattern
    metadata.convert_walk(self.converted, self.mp3_pattern, show_spinner=False)
  File "d:\MusicProcessing\src\audio_info\audio_metadata.py", line 431, in convert_walk
    logger.exception(exc_msg, stack_info=True)

2025-09-27 15:56:06,735 — src.audio_info.audio_metadata — WARNING — convert_walk:406 — Pattern .m3u is not for a valid audio file

2025-09-27 15:56:07,174 — src.audio_info.audio_metadata — ERROR — get_media_tags:764 — JSONDecodeError decoding JSON output from ffprobe
Traceback (most recent call last):
  File "d:\MusicProcessing\src\audio_info\audio_metadata.py", line 758, in get_media_tags
    data = json.loads(result.stdout)
           ^^^^^^^^^^^^^^^^^^^^^^^^^
  File "C:\Users\gmanw\AppData\Local\Programs\Python\Python312\Lib\json\__init__.py", line 346, in loads
    return _default_decoder.decode(s)
           ^^^^^^^^^^^^^^^^^^^^^^^^^^
  File "C:\Users\gmanw\AppData\Local\Programs\Python\Python312\Lib\json\decoder.py", line 337, in decode
    obj, end = self.raw_decode(s, idx=_w(s, 0).end())
               ^^^^^^^^^^^^^^^^^^^^^^^^^^^^^^^^^^^^^^
  File "C:\Users\gmanw\AppData\Local\Programs\Python\Python312\Lib\json\decoder.py", line 353, in raw_decode
    obj, end = self.scan_once(s, idx)
               ^^^^^^^^^^^^^^^^^^^^^^
json.decoder.JSONDecodeError: Expecting ',' delimiter: line 18 column 1 (char 249)

2025-09-27 15:56:08,089 — src.audio_info.audio_metadata — ERROR — has_art_tag:936 — MusicProcessingError with file: d:\MusicProcessing\tests\Music\test has invalid extension: .m3u
NoneType: None

2025-09-27 15:56:08,089 — src.audio_info.audio_metadata — ERROR — load_any_file:982 — ValueError loading d:\MusicProcessing\tests\Music\test.m3u returned None
NoneType: None

2025-09-27 15:56:08,089 — src.audio_info.audio_metadata — ERROR — load_any_file:986 — MutagenError [Errno 2] No such file or directory: 'd:\\MusicProcessing\\tests\\Music\\Non-extant.wav' loading d:\MusicProcessing\tests\Music\Non-extant.wav
Traceback (most recent call last):
  File "C:\Users\gmanw\AppData\Local\Programs\Python\Python312\Lib\site-packages\mutagen\_util.py", line 251, in _openfile
    fileobj = open(filename, "rb+" if writable else "rb")
              ^^^^^^^^^^^^^^^^^^^^^^^^^^^^^^^^^^^^^^^^^^^
FileNotFoundError: [Errno 2] No such file or directory: 'd:\\MusicProcessing\\tests\\Music\\Non-extant.wav'

During handling of the above exception, another exception occurred:

Traceback (most recent call last):
  File "d:\MusicProcessing\src\audio_info\audio_metadata.py", line 978, in load_any_file
    audio_file = mutagen.File(file_path)
                 ^^^^^^^^^^^^^^^^^^^^^^^
  File "C:\Users\gmanw\AppData\Local\Programs\Python\Python312\Lib\site-packages\mutagen\_util.py", line 162, in wrapper_func
    with _openfile(None, filething, filename, fileobj,
  File "C:\Users\gmanw\AppData\Local\Programs\Python\Python312\Lib\contextlib.py", line 137, in __enter__
    return next(self.gen)
           ^^^^^^^^^^^^^^
  File "C:\Users\gmanw\AppData\Local\Programs\Python\Python312\Lib\site-packages\mutagen\_util.py", line 272, in _openfile
    raise MutagenError(e)
mutagen.MutagenError: [Errno 2] No such file or directory: 'd:\\MusicProcessing\\tests\\Music\\Non-extant.wav'

2025-09-27 15:58:24,739 — src.audio_info.audio_metadata — WARNING — convert_file:284 — album directory d:\MusicProcessing\tests\Music\Crush\Here does not contain a Folder.jpg file.

2025-09-27 15:58:38,820 — src.audio_info.audio_metadata — WARNING — convert_walk:406 — Pattern .m3u is not for a valid audio file

2025-09-27 15:58:39,177 — src.audio_info.audio_metadata — ERROR — get_media_tags:764 — JSONDecodeError decoding JSON output from ffprobe
Traceback (most recent call last):
  File "d:\MusicProcessing\src\audio_info\audio_metadata.py", line 758, in get_media_tags
    data = json.loads(result.stdout)
           ^^^^^^^^^^^^^^^^^^^^^^^^^
  File "C:\Users\gmanw\AppData\Local\Programs\Python\Python312\Lib\json\__init__.py", line 346, in loads
    return _default_decoder.decode(s)
           ^^^^^^^^^^^^^^^^^^^^^^^^^^
  File "C:\Users\gmanw\AppData\Local\Programs\Python\Python312\Lib\json\decoder.py", line 337, in decode
    obj, end = self.raw_decode(s, idx=_w(s, 0).end())
               ^^^^^^^^^^^^^^^^^^^^^^^^^^^^^^^^^^^^^^
  File "C:\Users\gmanw\AppData\Local\Programs\Python\Python312\Lib\json\decoder.py", line 353, in raw_decode
    obj, end = self.scan_once(s, idx)
               ^^^^^^^^^^^^^^^^^^^^^^
json.decoder.JSONDecodeError: Expecting ',' delimiter: line 18 column 1 (char 249)

2025-09-27 15:58:40,071 — src.audio_info.audio_metadata — ERROR — has_art_tag:936 — MusicProcessingError with file: d:\MusicProcessing\tests\Music\test has invalid extension: .m3u
NoneType: None

2025-09-27 15:58:40,071 — src.audio_info.audio_metadata — ERROR — load_any_file:982 — ValueError loading d:\MusicProcessing\tests\Music\test.m3u returned None
NoneType: None

2025-09-27 15:58:40,071 — src.audio_info.audio_metadata — ERROR — load_any_file:986 — MutagenError [Errno 2] No such file or directory: 'd:\\MusicProcessing\\tests\\Music\\Non-extant.wav' loading d:\MusicProcessing\tests\Music\Non-extant.wav
Traceback (most recent call last):
  File "C:\Users\gmanw\AppData\Local\Programs\Python\Python312\Lib\site-packages\mutagen\_util.py", line 251, in _openfile
    fileobj = open(filename, "rb+" if writable else "rb")
              ^^^^^^^^^^^^^^^^^^^^^^^^^^^^^^^^^^^^^^^^^^^
FileNotFoundError: [Errno 2] No such file or directory: 'd:\\MusicProcessing\\tests\\Music\\Non-extant.wav'

During handling of the above exception, another exception occurred:

Traceback (most recent call last):
  File "d:\MusicProcessing\src\audio_info\audio_metadata.py", line 978, in load_any_file
    audio_file = mutagen.File(file_path)
                 ^^^^^^^^^^^^^^^^^^^^^^^
  File "C:\Users\gmanw\AppData\Local\Programs\Python\Python312\Lib\site-packages\mutagen\_util.py", line 162, in wrapper_func
    with _openfile(None, filething, filename, fileobj,
  File "C:\Users\gmanw\AppData\Local\Programs\Python\Python312\Lib\contextlib.py", line 137, in __enter__
    return next(self.gen)
           ^^^^^^^^^^^^^^
  File "C:\Users\gmanw\AppData\Local\Programs\Python\Python312\Lib\site-packages\mutagen\_util.py", line 272, in _openfile
    raise MutagenError(e)
mutagen.MutagenError: [Errno 2] No such file or directory: 'd:\\MusicProcessing\\tests\\Music\\Non-extant.wav'
