
2025-10-04 19:26:02,357 — src.dir_processing.directory_processing — ERROR — create_txt:136 — OSError No such file or directory writing data to /home/gerald/MusicProcessing/src/generated_files/result_files/get_audio_file_list.txt
Traceback (most recent call last):
  File "/home/gerald/MusicProcessing/src/dir_processing/directory_processing.py", line 129, in create_txt
    txt_outfile = open(txt_path, mode='w', encoding=UTF8, newline='')
                  ^^^^^^^^^^^^^^^^^^^^^^^^^^^^^^^^^^^^^^^^^^^^^^^^^^^
FileNotFoundError: [Errno 2] No such file or directory: '/home/gerald/MusicProcessing/src/generated_files/result_files/get_audio_file_list.txt'

2025-10-04 19:26:02,566 — src.audio_info.audio_playlist — ERROR — get_audio_name:88 — PlaylistError no file delimiter in #EXTINF:0The Eagles-Desperado.m4a
NoneType: None
Stack (most recent call last):
  File "<string>", line 206, in <module>
  File "<string>", line 187, in run_tests
  File "/usr/lib/python3.12/unittest/runner.py", line 240, in run
    test(result)
  File "/usr/lib/python3.12/unittest/suite.py", line 84, in __call__
    return self.run(*args, **kwds)
  File "/usr/lib/python3.12/unittest/suite.py", line 122, in run
    test(result)
  File "/usr/lib/python3.12/unittest/case.py", line 690, in __call__
    return self.run(*args, **kwds)
  File "/usr/lib/python3.12/unittest/case.py", line 634, in run
    self._callTestMethod(testMethod)
  File "/usr/lib/python3.12/unittest/case.py", line 589, in _callTestMethod
    if method() is not None:
  File "/home/gerald/MusicProcessing/tests/test_audio_playlist.py", line 57, in test_get_audio_name_error
    audio = playlist.get_audio_name(line)
  File "/home/gerald/MusicProcessing/src/audio_info/audio_playlist.py", line 88, in get_audio_name
    logger.exception(f"PlaylistError no file delimiter in {line}", stack_info=True)

2025-10-04 19:26:02,566 — src.dir_processing.directory_processing — ERROR — get_audio_file_list:249 — Exception FileNotFoundError getting files for /home/gerald/MusicProcessing/tests/Music
Traceback (most recent call last):
  File "/home/gerald/MusicProcessing/src/dir_processing/directory_processing.py", line 246, in get_audio_file_list
    self.create_txt(txt_filename, txt_data, None)
  File "/home/gerald/MusicProcessing/src/dir_processing/directory_processing.py", line 137, in create_txt
    raise os_error
  File "/home/gerald/MusicProcessing/src/dir_processing/directory_processing.py", line 129, in create_txt
    txt_outfile = open(txt_path, mode='w', encoding=UTF8, newline='')
                  ^^^^^^^^^^^^^^^^^^^^^^^^^^^^^^^^^^^^^^^^^^^^^^^^^^^
FileNotFoundError: [Errno 2] No such file or directory: '/home/gerald/MusicProcessing/src/generated_files/result_files/get_audio_file_list.txt'
Stack (most recent call last):
  File "<string>", line 206, in <module>
  File "<string>", line 187, in run_tests
  File "/usr/lib/python3.12/unittest/runner.py", line 240, in run
    test(result)
  File "/usr/lib/python3.12/unittest/suite.py", line 84, in __call__
    return self.run(*args, **kwds)
  File "/usr/lib/python3.12/unittest/suite.py", line 122, in run
    test(result)
  File "/usr/lib/python3.12/unittest/case.py", line 690, in __call__
    return self.run(*args, **kwds)
  File "/usr/lib/python3.12/unittest/case.py", line 634, in run
    self._callTestMethod(testMethod)
  File "/usr/lib/python3.12/unittest/case.py", line 589, in _callTestMethod
    if method() is not None:
  File "/home/gerald/MusicProcessing/tests/test_directory_processing.py", line 142, in test_get_audio_file
    directory.get_audio_file_list(TESTS_TLD)
  File "/home/gerald/MusicProcessing/src/dir_processing/directory_processing.py", line 249, in get_audio_file_list
    logger.exception(f"Exception {type(e_error).__name__} getting files for {start_path}", stack_info=True)

2025-10-04 19:26:02,639 — src.audio_info.audio_playlist — INFO — update_paths:175 — Updated test.m3u


2025-10-04 19:26:02,683 — src.audio_info.audio_playlist — ERROR — update_paths:130 — PlaylistError input file /home/gerald/MusicProcessing/tests/Music/Crush/Here/Crush-Live.mp3 is not a playlist
NoneType: None
Stack (most recent call last):
  File "<string>", line 206, in <module>
  File "<string>", line 187, in run_tests
  File "/usr/lib/python3.12/unittest/runner.py", line 240, in run
    test(result)
  File "/usr/lib/python3.12/unittest/suite.py", line 84, in __call__
    return self.run(*args, **kwds)
  File "/usr/lib/python3.12/unittest/suite.py", line 122, in run
    test(result)
  File "/usr/lib/python3.12/unittest/case.py", line 690, in __call__
    return self.run(*args, **kwds)
  File "/usr/lib/python3.12/unittest/case.py", line 634, in run
    self._callTestMethod(testMethod)
  File "/usr/lib/python3.12/unittest/case.py", line 589, in _callTestMethod
    if method() is not None:
  File "/home/gerald/MusicProcessing/tests/test_audio_playlist.py", line 130, in test_update_paths_fail
    playlist.update_paths(TESTS_TLD, TEST_MP3_CRUSH)
  File "/home/gerald/MusicProcessing/src/audio_info/audio_playlist.py", line 130, in update_paths
    logger.exception(f"PlaylistError input file {input_m3u} is not a playlist", stack_info=True)

2025-10-04 19:26:07,642 — src.subprocess_utils — ERROR — popen_pipe:77 — RuntimeError running command ffprobe -v quiet -show_format -show_streams /home/gerald/MusicProcessing/tests/Music/test.m3u
NoneType: None

2025-10-04 19:26:07,845 — src.subprocess_utils — ERROR — subprocess_run:233 — CalledProcessError returncode: 1 on command ['ffprobe', '-hide_banner', '-select_streams', 'v:0', '-show_streams', '-of', 'json', '/home/gerald/MusicProcessing/tests/Music/Non-extant.wav']
Traceback (most recent call last):
  File "/home/gerald/MusicProcessing/src/subprocess_utils.py", line 224, in subprocess_run
    process = subprocess.run(
              ^^^^^^^^^^^^^^^
  File "/usr/lib/python3.12/subprocess.py", line 571, in run
    raise CalledProcessError(retcode, process.args,
subprocess.CalledProcessError: Command '['ffprobe', '-hide_banner', '-select_streams', 'v:0', '-show_streams', '-of', 'json', '/home/gerald/MusicProcessing/tests/Music/Non-extant.wav']' returned non-zero exit status 1.
Stack (most recent call last):
  File "<string>", line 206, in <module>
  File "<string>", line 187, in run_tests
  File "/usr/lib/python3.12/unittest/runner.py", line 240, in run
    test(result)
  File "/usr/lib/python3.12/unittest/suite.py", line 84, in __call__
    return self.run(*args, **kwds)
  File "/usr/lib/python3.12/unittest/suite.py", line 122, in run
    test(result)
  File "/usr/lib/python3.12/unittest/case.py", line 690, in __call__
    return self.run(*args, **kwds)
  File "/usr/lib/python3.12/unittest/case.py", line 634, in run
    self._callTestMethod(testMethod)
  File "/usr/lib/python3.12/unittest/case.py", line 589, in _callTestMethod
    if method() is not None:
  File "/home/gerald/MusicProcessing/tests/test_subprocess_utilities.py", line 83, in test_subprocess_run_non_extant
    probe_process = subprocess_utils.subprocess_run(probe_command)
  File "/home/gerald/MusicProcessing/src/subprocess_utils.py", line 233, in subprocess_run
    logger.exception(f"CalledProcessError returncode: {cp_error.returncode} on command {cp_error.cmd}", stack_info=True)

2025-10-04 19:26:07,958 — src.audio_info.audio_art — INFO — extract_album_art:180 — /home/gerald/MusicProcessing/tests/Music/Abba/Waterloo has a Folder.jpg

2025-10-04 19:26:07,959 — src.audio_info.audio_art — WARNING — extract_album_art:186 — test.m3u is not an audio file

2025-10-04 19:26:08,187 — src.audio_info.audio_art — INFO — extract_album_art:196 — No video stream album art present in /home/gerald/MusicProcessing/tests/Music/Crush/Here/No_tag_Crush-Live.mp3

2025-10-04 19:26:08,208 — src.audio_info.audio_art — WARNING — extract_album_art:211 — No album art present in /home/gerald/MusicProcessing/tests/Music/Crush/Here/No_tag_Crush-Live.mp3

2025-10-04 19:26:08,418 — src.audio_info.audio_art — INFO — extract_album_art:196 — No video stream album art present in /home/gerald/MusicProcessing/tests/Music/Billie Holiday/Georgia On My Mind/Billie Holiday-Georgia On My Mind.wma

2025-10-04 19:26:08,857 — src.subprocess_utils — ERROR — subprocess_run:233 — CalledProcessError returncode: 234 on command ['ffmpeg', '-hide_banner', '-i', '/home/gerald/MusicProcessing/tests/Music/Billie Holiday/Georgia On My Mind/Billie Holiday-Georgia On My Mind.wma', '-an', '-map', '0:v', '-map_metadata', '-1', '-update', '1', '/home/gerald/MusicProcessing/tests/Music/Billie Holiday/Georgia On My Mind/Folder.jpg', '-y']
Traceback (most recent call last):
  File "/home/gerald/MusicProcessing/src/subprocess_utils.py", line 224, in subprocess_run
    process = subprocess.run(
              ^^^^^^^^^^^^^^^
  File "/usr/lib/python3.12/subprocess.py", line 571, in run
    raise CalledProcessError(retcode, process.args,
subprocess.CalledProcessError: Command '['ffmpeg', '-hide_banner', '-i', '/home/gerald/MusicProcessing/tests/Music/Billie Holiday/Georgia On My Mind/Billie Holiday-Georgia On My Mind.wma', '-an', '-map', '0:v', '-map_metadata', '-1', '-update', '1', '/home/gerald/MusicProcessing/tests/Music/Billie Holiday/Georgia On My Mind/Folder.jpg', '-y']' returned non-zero exit status 234.
Stack (most recent call last):
  File "<string>", line 206, in <module>
  File "<string>", line 187, in run_tests
  File "/usr/lib/python3.12/unittest/runner.py", line 240, in run
    test(result)
  File "/usr/lib/python3.12/unittest/suite.py", line 84, in __call__
    return self.run(*args, **kwds)
  File "/usr/lib/python3.12/unittest/suite.py", line 122, in run
    test(result)
  File "/usr/lib/python3.12/unittest/case.py", line 690, in __call__
    return self.run(*args, **kwds)
  File "/usr/lib/python3.12/unittest/case.py", line 634, in run
    self._callTestMethod(testMethod)
  File "/usr/lib/python3.12/unittest/case.py", line 589, in _callTestMethod
    if method() is not None:
  File "/home/gerald/MusicProcessing/tests/test_audio_art.py", line 244, in test_extract_ffmpeg_art_no_stream
    art.extract_ffmpeg_art(input_audio)
  File "/home/gerald/MusicProcessing/src/audio_info/audio_art.py", line 284, in extract_ffmpeg_art
    _ = subprocess_utils.subprocess_run(command)
  File "/home/gerald/MusicProcessing/src/subprocess_utils.py", line 233, in subprocess_run
    logger.exception(f"CalledProcessError returncode: {cp_error.returncode} on command {cp_error.cmd}", stack_info=True)

2025-10-04 19:26:08,859 — src.audio_info.audio_art — ERROR — extract_ffmpeg_art:287 — Exception CalledProcessError using ffmpeg to extract art from /home/gerald/MusicProcessing/tests/Music/Billie Holiday/Georgia On My Mind/Billie Holiday-Georgia On My Mind.wma
Traceback (most recent call last):
  File "/home/gerald/MusicProcessing/src/audio_info/audio_art.py", line 284, in extract_ffmpeg_art
    _ = subprocess_utils.subprocess_run(command)
        ^^^^^^^^^^^^^^^^^^^^^^^^^^^^^^^^^^^^^^^^
  File "/home/gerald/MusicProcessing/src/subprocess_utils.py", line 234, in subprocess_run
    raise cp_error
  File "/home/gerald/MusicProcessing/src/subprocess_utils.py", line 224, in subprocess_run
    process = subprocess.run(
              ^^^^^^^^^^^^^^^
  File "/usr/lib/python3.12/subprocess.py", line 571, in run
    raise CalledProcessError(retcode, process.args,
subprocess.CalledProcessError: Command '['ffmpeg', '-hide_banner', '-i', '/home/gerald/MusicProcessing/tests/Music/Billie Holiday/Georgia On My Mind/Billie Holiday-Georgia On My Mind.wma', '-an', '-map', '0:v', '-map_metadata', '-1', '-update', '1', '/home/gerald/MusicProcessing/tests/Music/Billie Holiday/Georgia On My Mind/Folder.jpg', '-y']' returned non-zero exit status 234.
Stack (most recent call last):
  File "<string>", line 206, in <module>
  File "<string>", line 187, in run_tests
  File "/usr/lib/python3.12/unittest/runner.py", line 240, in run
    test(result)
  File "/usr/lib/python3.12/unittest/suite.py", line 84, in __call__
    return self.run(*args, **kwds)
  File "/usr/lib/python3.12/unittest/suite.py", line 122, in run
    test(result)
  File "/usr/lib/python3.12/unittest/case.py", line 690, in __call__
    return self.run(*args, **kwds)
  File "/usr/lib/python3.12/unittest/case.py", line 634, in run
    self._callTestMethod(testMethod)
  File "/usr/lib/python3.12/unittest/case.py", line 589, in _callTestMethod
    if method() is not None:
  File "/home/gerald/MusicProcessing/tests/test_audio_art.py", line 244, in test_extract_ffmpeg_art_no_stream
    art.extract_ffmpeg_art(input_audio)
  File "/home/gerald/MusicProcessing/src/audio_info/audio_art.py", line 287, in extract_ffmpeg_art
    logger.exception(f"Exception {type(e_error).__name__} using ffmpeg to extract art from {input_path}", stack_info=True)

2025-10-04 19:26:09,480 — src.audio_info.audio_art — INFO — extract_album_art:196 — No video stream album art present in /home/gerald/MusicProcessing/tests/PreppedMusic/Abba/ABBA-Waterloo.mp3

2025-10-04 19:26:09,481 — src.audio_info.audio_art — WARNING — extract_album_art:211 — No album art present in /home/gerald/MusicProcessing/tests/PreppedMusic/Abba/ABBA-Waterloo.mp3

2025-10-04 19:26:11,531 — src.audio_info.audio_art — INFO — extract_album_art:196 — No video stream album art present in /home/gerald/MusicProcessing/tests/PreppedMusic/Creedence Clearwater Revival/Creedence Clearwater Revival-Fortunate Son.wma

2025-10-04 19:26:11,532 — src.audio_info.audio_art — WARNING — extract_album_art:211 — No album art present in /home/gerald/MusicProcessing/tests/PreppedMusic/Creedence Clearwater Revival/Creedence Clearwater Revival-Fortunate Son.wma

2025-10-04 19:26:11,763 — src.audio_info.audio_art — INFO — extract_album_art:196 — No video stream album art present in /home/gerald/MusicProcessing/tests/PreppedMusic/NoMetadata/No_tag_Crush-Live.mp3

2025-10-04 19:26:11,764 — src.audio_info.audio_art — WARNING — extract_album_art:211 — No album art present in /home/gerald/MusicProcessing/tests/PreppedMusic/NoMetadata/No_tag_Crush-Live.mp3

2025-10-04 19:26:11,967 — src.audio_info.audio_art — INFO — extract_album_art:196 — No video stream album art present in /home/gerald/MusicProcessing/tests/PreppedMusic/Abba/ABBA-Waterloo.mp3

2025-10-04 19:26:11,968 — src.audio_info.audio_art — WARNING — extract_album_art:211 — No album art present in /home/gerald/MusicProcessing/tests/PreppedMusic/Abba/ABBA-Waterloo.mp3

2025-10-04 19:26:12,574 — src.audio_info.audio_art — INFO — extract_album_art:196 — No video stream album art present in /home/gerald/MusicProcessing/tests/PreppedMusic/NoMetadata/No_tag_Crush-Live.mp3

2025-10-04 19:26:12,575 — src.audio_info.audio_art — WARNING — extract_album_art:211 — No album art present in /home/gerald/MusicProcessing/tests/PreppedMusic/NoMetadata/No_tag_Crush-Live.mp3

2025-10-04 19:26:12,576 — src.audio_info.audio_art — WARNING — extract_walk:371 — Pattern .m3u is not for a valid audio file

2025-10-04 19:26:12,961 — src.audio_info.audio_art — INFO — set_album_art:483 — Found Folder.jpg in /home/gerald/MusicProcessing/tests/Music/Genesis/In Too Deep-I’d Rather Be You

2025-10-04 19:26:12,961 — src.audio_info.audio_art — INFO — set_album_art:483 — Found Folder.jpg in /home/gerald/MusicProcessing/tests/Music/Abba/Waterloo

2025-10-04 19:26:12,962 — src.audio_info.audio_art — WARNING — set_album_art:499 — No album art set for /home/gerald/MusicProcessing/tests/Music/Aerosmith/Devil's Got a New Disguise-The Very Best of Aerosmith

2025-10-04 19:26:12,962 — src.audio_info.audio_art — WARNING — set_album_art:499 — No album art set for /home/gerald/MusicProcessing/tests/Music/Diamond Rio

2025-10-04 19:26:12,962 — src.audio_info.audio_art — WARNING — set_album_art:499 — No album art set for /home/gerald/MusicProcessing/tests/Music/Elton John/Goodbye Yellow Brick Road

2025-10-04 19:26:12,962 — src.audio_info.audio_art — WARNING — set_album_art:499 — No album art set for /home/gerald/MusicProcessing/tests/Music/The Lord of the Rings/The Return of the King

2025-10-04 19:26:12,962 — src.audio_info.audio_art — WARNING — set_album_art:499 — No album art set for /home/gerald/MusicProcessing/tests/Music/The Lord of the Rings/The Two Towers

2025-10-04 19:26:12,963 — src.audio_info.audio_art — WARNING — set_album_art:499 — No album art set for /home/gerald/MusicProcessing/tests/Music/Daughtry/Leave This Town

2025-10-04 19:26:12,963 — src.audio_info.audio_art — WARNING — set_album_art:499 — No album art set for /home/gerald/MusicProcessing/tests/Music/Billie Holiday/Georgia On My Mind

2025-10-04 19:26:12,963 — src.audio_info.audio_art — WARNING — set_album_art:499 — No album art set for /home/gerald/MusicProcessing/tests/Music/Sawyer Fredericks/A Good Storm

2025-10-04 19:26:12,963 — src.audio_info.audio_art — WARNING — set_album_art:499 — No album art set for /home/gerald/MusicProcessing/tests/Music/38 Special/Teachers

2025-10-04 19:26:12,963 — src.audio_info.audio_art — WARNING — set_album_art:499 — No album art set for /home/gerald/MusicProcessing/tests/Music/Crush/Here

2025-10-04 19:26:12,964 — src.audio_info.audio_art — INFO — set_album_art:483 — Found Folder.jpg in /home/gerald/MusicProcessing/tests/Music/The Eagles/Desperado

2025-10-04 19:26:12,964 — src.audio_info.audio_art — WARNING — set_album_art:499 — No album art set for /home/gerald/MusicProcessing/tests/Music/Joshua Davis/The Voice Peformance

2025-10-04 19:26:12,984 — src.audio_info.audio_art — WARNING — set_album_art:499 — No album art set for /home/gerald/MusicProcessing/tests/Music/X Ambassadors/VHS

2025-10-04 19:26:12,985 — src.audio_info.audio_art — INFO — set_album_art:483 — Found Folder.jpg in /home/gerald/MusicProcessing/tests/Music/Creedence Clearwater Revival/Chronicle, Vol. 1

2025-10-04 19:26:12,985 — src.audio_info.audio_art — INFO — set_album_art:483 — Found Folder.jpg in /home/gerald/MusicProcessing/tests/Music/NoMetadata/Here

2025-10-04 19:26:12,985 — src.audio_info.audio_art — WARNING — set_album_art:499 — No album art set for /home/gerald/MusicProcessing/tests/Music/Bear McCreary/Battlestar Galactica

2025-10-04 19:26:14,172 — src.dir_processing.directory_processing — ERROR — create_txt:136 — OSError No such file or directory writing data to /home/gerald/MusicProcessing/src/generated_files/result_files/convert_file.txt
Traceback (most recent call last):
  File "/home/gerald/MusicProcessing/src/dir_processing/directory_processing.py", line 129, in create_txt
    txt_outfile = open(txt_path, mode='w', encoding=UTF8, newline='')
                  ^^^^^^^^^^^^^^^^^^^^^^^^^^^^^^^^^^^^^^^^^^^^^^^^^^^
FileNotFoundError: [Errno 2] No such file or directory: '/home/gerald/MusicProcessing/src/generated_files/result_files/convert_file.txt'

2025-10-04 19:26:14,175 — src.audio_info.audio_metadata — ERROR — convert_file:385 — Exception FileNotFoundError converting /home/gerald/MusicProcessing/tests/Music/The Eagles/Desperado/The Eagles-Desperado.m4a to /home/gerald/MusicProcessing/src/generated_files/Music/The Eagles/Desperado/The Eagles-Desperado.mp3
Traceback (most recent call last):
  File "/home/gerald/MusicProcessing/src/audio_info/audio_metadata.py", line 376, in convert_file
    directory.create_txt(txt_filename, data)
  File "/home/gerald/MusicProcessing/src/dir_processing/directory_processing.py", line 137, in create_txt
    raise os_error
  File "/home/gerald/MusicProcessing/src/dir_processing/directory_processing.py", line 129, in create_txt
    txt_outfile = open(txt_path, mode='w', encoding=UTF8, newline='')
                  ^^^^^^^^^^^^^^^^^^^^^^^^^^^^^^^^^^^^^^^^^^^^^^^^^^^
FileNotFoundError: [Errno 2] No such file or directory: '/home/gerald/MusicProcessing/src/generated_files/result_files/convert_file.txt'
Stack (most recent call last):
  File "<string>", line 206, in <module>
  File "<string>", line 187, in run_tests
  File "/usr/lib/python3.12/unittest/runner.py", line 240, in run
    test(result)
  File "/usr/lib/python3.12/unittest/suite.py", line 84, in __call__
    return self.run(*args, **kwds)
  File "/usr/lib/python3.12/unittest/suite.py", line 122, in run
    test(result)
  File "/usr/lib/python3.12/unittest/case.py", line 690, in __call__
    return self.run(*args, **kwds)
  File "/usr/lib/python3.12/unittest/case.py", line 634, in run
    self._callTestMethod(testMethod)
  File "/usr/lib/python3.12/unittest/case.py", line 589, in _callTestMethod
    if method() is not None:
  File "/home/gerald/MusicProcessing/tests/test_audio_metadata.py", line 318, in test_convert_file
    metadata.convert_file(src_file, show_spinner=False)
  File "/home/gerald/MusicProcessing/src/audio_info/audio_metadata.py", line 385, in convert_file
    logger.exception(f"Exception {type(e_error).__name__} converting {file_path} to {export_path}", stack_info=True)

2025-10-04 19:26:14,179 — src.audio_info.audio_metadata — WARNING — convert_file:284 — album directory /home/gerald/MusicProcessing/tests/Music/Crush/Here does not contain a Folder.jpg file.

2025-10-04 19:26:17,967 — src.dir_processing.directory_processing — ERROR — create_txt:136 — OSError No such file or directory writing data to /home/gerald/MusicProcessing/src/generated_files/result_files/clip_vol_check_walk.txt
Traceback (most recent call last):
  File "/home/gerald/MusicProcessing/src/dir_processing/directory_processing.py", line 129, in create_txt
    txt_outfile = open(txt_path, mode='w', encoding=UTF8, newline='')
                  ^^^^^^^^^^^^^^^^^^^^^^^^^^^^^^^^^^^^^^^^^^^^^^^^^^^
FileNotFoundError: [Errno 2] No such file or directory: '/home/gerald/MusicProcessing/src/generated_files/result_files/clip_vol_check_walk.txt'

2025-10-04 19:26:17,969 — src.audio_info.audio_utilities — ERROR — clip_vol_check_walk:133 — Exception FileNotFoundError while clip and max volume checking audio file: Bear McCreary - BSG Gayatri Mantra Theme Song.mp3
Traceback (most recent call last):
  File "/home/gerald/MusicProcessing/src/audio_info/audio_utilities.py", line 130, in clip_vol_check_walk
    directory.create_txt(txt_filename, data)
  File "/home/gerald/MusicProcessing/src/dir_processing/directory_processing.py", line 137, in create_txt
    raise os_error
  File "/home/gerald/MusicProcessing/src/dir_processing/directory_processing.py", line 129, in create_txt
    txt_outfile = open(txt_path, mode='w', encoding=UTF8, newline='')
                  ^^^^^^^^^^^^^^^^^^^^^^^^^^^^^^^^^^^^^^^^^^^^^^^^^^^
FileNotFoundError: [Errno 2] No such file or directory: '/home/gerald/MusicProcessing/src/generated_files/result_files/clip_vol_check_walk.txt'
Stack (most recent call last):
  File "<string>", line 206, in <module>
  File "<string>", line 187, in run_tests
  File "/usr/lib/python3.12/unittest/runner.py", line 240, in run
    test(result)
  File "/usr/lib/python3.12/unittest/suite.py", line 84, in __call__
    return self.run(*args, **kwds)
  File "/usr/lib/python3.12/unittest/suite.py", line 122, in run
    test(result)
  File "/usr/lib/python3.12/unittest/case.py", line 690, in __call__
    return self.run(*args, **kwds)
  File "/usr/lib/python3.12/unittest/case.py", line 634, in run
    self._callTestMethod(testMethod)
  File "/usr/lib/python3.12/unittest/case.py", line 589, in _callTestMethod
    if method() is not None:
  File "/home/gerald/MusicProcessing/tests/test_audio_utilities.py", line 39, in test_clip_vol_check_walk
    utilities.clip_vol_check_walk(converted_tld)
  File "/home/gerald/MusicProcessing/src/audio_info/audio_utilities.py", line 133, in clip_vol_check_walk
    logger.exception(f"Exception {type(e_error).__name__} while clip and max volume checking audio file: {file}", stack_info=True)

2025-10-04 19:26:18,350 — src.subprocess_utils — ERROR — subprocess_run:233 — CalledProcessError returncode: 254 on command ['ffmpeg', '-hide_banner', '-i', '/home/gerald/MusicProcessing/tests/Music/Abba/Waterloo/ABBA-Waterloo.mp3', '-id3v2_version', '3', '-af', 'loudnorm=I=-16.0:TP=-2.0:LRA=11.0:measured_I=-16.52:measured_TP=-3.42:measured_LRA=2.20:measured_thresh=-26.93:offset=-0.17:linear=true:print_format=json', '-ar', '44100', '/home/gerald/MusicProcessing/src/generated_files/Music/Abba/Waterloo/ABBA-Waterloo.mp3', '-y']
Traceback (most recent call last):
  File "/home/gerald/MusicProcessing/src/subprocess_utils.py", line 224, in subprocess_run
    process = subprocess.run(
              ^^^^^^^^^^^^^^^
  File "/usr/lib/python3.12/subprocess.py", line 571, in run
    raise CalledProcessError(retcode, process.args,
subprocess.CalledProcessError: Command '['ffmpeg', '-hide_banner', '-i', '/home/gerald/MusicProcessing/tests/Music/Abba/Waterloo/ABBA-Waterloo.mp3', '-id3v2_version', '3', '-af', 'loudnorm=I=-16.0:TP=-2.0:LRA=11.0:measured_I=-16.52:measured_TP=-3.42:measured_LRA=2.20:measured_thresh=-26.93:offset=-0.17:linear=true:print_format=json', '-ar', '44100', '/home/gerald/MusicProcessing/src/generated_files/Music/Abba/Waterloo/ABBA-Waterloo.mp3', '-y']' returned non-zero exit status 254.
Stack (most recent call last):
  File "<string>", line 206, in <module>
  File "<string>", line 187, in run_tests
  File "/usr/lib/python3.12/unittest/runner.py", line 240, in run
    test(result)
  File "/usr/lib/python3.12/unittest/suite.py", line 84, in __call__
    return self.run(*args, **kwds)
  File "/usr/lib/python3.12/unittest/suite.py", line 122, in run
    test(result)
  File "/usr/lib/python3.12/unittest/case.py", line 690, in __call__
    return self.run(*args, **kwds)
  File "/usr/lib/python3.12/unittest/case.py", line 634, in run
    self._callTestMethod(testMethod)
  File "/usr/lib/python3.12/unittest/case.py", line 589, in _callTestMethod
    if method() is not None:
  File "/home/gerald/MusicProcessing/tests/test_audio_normalization.py", line 169, in test_ebu_normalize_dynamic
    normalization.ebu_normalize_file(self.ebu_dynamic_src, show_spinner=False)
  File "/home/gerald/MusicProcessing/src/audio_normalize/audio_normalization.py", line 264, in ebu_normalize_file
    normalize_process = subprocess_utils.subprocess_run(normalize_command)
  File "/home/gerald/MusicProcessing/src/subprocess_utils.py", line 233, in subprocess_run
    logger.exception(f"CalledProcessError returncode: {cp_error.returncode} on command {cp_error.cmd}", stack_info=True)

2025-10-04 19:26:18,351 — src.audio_normalize.audio_normalization — ERROR — ebu_normalize_file:287 — Exception CalledProcessError while ebu normalizing audio file: /home/gerald/MusicProcessing/tests/Music/Abba/Waterloo/ABBA-Waterloo.mp3
Traceback (most recent call last):
  File "/home/gerald/MusicProcessing/src/audio_normalize/audio_normalization.py", line 264, in ebu_normalize_file
    normalize_process = subprocess_utils.subprocess_run(normalize_command)
                        ^^^^^^^^^^^^^^^^^^^^^^^^^^^^^^^^^^^^^^^^^^^^^^^^^^
  File "/home/gerald/MusicProcessing/src/subprocess_utils.py", line 234, in subprocess_run
    raise cp_error
  File "/home/gerald/MusicProcessing/src/subprocess_utils.py", line 224, in subprocess_run
    process = subprocess.run(
              ^^^^^^^^^^^^^^^
  File "/usr/lib/python3.12/subprocess.py", line 571, in run
    raise CalledProcessError(retcode, process.args,
subprocess.CalledProcessError: Command '['ffmpeg', '-hide_banner', '-i', '/home/gerald/MusicProcessing/tests/Music/Abba/Waterloo/ABBA-Waterloo.mp3', '-id3v2_version', '3', '-af', 'loudnorm=I=-16.0:TP=-2.0:LRA=11.0:measured_I=-16.52:measured_TP=-3.42:measured_LRA=2.20:measured_thresh=-26.93:offset=-0.17:linear=true:print_format=json', '-ar', '44100', '/home/gerald/MusicProcessing/src/generated_files/Music/Abba/Waterloo/ABBA-Waterloo.mp3', '-y']' returned non-zero exit status 254.
Stack (most recent call last):
  File "<string>", line 206, in <module>
  File "<string>", line 187, in run_tests
  File "/usr/lib/python3.12/unittest/runner.py", line 240, in run
    test(result)
  File "/usr/lib/python3.12/unittest/suite.py", line 84, in __call__
    return self.run(*args, **kwds)
  File "/usr/lib/python3.12/unittest/suite.py", line 122, in run
    test(result)
  File "/usr/lib/python3.12/unittest/case.py", line 690, in __call__
    return self.run(*args, **kwds)
  File "/usr/lib/python3.12/unittest/case.py", line 634, in run
    self._callTestMethod(testMethod)
  File "/usr/lib/python3.12/unittest/case.py", line 589, in _callTestMethod
    if method() is not None:
  File "/home/gerald/MusicProcessing/tests/test_audio_normalization.py", line 169, in test_ebu_normalize_dynamic
    normalization.ebu_normalize_file(self.ebu_dynamic_src, show_spinner=False)
  File "/home/gerald/MusicProcessing/src/audio_normalize/audio_normalization.py", line 287, in ebu_normalize_file
    logger.exception(f"Exception {type(e_error).__name__} while ebu normalizing audio file: {file_path}", stack_info=True)

2025-10-04 19:26:20,811 — src.audio_info.audio_metadata — ERROR — convert_file:385 — Exception MutagenError converting /home/gerald/MusicProcessing/tests/Music/NoMetadata/Here/No_tag_Crush-Live.mp3 to /home/gerald/MusicProcessing/src/generated_files/Music/NoMetadata/Here/No_tag_Crush-Live.mp3
Traceback (most recent call last):
  File "/home/gerald/.local/lib/python3.12/site-packages/mutagen/_util.py", line 251, in _openfile
    fileobj = open(filename, "rb+" if writable else "rb")
              ^^^^^^^^^^^^^^^^^^^^^^^^^^^^^^^^^^^^^^^^^^^
FileNotFoundError: [Errno 2] No such file or directory: '/home/gerald/MusicProcessing/src/generated_files/Music/NoMetadata/Here/No_tag_Crush-Live.mp3'

During handling of the above exception, another exception occurred:

Traceback (most recent call last):
  File "/home/gerald/MusicProcessing/src/audio_info/audio_metadata.py", line 362, in convert_file
    mp3_file = MP3(export_path, ID3=ID3, v2_version=3)
               ^^^^^^^^^^^^^^^^^^^^^^^^^^^^^^^^^^^^^^^
  File "/home/gerald/.local/lib/python3.12/site-packages/mutagen/_file.py", line 48, in __init__
    self.load(*args, **kwargs)
  File "/home/gerald/.local/lib/python3.12/site-packages/mutagen/_util.py", line 154, in wrapper
    with _openfile(self, filething, filename, fileobj,
  File "/usr/lib/python3.12/contextlib.py", line 137, in __enter__
    return next(self.gen)
           ^^^^^^^^^^^^^^
  File "/home/gerald/.local/lib/python3.12/site-packages/mutagen/_util.py", line 272, in _openfile
    raise MutagenError(e)
mutagen.MutagenError: [Errno 2] No such file or directory: '/home/gerald/MusicProcessing/src/generated_files/Music/NoMetadata/Here/No_tag_Crush-Live.mp3'
Stack (most recent call last):
  File "<string>", line 206, in <module>
  File "<string>", line 187, in run_tests
  File "/usr/lib/python3.12/unittest/runner.py", line 240, in run
    test(result)
  File "/usr/lib/python3.12/unittest/suite.py", line 84, in __call__
    return self.run(*args, **kwds)
  File "/usr/lib/python3.12/unittest/suite.py", line 122, in run
    test(result)
  File "/usr/lib/python3.12/unittest/case.py", line 690, in __call__
    return self.run(*args, **kwds)
  File "/usr/lib/python3.12/unittest/case.py", line 634, in run
    self._callTestMethod(testMethod)
  File "/usr/lib/python3.12/unittest/case.py", line 589, in _callTestMethod
    if method() is not None:
  File "/home/gerald/MusicProcessing/tests/test_audio_metadata.py", line 345, in test_convert_file_wo_metadata
    metadata.convert_file(no_metadata, show_spinner=False)
  File "/home/gerald/MusicProcessing/src/audio_info/audio_metadata.py", line 385, in convert_file
    logger.exception(f"Exception {type(e_error).__name__} converting {file_path} to {export_path}", stack_info=True)

2025-10-04 19:26:25,238 — src.dir_processing.directory_processing — ERROR — create_txt:136 — OSError No such file or directory writing data to /home/gerald/MusicProcessing/src/generated_files/result_files/convert_file.txt
Traceback (most recent call last):
  File "/home/gerald/MusicProcessing/src/dir_processing/directory_processing.py", line 129, in create_txt
    txt_outfile = open(txt_path, mode='w', encoding=UTF8, newline='')
                  ^^^^^^^^^^^^^^^^^^^^^^^^^^^^^^^^^^^^^^^^^^^^^^^^^^^
FileNotFoundError: [Errno 2] No such file or directory: '/home/gerald/MusicProcessing/src/generated_files/result_files/convert_file.txt'

2025-10-04 19:26:25,238 — src.audio_info.audio_metadata — ERROR — convert_file:385 — Exception FileNotFoundError converting /home/gerald/MusicProcessing/tests/ConvertedMusic/Abba/Waterloo/ABBA-Waterloo.mp3 to /home/gerald/MusicProcessing/src/generated_files/Music/Abba/Waterloo/ABBA-Waterloo.mp3
Traceback (most recent call last):
  File "/home/gerald/MusicProcessing/src/audio_info/audio_metadata.py", line 376, in convert_file
    directory.create_txt(txt_filename, data)
  File "/home/gerald/MusicProcessing/src/dir_processing/directory_processing.py", line 137, in create_txt
    raise os_error
  File "/home/gerald/MusicProcessing/src/dir_processing/directory_processing.py", line 129, in create_txt
    txt_outfile = open(txt_path, mode='w', encoding=UTF8, newline='')
                  ^^^^^^^^^^^^^^^^^^^^^^^^^^^^^^^^^^^^^^^^^^^^^^^^^^^
FileNotFoundError: [Errno 2] No such file or directory: '/home/gerald/MusicProcessing/src/generated_files/result_files/convert_file.txt'
Stack (most recent call last):
  File "<string>", line 206, in <module>
  File "<string>", line 187, in run_tests
  File "/usr/lib/python3.12/unittest/runner.py", line 240, in run
    test(result)
  File "/usr/lib/python3.12/unittest/suite.py", line 84, in __call__
    return self.run(*args, **kwds)
  File "/usr/lib/python3.12/unittest/suite.py", line 122, in run
    test(result)
  File "/usr/lib/python3.12/unittest/case.py", line 690, in __call__
    return self.run(*args, **kwds)
  File "/usr/lib/python3.12/unittest/case.py", line 634, in run
    self._callTestMethod(testMethod)
  File "/usr/lib/python3.12/unittest/case.py", line 589, in _callTestMethod
    if method() is not None:
  File "/home/gerald/MusicProcessing/tests/test_audio_metadata.py", line 360, in test_convert_walk
    metadata.convert_walk(self.converted, None, show_spinner=False)
  File "/home/gerald/MusicProcessing/src/audio_info/audio_metadata.py", line 423, in convert_walk
    self.convert_file(input_file_path, show_spinner)
  File "/home/gerald/MusicProcessing/src/audio_info/audio_metadata.py", line 385, in convert_file
    logger.exception(f"Exception {type(e_error).__name__} converting {file_path} to {export_path}", stack_info=True)

2025-10-04 19:26:25,239 — src.audio_info.audio_metadata — ERROR — convert_walk:431 — Exception FileNotFoundError walking /home/gerald/MusicProcessing/tests/ConvertedMusic to convert audio files to mp3
Traceback (most recent call last):
  File "/home/gerald/MusicProcessing/src/audio_info/audio_metadata.py", line 423, in convert_walk
    self.convert_file(input_file_path, show_spinner)
  File "/home/gerald/MusicProcessing/src/audio_info/audio_metadata.py", line 386, in convert_file
    raise e_error
  File "/home/gerald/MusicProcessing/src/audio_info/audio_metadata.py", line 376, in convert_file
    directory.create_txt(txt_filename, data)
  File "/home/gerald/MusicProcessing/src/dir_processing/directory_processing.py", line 137, in create_txt
    raise os_error
  File "/home/gerald/MusicProcessing/src/dir_processing/directory_processing.py", line 129, in create_txt
    txt_outfile = open(txt_path, mode='w', encoding=UTF8, newline='')
                  ^^^^^^^^^^^^^^^^^^^^^^^^^^^^^^^^^^^^^^^^^^^^^^^^^^^
FileNotFoundError: [Errno 2] No such file or directory: '/home/gerald/MusicProcessing/src/generated_files/result_files/convert_file.txt'
Stack (most recent call last):
  File "<string>", line 206, in <module>
  File "<string>", line 187, in run_tests
  File "/usr/lib/python3.12/unittest/runner.py", line 240, in run
    test(result)
  File "/usr/lib/python3.12/unittest/suite.py", line 84, in __call__
    return self.run(*args, **kwds)
  File "/usr/lib/python3.12/unittest/suite.py", line 122, in run
    test(result)
  File "/usr/lib/python3.12/unittest/case.py", line 690, in __call__
    return self.run(*args, **kwds)
  File "/usr/lib/python3.12/unittest/case.py", line 634, in run
    self._callTestMethod(testMethod)
  File "/usr/lib/python3.12/unittest/case.py", line 589, in _callTestMethod
    if method() is not None:
  File "/home/gerald/MusicProcessing/tests/test_audio_metadata.py", line 360, in test_convert_walk
    metadata.convert_walk(self.converted, None, show_spinner=False)
  File "/home/gerald/MusicProcessing/src/audio_info/audio_metadata.py", line 431, in convert_walk
    logger.exception(exc_msg, stack_info=True)

2025-10-04 19:26:29,724 — src.dir_processing.directory_processing — ERROR — create_txt:136 — OSError No such file or directory writing data to /home/gerald/MusicProcessing/src/generated_files/result_files/convert_file.txt
Traceback (most recent call last):
  File "/home/gerald/MusicProcessing/src/dir_processing/directory_processing.py", line 129, in create_txt
    txt_outfile = open(txt_path, mode='w', encoding=UTF8, newline='')
                  ^^^^^^^^^^^^^^^^^^^^^^^^^^^^^^^^^^^^^^^^^^^^^^^^^^^
FileNotFoundError: [Errno 2] No such file or directory: '/home/gerald/MusicProcessing/src/generated_files/result_files/convert_file.txt'

2025-10-04 19:26:29,725 — src.audio_info.audio_metadata — ERROR — convert_file:385 — Exception FileNotFoundError converting /home/gerald/MusicProcessing/tests/ConvertedMusic/Abba/Waterloo/ABBA-Waterloo.mp3 to /home/gerald/MusicProcessing/src/generated_files/Music/Abba/Waterloo/ABBA-Waterloo.mp3
Traceback (most recent call last):
  File "/home/gerald/MusicProcessing/src/audio_info/audio_metadata.py", line 376, in convert_file
    directory.create_txt(txt_filename, data)
  File "/home/gerald/MusicProcessing/src/dir_processing/directory_processing.py", line 137, in create_txt
    raise os_error
  File "/home/gerald/MusicProcessing/src/dir_processing/directory_processing.py", line 129, in create_txt
    txt_outfile = open(txt_path, mode='w', encoding=UTF8, newline='')
                  ^^^^^^^^^^^^^^^^^^^^^^^^^^^^^^^^^^^^^^^^^^^^^^^^^^^
FileNotFoundError: [Errno 2] No such file or directory: '/home/gerald/MusicProcessing/src/generated_files/result_files/convert_file.txt'
Stack (most recent call last):
  File "<string>", line 206, in <module>
  File "<string>", line 187, in run_tests
  File "/usr/lib/python3.12/unittest/runner.py", line 240, in run
    test(result)
  File "/usr/lib/python3.12/unittest/suite.py", line 84, in __call__
    return self.run(*args, **kwds)
  File "/usr/lib/python3.12/unittest/suite.py", line 122, in run
    test(result)
  File "/usr/lib/python3.12/unittest/case.py", line 690, in __call__
    return self.run(*args, **kwds)
  File "/usr/lib/python3.12/unittest/case.py", line 634, in run
    self._callTestMethod(testMethod)
  File "/usr/lib/python3.12/unittest/case.py", line 589, in _callTestMethod
    if method() is not None:
  File "/home/gerald/MusicProcessing/tests/test_audio_metadata.py", line 375, in test_convert_walk_pattern
    metadata.convert_walk(self.converted, self.mp3_pattern, show_spinner=False)
  File "/home/gerald/MusicProcessing/src/audio_info/audio_metadata.py", line 423, in convert_walk
    self.convert_file(input_file_path, show_spinner)
  File "/home/gerald/MusicProcessing/src/audio_info/audio_metadata.py", line 385, in convert_file
    logger.exception(f"Exception {type(e_error).__name__} converting {file_path} to {export_path}", stack_info=True)

2025-10-04 19:26:29,726 — src.audio_info.audio_metadata — ERROR — convert_walk:431 — Exception FileNotFoundError walking /home/gerald/MusicProcessing/tests/ConvertedMusic to convert .mp3 audio files to mp3
Traceback (most recent call last):
  File "/home/gerald/MusicProcessing/src/audio_info/audio_metadata.py", line 423, in convert_walk
    self.convert_file(input_file_path, show_spinner)
  File "/home/gerald/MusicProcessing/src/audio_info/audio_metadata.py", line 386, in convert_file
    raise e_error
  File "/home/gerald/MusicProcessing/src/audio_info/audio_metadata.py", line 376, in convert_file
    directory.create_txt(txt_filename, data)
  File "/home/gerald/MusicProcessing/src/dir_processing/directory_processing.py", line 137, in create_txt
    raise os_error
  File "/home/gerald/MusicProcessing/src/dir_processing/directory_processing.py", line 129, in create_txt
    txt_outfile = open(txt_path, mode='w', encoding=UTF8, newline='')
                  ^^^^^^^^^^^^^^^^^^^^^^^^^^^^^^^^^^^^^^^^^^^^^^^^^^^
FileNotFoundError: [Errno 2] No such file or directory: '/home/gerald/MusicProcessing/src/generated_files/result_files/convert_file.txt'
Stack (most recent call last):
  File "<string>", line 206, in <module>
  File "<string>", line 187, in run_tests
  File "/usr/lib/python3.12/unittest/runner.py", line 240, in run
    test(result)
  File "/usr/lib/python3.12/unittest/suite.py", line 84, in __call__
    return self.run(*args, **kwds)
  File "/usr/lib/python3.12/unittest/suite.py", line 122, in run
    test(result)
  File "/usr/lib/python3.12/unittest/case.py", line 690, in __call__
    return self.run(*args, **kwds)
  File "/usr/lib/python3.12/unittest/case.py", line 634, in run
    self._callTestMethod(testMethod)
  File "/usr/lib/python3.12/unittest/case.py", line 589, in _callTestMethod
    if method() is not None:
  File "/home/gerald/MusicProcessing/tests/test_audio_metadata.py", line 375, in test_convert_walk_pattern
    metadata.convert_walk(self.converted, self.mp3_pattern, show_spinner=False)
  File "/home/gerald/MusicProcessing/src/audio_info/audio_metadata.py", line 431, in convert_walk
    logger.exception(exc_msg, stack_info=True)

2025-10-04 19:26:29,731 — src.audio_info.audio_metadata — WARNING — convert_walk:406 — Pattern .m3u is not for a valid audio file

2025-10-04 19:26:29,732 — src.audio_info.audio_metadata — ERROR — create_album_dir:534 — Exception FileNotFoundError creating sub-dirs for /home/gerald/MusicProcessing/tests/PreppedMusic
Traceback (most recent call last):
  File "/home/gerald/MusicProcessing/src/audio_info/audio_metadata.py", line 456, in create_album_dir
    tld_content = os.listdir(start_path)
                  ^^^^^^^^^^^^^^^^^^^^^^
FileNotFoundError: [Errno 2] No such file or directory: '/home/gerald/MusicProcessing/tests/PreppedMusic'
Stack (most recent call last):
  File "<string>", line 206, in <module>
  File "<string>", line 187, in run_tests
  File "/usr/lib/python3.12/unittest/runner.py", line 240, in run
    test(result)
  File "/usr/lib/python3.12/unittest/suite.py", line 84, in __call__
    return self.run(*args, **kwds)
  File "/usr/lib/python3.12/unittest/suite.py", line 122, in run
    test(result)
  File "/usr/lib/python3.12/unittest/case.py", line 690, in __call__
    return self.run(*args, **kwds)
  File "/usr/lib/python3.12/unittest/case.py", line 634, in run
    self._callTestMethod(testMethod)
  File "/usr/lib/python3.12/unittest/case.py", line 589, in _callTestMethod
    if method() is not None:
  File "/home/gerald/MusicProcessing/tests/test_audio_metadata.py", line 400, in test_create_album_dir
    metadata.create_album_dir(self.prepped)
  File "/home/gerald/MusicProcessing/src/audio_info/audio_metadata.py", line 534, in create_album_dir
    logger.exception(f"Exception {type(e_error).__name__} creating sub-dirs for {start_path}", stack_info=True)

2025-10-04 19:26:30,456 — src.dir_processing.directory_processing — ERROR — create_txt:136 — OSError No such file or directory writing data to /home/gerald/MusicProcessing/src/generated_files/result_files/get_media_info_walk.txt
Traceback (most recent call last):
  File "/home/gerald/MusicProcessing/src/dir_processing/directory_processing.py", line 129, in create_txt
    txt_outfile = open(txt_path, mode='w', encoding=UTF8, newline='')
                  ^^^^^^^^^^^^^^^^^^^^^^^^^^^^^^^^^^^^^^^^^^^^^^^^^^^
FileNotFoundError: [Errno 2] No such file or directory: '/home/gerald/MusicProcessing/src/generated_files/result_files/get_media_info_walk.txt'

2025-10-04 19:26:30,456 — src.audio_info.audio_metadata — ERROR — get_media_info_walk:720 — Exception FileNotFoundError getting media info for file /home/gerald/MusicProcessing/tests/ConvertedMusic/Creedence Clearwater Revival/Chronicle, Vol. 1/Creedence Clearwater Revival-Fortunate Son.wma
Traceback (most recent call last):
  File "/home/gerald/MusicProcessing/src/audio_info/audio_metadata.py", line 715, in get_media_info_walk
    directory.create_txt(txt_filename, data)
  File "/home/gerald/MusicProcessing/src/dir_processing/directory_processing.py", line 137, in create_txt
    raise os_error
  File "/home/gerald/MusicProcessing/src/dir_processing/directory_processing.py", line 129, in create_txt
    txt_outfile = open(txt_path, mode='w', encoding=UTF8, newline='')
                  ^^^^^^^^^^^^^^^^^^^^^^^^^^^^^^^^^^^^^^^^^^^^^^^^^^^
FileNotFoundError: [Errno 2] No such file or directory: '/home/gerald/MusicProcessing/src/generated_files/result_files/get_media_info_walk.txt'

2025-10-04 19:26:30,458 — src.dir_processing.directory_processing — ERROR — create_txt:136 — OSError No such file or directory writing data to /home/gerald/MusicProcessing/src/generated_files/result_files/get_media_info_walk.txt
Traceback (most recent call last):
  File "/home/gerald/MusicProcessing/src/dir_processing/directory_processing.py", line 129, in create_txt
    txt_outfile = open(txt_path, mode='w', encoding=UTF8, newline='')
                  ^^^^^^^^^^^^^^^^^^^^^^^^^^^^^^^^^^^^^^^^^^^^^^^^^^^
FileNotFoundError: [Errno 2] No such file or directory: '/home/gerald/MusicProcessing/src/generated_files/result_files/get_media_info_walk.txt'

2025-10-04 19:26:30,624 — src.dir_processing.directory_processing — ERROR — create_txt:136 — OSError No such file or directory writing data to /home/gerald/MusicProcessing/src/generated_files/result_files/get_media_info_walk.txt
Traceback (most recent call last):
  File "/home/gerald/MusicProcessing/src/dir_processing/directory_processing.py", line 129, in create_txt
    txt_outfile = open(txt_path, mode='w', encoding=UTF8, newline='')
                  ^^^^^^^^^^^^^^^^^^^^^^^^^^^^^^^^^^^^^^^^^^^^^^^^^^^
FileNotFoundError: [Errno 2] No such file or directory: '/home/gerald/MusicProcessing/src/generated_files/result_files/get_media_info_walk.txt'

2025-10-04 19:26:30,625 — src.audio_info.audio_metadata — ERROR — get_media_info_walk:720 — Exception FileNotFoundError getting media info for file /home/gerald/MusicProcessing/tests/ConvertedMusic/Abba/Waterloo/ABBA-Waterloo.mp3
Traceback (most recent call last):
  File "/home/gerald/MusicProcessing/src/audio_info/audio_metadata.py", line 715, in get_media_info_walk
    directory.create_txt(txt_filename, data)
  File "/home/gerald/MusicProcessing/src/dir_processing/directory_processing.py", line 137, in create_txt
    raise os_error
  File "/home/gerald/MusicProcessing/src/dir_processing/directory_processing.py", line 129, in create_txt
    txt_outfile = open(txt_path, mode='w', encoding=UTF8, newline='')
                  ^^^^^^^^^^^^^^^^^^^^^^^^^^^^^^^^^^^^^^^^^^^^^^^^^^^
FileNotFoundError: [Errno 2] No such file or directory: '/home/gerald/MusicProcessing/src/generated_files/result_files/get_media_info_walk.txt'

2025-10-04 19:26:30,814 — src.audio_info.audio_metadata — ERROR — get_media_tags:762 — JSONDecodeError decoding JSON output from ffprobe
Traceback (most recent call last):
  File "/home/gerald/MusicProcessing/src/audio_info/audio_metadata.py", line 756, in get_media_tags
    data = json.loads(result.stdout)
           ^^^^^^^^^^^^^^^^^^^^^^^^^
  File "/usr/lib/python3.12/json/__init__.py", line 346, in loads
    return _default_decoder.decode(s)
           ^^^^^^^^^^^^^^^^^^^^^^^^^^
  File "/usr/lib/python3.12/json/decoder.py", line 337, in decode
    obj, end = self.raw_decode(s, idx=_w(s, 0).end())
               ^^^^^^^^^^^^^^^^^^^^^^^^^^^^^^^^^^^^^^
  File "/usr/lib/python3.12/json/decoder.py", line 353, in raw_decode
    obj, end = self.scan_once(s, idx)
               ^^^^^^^^^^^^^^^^^^^^^^
json.decoder.JSONDecodeError: Expecting ',' delimiter: line 18 column 1 (char 249)

2025-10-04 19:26:31,184 — src.dir_processing.directory_processing — ERROR — create_txt:136 — OSError No such file or directory writing data to /home/gerald/MusicProcessing/src/generated_files/result_files/get_tags_walk.txt
Traceback (most recent call last):
  File "/home/gerald/MusicProcessing/src/dir_processing/directory_processing.py", line 129, in create_txt
    txt_outfile = open(txt_path, mode='w', encoding=UTF8, newline='')
                  ^^^^^^^^^^^^^^^^^^^^^^^^^^^^^^^^^^^^^^^^^^^^^^^^^^^
FileNotFoundError: [Errno 2] No such file or directory: '/home/gerald/MusicProcessing/src/generated_files/result_files/get_tags_walk.txt'

2025-10-04 19:26:31,185 — src.audio_info.audio_metadata — ERROR — get_tags_walk:862 — Exception FileNotFoundError getting tags for file /home/gerald/MusicProcessing/tests/ConvertedMusic
Traceback (most recent call last):
  File "/home/gerald/MusicProcessing/src/audio_info/audio_metadata.py", line 859, in get_tags_walk
    directory.create_txt(txt_filename, data)
  File "/home/gerald/MusicProcessing/src/dir_processing/directory_processing.py", line 137, in create_txt
    raise os_error
  File "/home/gerald/MusicProcessing/src/dir_processing/directory_processing.py", line 129, in create_txt
    txt_outfile = open(txt_path, mode='w', encoding=UTF8, newline='')
                  ^^^^^^^^^^^^^^^^^^^^^^^^^^^^^^^^^^^^^^^^^^^^^^^^^^^
FileNotFoundError: [Errno 2] No such file or directory: '/home/gerald/MusicProcessing/src/generated_files/result_files/get_tags_walk.txt'
Stack (most recent call last):
  File "<string>", line 206, in <module>
  File "<string>", line 187, in run_tests
  File "/usr/lib/python3.12/unittest/runner.py", line 240, in run
    test(result)
  File "/usr/lib/python3.12/unittest/suite.py", line 84, in __call__
    return self.run(*args, **kwds)
  File "/usr/lib/python3.12/unittest/suite.py", line 122, in run
    test(result)
  File "/usr/lib/python3.12/unittest/case.py", line 690, in __call__
    return self.run(*args, **kwds)
  File "/usr/lib/python3.12/unittest/case.py", line 634, in run
    self._callTestMethod(testMethod)
  File "/usr/lib/python3.12/unittest/case.py", line 589, in _callTestMethod
    if method() is not None:
  File "/home/gerald/MusicProcessing/tests/test_audio_metadata.py", line 623, in test_get_tags_walk
    metadata.get_tags_walk(self.converted, MP3_EXT, ffprobe=True)
  File "/home/gerald/MusicProcessing/src/audio_info/audio_metadata.py", line 862, in get_tags_walk
    logger.exception(f"Exception {type(e_error).__name__} getting tags for file {file_path}", stack_info=True)

2025-10-04 19:26:31,703 — src.dir_processing.directory_processing — ERROR — create_txt:136 — OSError No such file or directory writing data to /home/gerald/MusicProcessing/src/generated_files/result_files/get_tags_walk.txt
Traceback (most recent call last):
  File "/home/gerald/MusicProcessing/src/dir_processing/directory_processing.py", line 129, in create_txt
    txt_outfile = open(txt_path, mode='w', encoding=UTF8, newline='')
                  ^^^^^^^^^^^^^^^^^^^^^^^^^^^^^^^^^^^^^^^^^^^^^^^^^^^
FileNotFoundError: [Errno 2] No such file or directory: '/home/gerald/MusicProcessing/src/generated_files/result_files/get_tags_walk.txt'

2025-10-04 19:26:31,704 — src.audio_info.audio_metadata — ERROR — get_tags_walk:862 — Exception FileNotFoundError getting tags for file /home/gerald/MusicProcessing/tests/ConvertedMusic
Traceback (most recent call last):
  File "/home/gerald/MusicProcessing/src/audio_info/audio_metadata.py", line 859, in get_tags_walk
    directory.create_txt(txt_filename, data)
  File "/home/gerald/MusicProcessing/src/dir_processing/directory_processing.py", line 137, in create_txt
    raise os_error
  File "/home/gerald/MusicProcessing/src/dir_processing/directory_processing.py", line 129, in create_txt
    txt_outfile = open(txt_path, mode='w', encoding=UTF8, newline='')
                  ^^^^^^^^^^^^^^^^^^^^^^^^^^^^^^^^^^^^^^^^^^^^^^^^^^^
FileNotFoundError: [Errno 2] No such file or directory: '/home/gerald/MusicProcessing/src/generated_files/result_files/get_tags_walk.txt'
Stack (most recent call last):
  File "<string>", line 206, in <module>
  File "<string>", line 187, in run_tests
  File "/usr/lib/python3.12/unittest/runner.py", line 240, in run
    test(result)
  File "/usr/lib/python3.12/unittest/suite.py", line 84, in __call__
    return self.run(*args, **kwds)
  File "/usr/lib/python3.12/unittest/suite.py", line 122, in run
    test(result)
  File "/usr/lib/python3.12/unittest/case.py", line 690, in __call__
    return self.run(*args, **kwds)
  File "/usr/lib/python3.12/unittest/case.py", line 634, in run
    self._callTestMethod(testMethod)
  File "/usr/lib/python3.12/unittest/case.py", line 589, in _callTestMethod
    if method() is not None:
  File "/home/gerald/MusicProcessing/tests/test_audio_metadata.py", line 640, in test_get_tags_walk_ffprobe
    metadata.get_tags_walk(self.converted, None, ffprobe=True)
  File "/home/gerald/MusicProcessing/src/audio_info/audio_metadata.py", line 862, in get_tags_walk
    logger.exception(f"Exception {type(e_error).__name__} getting tags for file {file_path}", stack_info=True)

2025-10-04 19:26:31,712 — src.dir_processing.directory_processing — ERROR — create_txt:136 — OSError No such file or directory writing data to /home/gerald/MusicProcessing/src/generated_files/result_files/get_tags_walk.txt
Traceback (most recent call last):
  File "/home/gerald/MusicProcessing/src/dir_processing/directory_processing.py", line 129, in create_txt
    txt_outfile = open(txt_path, mode='w', encoding=UTF8, newline='')
                  ^^^^^^^^^^^^^^^^^^^^^^^^^^^^^^^^^^^^^^^^^^^^^^^^^^^
FileNotFoundError: [Errno 2] No such file or directory: '/home/gerald/MusicProcessing/src/generated_files/result_files/get_tags_walk.txt'

2025-10-04 19:26:31,713 — src.audio_info.audio_metadata — ERROR — get_tags_walk:862 — Exception FileNotFoundError getting tags for file /home/gerald/MusicProcessing/tests/ConvertedMusic
Traceback (most recent call last):
  File "/home/gerald/MusicProcessing/src/audio_info/audio_metadata.py", line 859, in get_tags_walk
    directory.create_txt(txt_filename, data)
  File "/home/gerald/MusicProcessing/src/dir_processing/directory_processing.py", line 137, in create_txt
    raise os_error
  File "/home/gerald/MusicProcessing/src/dir_processing/directory_processing.py", line 129, in create_txt
    txt_outfile = open(txt_path, mode='w', encoding=UTF8, newline='')
                  ^^^^^^^^^^^^^^^^^^^^^^^^^^^^^^^^^^^^^^^^^^^^^^^^^^^
FileNotFoundError: [Errno 2] No such file or directory: '/home/gerald/MusicProcessing/src/generated_files/result_files/get_tags_walk.txt'
Stack (most recent call last):
  File "<string>", line 206, in <module>
  File "<string>", line 187, in run_tests
  File "/usr/lib/python3.12/unittest/runner.py", line 240, in run
    test(result)
  File "/usr/lib/python3.12/unittest/suite.py", line 84, in __call__
    return self.run(*args, **kwds)
  File "/usr/lib/python3.12/unittest/suite.py", line 122, in run
    test(result)
  File "/usr/lib/python3.12/unittest/case.py", line 690, in __call__
    return self.run(*args, **kwds)
  File "/usr/lib/python3.12/unittest/case.py", line 634, in run
    self._callTestMethod(testMethod)
  File "/usr/lib/python3.12/unittest/case.py", line 589, in _callTestMethod
    if method() is not None:
  File "/home/gerald/MusicProcessing/tests/test_audio_metadata.py", line 659, in test_get_tags_walk_mutagen
    metadata.get_tags_walk(self.converted, None)
  File "/home/gerald/MusicProcessing/src/audio_info/audio_metadata.py", line 862, in get_tags_walk
    logger.exception(f"Exception {type(e_error).__name__} getting tags for file {file_path}", stack_info=True)

2025-10-04 19:26:32,432 — src.subprocess_utils — ERROR — subprocess_run:233 — CalledProcessError returncode: 254 on command ['ffmpeg', '-hide_banner', '-i', '/home/gerald/MusicProcessing/tests/Music/Crush/Here/Crush-Live.mp3', '-id3v2_version', '3', '-af', 'loudnorm=I=-16.0:TP=-2.0:LRA=11.0:measured_I=-16.77:measured_TP=-6.66:measured_LRA=8.10:measured_thresh=-26.99:offset=-0.64:linear=true:print_format=json', '-ar', '44100', '/home/gerald/MusicProcessing/src/generated_files/Music/Crush/Here/Crush-Live.mp3', '-y']
Traceback (most recent call last):
  File "/home/gerald/MusicProcessing/src/subprocess_utils.py", line 224, in subprocess_run
    process = subprocess.run(
              ^^^^^^^^^^^^^^^
  File "/usr/lib/python3.12/subprocess.py", line 571, in run
    raise CalledProcessError(retcode, process.args,
subprocess.CalledProcessError: Command '['ffmpeg', '-hide_banner', '-i', '/home/gerald/MusicProcessing/tests/Music/Crush/Here/Crush-Live.mp3', '-id3v2_version', '3', '-af', 'loudnorm=I=-16.0:TP=-2.0:LRA=11.0:measured_I=-16.77:measured_TP=-6.66:measured_LRA=8.10:measured_thresh=-26.99:offset=-0.64:linear=true:print_format=json', '-ar', '44100', '/home/gerald/MusicProcessing/src/generated_files/Music/Crush/Here/Crush-Live.mp3', '-y']' returned non-zero exit status 254.
Stack (most recent call last):
  File "<string>", line 206, in <module>
  File "<string>", line 187, in run_tests
  File "/usr/lib/python3.12/unittest/runner.py", line 240, in run
    test(result)
  File "/usr/lib/python3.12/unittest/suite.py", line 84, in __call__
    return self.run(*args, **kwds)
  File "/usr/lib/python3.12/unittest/suite.py", line 122, in run
    test(result)
  File "/usr/lib/python3.12/unittest/case.py", line 690, in __call__
    return self.run(*args, **kwds)
  File "/usr/lib/python3.12/unittest/case.py", line 634, in run
    self._callTestMethod(testMethod)
  File "/usr/lib/python3.12/unittest/case.py", line 589, in _callTestMethod
    if method() is not None:
  File "/home/gerald/MusicProcessing/tests/test_audio_normalization.py", line 178, in test_ebu_normalize_linear
    normalization.ebu_normalize_file(self.ebu_linear_src, show_spinner=False)
  File "/home/gerald/MusicProcessing/src/audio_normalize/audio_normalization.py", line 264, in ebu_normalize_file
    normalize_process = subprocess_utils.subprocess_run(normalize_command)
  File "/home/gerald/MusicProcessing/src/subprocess_utils.py", line 233, in subprocess_run
    logger.exception(f"CalledProcessError returncode: {cp_error.returncode} on command {cp_error.cmd}", stack_info=True)

2025-10-04 19:26:32,432 — src.audio_normalize.audio_normalization — ERROR — ebu_normalize_file:287 — Exception CalledProcessError while ebu normalizing audio file: /home/gerald/MusicProcessing/tests/Music/Crush/Here/Crush-Live.mp3
Traceback (most recent call last):
  File "/home/gerald/MusicProcessing/src/audio_normalize/audio_normalization.py", line 264, in ebu_normalize_file
    normalize_process = subprocess_utils.subprocess_run(normalize_command)
                        ^^^^^^^^^^^^^^^^^^^^^^^^^^^^^^^^^^^^^^^^^^^^^^^^^^
  File "/home/gerald/MusicProcessing/src/subprocess_utils.py", line 234, in subprocess_run
    raise cp_error
  File "/home/gerald/MusicProcessing/src/subprocess_utils.py", line 224, in subprocess_run
    process = subprocess.run(
              ^^^^^^^^^^^^^^^
  File "/usr/lib/python3.12/subprocess.py", line 571, in run
    raise CalledProcessError(retcode, process.args,
subprocess.CalledProcessError: Command '['ffmpeg', '-hide_banner', '-i', '/home/gerald/MusicProcessing/tests/Music/Crush/Here/Crush-Live.mp3', '-id3v2_version', '3', '-af', 'loudnorm=I=-16.0:TP=-2.0:LRA=11.0:measured_I=-16.77:measured_TP=-6.66:measured_LRA=8.10:measured_thresh=-26.99:offset=-0.64:linear=true:print_format=json', '-ar', '44100', '/home/gerald/MusicProcessing/src/generated_files/Music/Crush/Here/Crush-Live.mp3', '-y']' returned non-zero exit status 254.
Stack (most recent call last):
  File "<string>", line 206, in <module>
  File "<string>", line 187, in run_tests
  File "/usr/lib/python3.12/unittest/runner.py", line 240, in run
    test(result)
  File "/usr/lib/python3.12/unittest/suite.py", line 84, in __call__
    return self.run(*args, **kwds)
  File "/usr/lib/python3.12/unittest/suite.py", line 122, in run
    test(result)
  File "/usr/lib/python3.12/unittest/case.py", line 690, in __call__
    return self.run(*args, **kwds)
  File "/usr/lib/python3.12/unittest/case.py", line 634, in run
    self._callTestMethod(testMethod)
  File "/usr/lib/python3.12/unittest/case.py", line 589, in _callTestMethod
    if method() is not None:
  File "/home/gerald/MusicProcessing/tests/test_audio_normalization.py", line 178, in test_ebu_normalize_linear
    normalization.ebu_normalize_file(self.ebu_linear_src, show_spinner=False)
  File "/home/gerald/MusicProcessing/src/audio_normalize/audio_normalization.py", line 287, in ebu_normalize_file
    logger.exception(f"Exception {type(e_error).__name__} while ebu normalizing audio file: {file_path}", stack_info=True)

2025-10-04 19:26:32,590 — src.audio_normalize.audio_normalization — ERROR — get_bit_rate:328 — JSONDecodeError decoding JSON output from ffprobe on audio file: /home/gerald/MusicProcessing/tests/Music/Crush/Here/Crush-Live.mp3
Traceback (most recent call last):
  File "/home/gerald/MusicProcessing/src/audio_normalize/audio_normalization.py", line 319, in get_bit_rate
    data = json.loads(result.stdout)
           ^^^^^^^^^^^^^^^^^^^^^^^^^
  File "/usr/lib/python3.12/json/__init__.py", line 346, in loads
    return _default_decoder.decode(s)
           ^^^^^^^^^^^^^^^^^^^^^^^^^^
  File "/usr/lib/python3.12/json/decoder.py", line 337, in decode
    obj, end = self.raw_decode(s, idx=_w(s, 0).end())
               ^^^^^^^^^^^^^^^^^^^^^^^^^^^^^^^^^^^^^^
  File "/usr/lib/python3.12/json/decoder.py", line 353, in raw_decode
    obj, end = self.scan_once(s, idx)
               ^^^^^^^^^^^^^^^^^^^^^^
json.decoder.JSONDecodeError: Expecting ',' delimiter: line 1 column 34 (char 33)

2025-10-04 19:26:32,738 — src.audio_normalize.audio_normalization — ERROR — get_sample_rate:377 — JSONDecodeError decoding JSON output from ffprobe on audio file: /home/gerald/MusicProcessing/tests/Music/Abba/Waterloo/ABBA-Waterloo.mp3
Traceback (most recent call last):
  File "/home/gerald/MusicProcessing/src/audio_normalize/audio_normalization.py", line 368, in get_sample_rate
    data = json.loads(result.stdout)
           ^^^^^^^^^^^^^^^^^^^^^^^^^
  File "/usr/lib/python3.12/json/__init__.py", line 346, in loads
    return _default_decoder.decode(s)
           ^^^^^^^^^^^^^^^^^^^^^^^^^^
  File "/usr/lib/python3.12/json/decoder.py", line 337, in decode
    obj, end = self.raw_decode(s, idx=_w(s, 0).end())
               ^^^^^^^^^^^^^^^^^^^^^^^^^^^^^^^^^^^^^^
  File "/usr/lib/python3.12/json/decoder.py", line 353, in raw_decode
    obj, end = self.scan_once(s, idx)
               ^^^^^^^^^^^^^^^^^^^^^^
json.decoder.JSONDecodeError: Expecting ',' delimiter: line 1 column 76 (char 75)

2025-10-04 19:26:33,415 — src.subprocess_utils — ERROR — subprocess_run:233 — CalledProcessError returncode: 183 on command ['ffmpeg', '-hide_banner', '-i', '/home/gerald/MusicProcessing/tests/Music/test.m3u', '-filter:a', 'volumedetect', '-f', 'null', '-']
Traceback (most recent call last):
  File "/home/gerald/MusicProcessing/src/subprocess_utils.py", line 224, in subprocess_run
    process = subprocess.run(
              ^^^^^^^^^^^^^^^
  File "/usr/lib/python3.12/subprocess.py", line 571, in run
    raise CalledProcessError(retcode, process.args,
subprocess.CalledProcessError: Command '['ffmpeg', '-hide_banner', '-i', '/home/gerald/MusicProcessing/tests/Music/test.m3u', '-filter:a', 'volumedetect', '-f', 'null', '-']' returned non-zero exit status 183.
Stack (most recent call last):
  File "<string>", line 206, in <module>
  File "<string>", line 187, in run_tests
  File "/usr/lib/python3.12/unittest/runner.py", line 240, in run
    test(result)
  File "/usr/lib/python3.12/unittest/suite.py", line 84, in __call__
    return self.run(*args, **kwds)
  File "/usr/lib/python3.12/unittest/suite.py", line 122, in run
    test(result)
  File "/usr/lib/python3.12/unittest/case.py", line 690, in __call__
    return self.run(*args, **kwds)
  File "/usr/lib/python3.12/unittest/case.py", line 634, in run
    self._callTestMethod(testMethod)
  File "/usr/lib/python3.12/unittest/case.py", line 589, in _callTestMethod
    if method() is not None:
  File "/home/gerald/MusicProcessing/tests/test_audio_normalization.py", line 323, in test_get_volume_info_invalid_file
    volumes = normalization.get_volume_info(self.vol_err_src)
  File "/home/gerald/MusicProcessing/src/audio_normalize/audio_normalization.py", line 414, in get_volume_info
    process = subprocess_utils.subprocess_run(command)
  File "/home/gerald/MusicProcessing/src/subprocess_utils.py", line 233, in subprocess_run
    logger.exception(f"CalledProcessError returncode: {cp_error.returncode} on command {cp_error.cmd}", stack_info=True)

2025-10-04 19:26:33,416 — src.audio_normalize.audio_normalization — ERROR — get_volume_info:432 — Exception CalledProcessError getting volume for file /home/gerald/MusicProcessing/tests/Music/test.m3u
Traceback (most recent call last):
  File "/home/gerald/MusicProcessing/src/audio_normalize/audio_normalization.py", line 414, in get_volume_info
    process = subprocess_utils.subprocess_run(command)
              ^^^^^^^^^^^^^^^^^^^^^^^^^^^^^^^^^^^^^^^^
  File "/home/gerald/MusicProcessing/src/subprocess_utils.py", line 234, in subprocess_run
    raise cp_error
  File "/home/gerald/MusicProcessing/src/subprocess_utils.py", line 224, in subprocess_run
    process = subprocess.run(
              ^^^^^^^^^^^^^^^
  File "/usr/lib/python3.12/subprocess.py", line 571, in run
    raise CalledProcessError(retcode, process.args,
subprocess.CalledProcessError: Command '['ffmpeg', '-hide_banner', '-i', '/home/gerald/MusicProcessing/tests/Music/test.m3u', '-filter:a', 'volumedetect', '-f', 'null', '-']' returned non-zero exit status 183.
Stack (most recent call last):
  File "<string>", line 206, in <module>
  File "<string>", line 187, in run_tests
  File "/usr/lib/python3.12/unittest/runner.py", line 240, in run
    test(result)
  File "/usr/lib/python3.12/unittest/suite.py", line 84, in __call__
    return self.run(*args, **kwds)
  File "/usr/lib/python3.12/unittest/suite.py", line 122, in run
    test(result)
  File "/usr/lib/python3.12/unittest/case.py", line 690, in __call__
    return self.run(*args, **kwds)
  File "/usr/lib/python3.12/unittest/case.py", line 634, in run
    self._callTestMethod(testMethod)
  File "/usr/lib/python3.12/unittest/case.py", line 589, in _callTestMethod
    if method() is not None:
  File "/home/gerald/MusicProcessing/tests/test_audio_normalization.py", line 323, in test_get_volume_info_invalid_file
    volumes = normalization.get_volume_info(self.vol_err_src)
  File "/home/gerald/MusicProcessing/src/audio_normalize/audio_normalization.py", line 432, in get_volume_info
    logger.exception(f"Exception {type(e_error).__name__} getting volume for file {file_path}", stack_info=True)

2025-10-04 19:26:33,417 — src.audio_normalize.audio_normalization — ERROR — __loudnorm_json_parse:113 — JSONDecodeError parsing 
{
	"input_i" : "-16.52",
	"input_tp" : "-3.42",
	"input_lra" : "2.20",
	"input_thresh" : "-26.93",
	"output_i" : "-15.83",
	"output_tp" : "-2.00",
	"output_lra" : "1.40",
	"output_thresh" : "-26.03",
	"normalization_type" : "dynamic",
	"target_offset" : "-0.17"
}
}
Traceback (most recent call last):
  File "/home/gerald/MusicProcessing/src/audio_normalize/audio_normalization.py", line 110, in __loudnorm_json_parse
    output_data = json.loads(json_string)
                  ^^^^^^^^^^^^^^^^^^^^^^^
  File "/usr/lib/python3.12/json/__init__.py", line 346, in loads
    return _default_decoder.decode(s)
           ^^^^^^^^^^^^^^^^^^^^^^^^^^
  File "/usr/lib/python3.12/json/decoder.py", line 340, in decode
    raise JSONDecodeError("Extra data", s, end)
json.decoder.JSONDecodeError: Extra data: line 13 column 1 (char 264)

2025-10-04 19:26:33,418 — src.audio_normalize.audio_normalization — ERROR — __loudnorm_json_parse:107 — JSONOutputError could not find JSON output in subprocess stderr
{
	"input_i" : "-16.52",
	"input_tp" : "-3.42",
	"input_lra" : "2.20",
	"input_thresh" : "-26.93",
	"output_i" : "-15.83",
	"output_tp" : "-2.00",
	"output_lra" : "1.40",
	"output_thresh" : "-26.03",
	"normalization_type" : "dynamic",
	"target_offset" : "-0.17"

NoneType: None

2025-10-04 19:26:35,245 — src.dir_processing.directory_processing — ERROR — create_txt:136 — OSError No such file or directory writing data to /home/gerald/MusicProcessing/src/generated_files/result_files/get_unique_media_keys.txt
Traceback (most recent call last):
  File "/home/gerald/MusicProcessing/src/dir_processing/directory_processing.py", line 129, in create_txt
    txt_outfile = open(txt_path, mode='w', encoding=UTF8, newline='')
                  ^^^^^^^^^^^^^^^^^^^^^^^^^^^^^^^^^^^^^^^^^^^^^^^^^^^
FileNotFoundError: [Errno 2] No such file or directory: '/home/gerald/MusicProcessing/src/generated_files/result_files/get_unique_media_keys.txt'

2025-10-04 19:26:35,245 — src.audio_info.audio_metadata — ERROR — get_unique_media_keys:912 — Exception FileNotFoundError getting tags for file /home/gerald/MusicProcessing/tests/Music
Traceback (most recent call last):
  File "/home/gerald/MusicProcessing/src/audio_info/audio_metadata.py", line 909, in get_unique_media_keys
    directory.create_txt(txt_filename, data)
  File "/home/gerald/MusicProcessing/src/dir_processing/directory_processing.py", line 137, in create_txt
    raise os_error
  File "/home/gerald/MusicProcessing/src/dir_processing/directory_processing.py", line 129, in create_txt
    txt_outfile = open(txt_path, mode='w', encoding=UTF8, newline='')
                  ^^^^^^^^^^^^^^^^^^^^^^^^^^^^^^^^^^^^^^^^^^^^^^^^^^^
FileNotFoundError: [Errno 2] No such file or directory: '/home/gerald/MusicProcessing/src/generated_files/result_files/get_unique_media_keys.txt'
Stack (most recent call last):
  File "<string>", line 206, in <module>
  File "<string>", line 187, in run_tests
  File "/usr/lib/python3.12/unittest/runner.py", line 240, in run
    test(result)
  File "/usr/lib/python3.12/unittest/suite.py", line 84, in __call__
    return self.run(*args, **kwds)
  File "/usr/lib/python3.12/unittest/suite.py", line 122, in run
    test(result)
  File "/usr/lib/python3.12/unittest/case.py", line 690, in __call__
    return self.run(*args, **kwds)
  File "/usr/lib/python3.12/unittest/case.py", line 634, in run
    self._callTestMethod(testMethod)
  File "/usr/lib/python3.12/unittest/case.py", line 589, in _callTestMethod
    if method() is not None:
  File "/home/gerald/MusicProcessing/tests/test_audio_metadata.py", line 678, in test_get_unique_media_keys
    metadata.get_unique_media_keys(TESTS_TLD)
  File "/home/gerald/MusicProcessing/src/audio_info/audio_metadata.py", line 912, in get_unique_media_keys
    logger.exception(f"Exception {type(e_error).__name__} getting tags for file {file_path}", stack_info=True)

2025-10-04 19:26:35,249 — src.audio_info.audio_metadata — ERROR — has_art_tag:932 — MusicProcessingError with file: /home/gerald/MusicProcessing/tests/Music/test has invalid extension: .m3u
NoneType: None

2025-10-04 19:26:35,260 — src.audio_info.audio_metadata — ERROR — load_any_file:978 — ValueError loading /home/gerald/MusicProcessing/tests/Music/test.m3u returned None
NoneType: None

2025-10-04 19:26:35,260 — src.audio_info.audio_metadata — ERROR — load_any_file:982 — MutagenError [Errno 2] No such file or directory: '/home/gerald/MusicProcessing/tests/Music/Non-extant.wav' loading /home/gerald/MusicProcessing/tests/Music/Non-extant.wav
Traceback (most recent call last):
  File "/home/gerald/.local/lib/python3.12/site-packages/mutagen/_util.py", line 251, in _openfile
    fileobj = open(filename, "rb+" if writable else "rb")
              ^^^^^^^^^^^^^^^^^^^^^^^^^^^^^^^^^^^^^^^^^^^
FileNotFoundError: [Errno 2] No such file or directory: '/home/gerald/MusicProcessing/tests/Music/Non-extant.wav'

During handling of the above exception, another exception occurred:

Traceback (most recent call last):
  File "/home/gerald/MusicProcessing/src/audio_info/audio_metadata.py", line 974, in load_any_file
    audio_file = mutagen.File(file_path)
                 ^^^^^^^^^^^^^^^^^^^^^^^
  File "/home/gerald/.local/lib/python3.12/site-packages/mutagen/_util.py", line 162, in wrapper_func
    with _openfile(None, filething, filename, fileobj,
  File "/usr/lib/python3.12/contextlib.py", line 137, in __enter__
    return next(self.gen)
           ^^^^^^^^^^^^^^
  File "/home/gerald/.local/lib/python3.12/site-packages/mutagen/_util.py", line 272, in _openfile
    raise MutagenError(e)
mutagen.MutagenError: [Errno 2] No such file or directory: '/home/gerald/MusicProcessing/tests/Music/Non-extant.wav'

2025-10-04 19:26:42,326 — src.subprocess_utils — ERROR — subprocess_run:233 — CalledProcessError returncode: 254 on command ['ffmpeg', '-hide_banner', '-i', '/home/gerald/MusicProcessing/tests/NormalizedMusic/Abba/Waterloo/ABBA-Waterloo.mp3', '-id3v2_version', '3', '-af', 'loudnorm=I=-16.0:TP=-2.0:LRA=11.0:measured_I=-16.52:measured_TP=-3.42:measured_LRA=2.20:measured_thresh=-26.93:offset=-0.17:linear=true:print_format=json', '-ar', '44100', '/home/gerald/MusicProcessing/src/generated_files/Music/Abba/Waterloo/ABBA-Waterloo.mp3', '-y']
Traceback (most recent call last):
  File "/home/gerald/MusicProcessing/src/subprocess_utils.py", line 224, in subprocess_run
    process = subprocess.run(
              ^^^^^^^^^^^^^^^
  File "/usr/lib/python3.12/subprocess.py", line 571, in run
    raise CalledProcessError(retcode, process.args,
subprocess.CalledProcessError: Command '['ffmpeg', '-hide_banner', '-i', '/home/gerald/MusicProcessing/tests/NormalizedMusic/Abba/Waterloo/ABBA-Waterloo.mp3', '-id3v2_version', '3', '-af', 'loudnorm=I=-16.0:TP=-2.0:LRA=11.0:measured_I=-16.52:measured_TP=-3.42:measured_LRA=2.20:measured_thresh=-26.93:offset=-0.17:linear=true:print_format=json', '-ar', '44100', '/home/gerald/MusicProcessing/src/generated_files/Music/Abba/Waterloo/ABBA-Waterloo.mp3', '-y']' returned non-zero exit status 254.
Stack (most recent call last):
  File "<string>", line 206, in <module>
  File "<string>", line 187, in run_tests
  File "/usr/lib/python3.12/unittest/runner.py", line 240, in run
    test(result)
  File "/usr/lib/python3.12/unittest/suite.py", line 84, in __call__
    return self.run(*args, **kwds)
  File "/usr/lib/python3.12/unittest/suite.py", line 122, in run
    test(result)
  File "/usr/lib/python3.12/unittest/case.py", line 690, in __call__
    return self.run(*args, **kwds)
  File "/usr/lib/python3.12/unittest/case.py", line 634, in run
    self._callTestMethod(testMethod)
  File "/usr/lib/python3.12/unittest/case.py", line 589, in _callTestMethod
    if method() is not None:
  File "/home/gerald/MusicProcessing/tests/test_audio_normalization.py", line 440, in test_normalize_walk_ebu
    normalization.normalize_walk(self.normalized, "ebu", show_spinner=False)
  File "/home/gerald/MusicProcessing/src/audio_normalize/audio_normalization.py", line 465, in normalize_walk
    self.ebu_normalize_file(input_file_path, show_spinner)
  File "/home/gerald/MusicProcessing/src/audio_normalize/audio_normalization.py", line 264, in ebu_normalize_file
    normalize_process = subprocess_utils.subprocess_run(normalize_command)
  File "/home/gerald/MusicProcessing/src/subprocess_utils.py", line 233, in subprocess_run
    logger.exception(f"CalledProcessError returncode: {cp_error.returncode} on command {cp_error.cmd}", stack_info=True)

2025-10-04 19:26:42,327 — src.audio_normalize.audio_normalization — ERROR — ebu_normalize_file:287 — Exception CalledProcessError while ebu normalizing audio file: /home/gerald/MusicProcessing/tests/NormalizedMusic/Abba/Waterloo/ABBA-Waterloo.mp3
Traceback (most recent call last):
  File "/home/gerald/MusicProcessing/src/audio_normalize/audio_normalization.py", line 264, in ebu_normalize_file
    normalize_process = subprocess_utils.subprocess_run(normalize_command)
                        ^^^^^^^^^^^^^^^^^^^^^^^^^^^^^^^^^^^^^^^^^^^^^^^^^^
  File "/home/gerald/MusicProcessing/src/subprocess_utils.py", line 234, in subprocess_run
    raise cp_error
  File "/home/gerald/MusicProcessing/src/subprocess_utils.py", line 224, in subprocess_run
    process = subprocess.run(
              ^^^^^^^^^^^^^^^
  File "/usr/lib/python3.12/subprocess.py", line 571, in run
    raise CalledProcessError(retcode, process.args,
subprocess.CalledProcessError: Command '['ffmpeg', '-hide_banner', '-i', '/home/gerald/MusicProcessing/tests/NormalizedMusic/Abba/Waterloo/ABBA-Waterloo.mp3', '-id3v2_version', '3', '-af', 'loudnorm=I=-16.0:TP=-2.0:LRA=11.0:measured_I=-16.52:measured_TP=-3.42:measured_LRA=2.20:measured_thresh=-26.93:offset=-0.17:linear=true:print_format=json', '-ar', '44100', '/home/gerald/MusicProcessing/src/generated_files/Music/Abba/Waterloo/ABBA-Waterloo.mp3', '-y']' returned non-zero exit status 254.
Stack (most recent call last):
  File "<string>", line 206, in <module>
  File "<string>", line 187, in run_tests
  File "/usr/lib/python3.12/unittest/runner.py", line 240, in run
    test(result)
  File "/usr/lib/python3.12/unittest/suite.py", line 84, in __call__
    return self.run(*args, **kwds)
  File "/usr/lib/python3.12/unittest/suite.py", line 122, in run
    test(result)
  File "/usr/lib/python3.12/unittest/case.py", line 690, in __call__
    return self.run(*args, **kwds)
  File "/usr/lib/python3.12/unittest/case.py", line 634, in run
    self._callTestMethod(testMethod)
  File "/usr/lib/python3.12/unittest/case.py", line 589, in _callTestMethod
    if method() is not None:
  File "/home/gerald/MusicProcessing/tests/test_audio_normalization.py", line 440, in test_normalize_walk_ebu
    normalization.normalize_walk(self.normalized, "ebu", show_spinner=False)
  File "/home/gerald/MusicProcessing/src/audio_normalize/audio_normalization.py", line 465, in normalize_walk
    self.ebu_normalize_file(input_file_path, show_spinner)
  File "/home/gerald/MusicProcessing/src/audio_normalize/audio_normalization.py", line 287, in ebu_normalize_file
    logger.exception(f"Exception {type(e_error).__name__} while ebu normalizing audio file: {file_path}", stack_info=True)

2025-10-04 19:26:42,327 — src.audio_normalize.audio_normalization — ERROR — normalize_walk:472 — Exception CalledProcessError on /home/gerald/MusicProcessing/tests/NormalizedMusic/Abba/Waterloo/ABBA-Waterloo.mp3 while walking /home/gerald/MusicProcessing/tests/NormalizedMusic to ebu normalize audio files
Traceback (most recent call last):
  File "/home/gerald/MusicProcessing/src/audio_normalize/audio_normalization.py", line 465, in normalize_walk
    self.ebu_normalize_file(input_file_path, show_spinner)
  File "/home/gerald/MusicProcessing/src/audio_normalize/audio_normalization.py", line 288, in ebu_normalize_file
    raise e_error
  File "/home/gerald/MusicProcessing/src/audio_normalize/audio_normalization.py", line 264, in ebu_normalize_file
    normalize_process = subprocess_utils.subprocess_run(normalize_command)
                        ^^^^^^^^^^^^^^^^^^^^^^^^^^^^^^^^^^^^^^^^^^^^^^^^^^
  File "/home/gerald/MusicProcessing/src/subprocess_utils.py", line 234, in subprocess_run
    raise cp_error
  File "/home/gerald/MusicProcessing/src/subprocess_utils.py", line 224, in subprocess_run
    process = subprocess.run(
              ^^^^^^^^^^^^^^^
  File "/usr/lib/python3.12/subprocess.py", line 571, in run
    raise CalledProcessError(retcode, process.args,
subprocess.CalledProcessError: Command '['ffmpeg', '-hide_banner', '-i', '/home/gerald/MusicProcessing/tests/NormalizedMusic/Abba/Waterloo/ABBA-Waterloo.mp3', '-id3v2_version', '3', '-af', 'loudnorm=I=-16.0:TP=-2.0:LRA=11.0:measured_I=-16.52:measured_TP=-3.42:measured_LRA=2.20:measured_thresh=-26.93:offset=-0.17:linear=true:print_format=json', '-ar', '44100', '/home/gerald/MusicProcessing/src/generated_files/Music/Abba/Waterloo/ABBA-Waterloo.mp3', '-y']' returned non-zero exit status 254.
Stack (most recent call last):
  File "<string>", line 206, in <module>
  File "<string>", line 187, in run_tests
  File "/usr/lib/python3.12/unittest/runner.py", line 240, in run
    test(result)
  File "/usr/lib/python3.12/unittest/suite.py", line 84, in __call__
    return self.run(*args, **kwds)
  File "/usr/lib/python3.12/unittest/suite.py", line 122, in run
    test(result)
  File "/usr/lib/python3.12/unittest/case.py", line 690, in __call__
    return self.run(*args, **kwds)
  File "/usr/lib/python3.12/unittest/case.py", line 634, in run
    self._callTestMethod(testMethod)
  File "/usr/lib/python3.12/unittest/case.py", line 589, in _callTestMethod
    if method() is not None:
  File "/home/gerald/MusicProcessing/tests/test_audio_normalization.py", line 440, in test_normalize_walk_ebu
    normalization.normalize_walk(self.normalized, "ebu", show_spinner=False)
  File "/home/gerald/MusicProcessing/src/audio_normalize/audio_normalization.py", line 472, in normalize_walk
    logger.exception(f"Exception {type(e_error).__name__} on {input_file_path} while walking {tld_path} to {norm_type} normalize audio files", stack_info=True)

2025-10-04 19:26:46,795 — src.dir_processing.directory_processing — ERROR — create_txt:136 — OSError No such file or directory writing data to /home/gerald/MusicProcessing/src/generated_files/result_files/peak_normalize_file.txt
Traceback (most recent call last):
  File "/home/gerald/MusicProcessing/src/dir_processing/directory_processing.py", line 129, in create_txt
    txt_outfile = open(txt_path, mode='w', encoding=UTF8, newline='')
                  ^^^^^^^^^^^^^^^^^^^^^^^^^^^^^^^^^^^^^^^^^^^^^^^^^^^
FileNotFoundError: [Errno 2] No such file or directory: '/home/gerald/MusicProcessing/src/generated_files/result_files/peak_normalize_file.txt'

2025-10-04 19:26:46,795 — src.audio_normalize.audio_normalization — ERROR — peak_normalize_file:577 — Exception FileNotFoundError while peak normalizing audio file: /home/gerald/MusicProcessing/tests/NormalizedMusic/Abba/Waterloo/ABBA-Waterloo.mp3
Traceback (most recent call last):
  File "/home/gerald/MusicProcessing/src/audio_normalize/audio_normalization.py", line 572, in peak_normalize_file
    directory.create_txt(txt_filename, data)
  File "/home/gerald/MusicProcessing/src/dir_processing/directory_processing.py", line 137, in create_txt
    raise os_error
  File "/home/gerald/MusicProcessing/src/dir_processing/directory_processing.py", line 129, in create_txt
    txt_outfile = open(txt_path, mode='w', encoding=UTF8, newline='')
                  ^^^^^^^^^^^^^^^^^^^^^^^^^^^^^^^^^^^^^^^^^^^^^^^^^^^
FileNotFoundError: [Errno 2] No such file or directory: '/home/gerald/MusicProcessing/src/generated_files/result_files/peak_normalize_file.txt'
Stack (most recent call last):
  File "<string>", line 206, in <module>
  File "<string>", line 187, in run_tests
  File "/usr/lib/python3.12/unittest/runner.py", line 240, in run
    test(result)
  File "/usr/lib/python3.12/unittest/suite.py", line 84, in __call__
    return self.run(*args, **kwds)
  File "/usr/lib/python3.12/unittest/suite.py", line 122, in run
    test(result)
  File "/usr/lib/python3.12/unittest/case.py", line 690, in __call__
    return self.run(*args, **kwds)
  File "/usr/lib/python3.12/unittest/case.py", line 634, in run
    self._callTestMethod(testMethod)
  File "/usr/lib/python3.12/unittest/case.py", line 589, in _callTestMethod
    if method() is not None:
  File "/home/gerald/MusicProcessing/tests/test_audio_normalization.py", line 452, in test_normalize_walk_peak
    normalization.normalize_walk(self.normalized, "peak", show_spinner=False)
  File "/home/gerald/MusicProcessing/src/audio_normalize/audio_normalization.py", line 467, in normalize_walk
    self.peak_normalize_file(input_file_path, show_spinner)
  File "/home/gerald/MusicProcessing/src/audio_normalize/audio_normalization.py", line 577, in peak_normalize_file
    logger.exception(f"Exception {type(e_error).__name__} while peak normalizing audio file: {file_path}", stack_info=True)

2025-10-04 19:26:46,796 — src.audio_normalize.audio_normalization — ERROR — normalize_walk:472 — Exception FileNotFoundError on /home/gerald/MusicProcessing/tests/NormalizedMusic/Abba/Waterloo/ABBA-Waterloo.mp3 while walking /home/gerald/MusicProcessing/tests/NormalizedMusic to peak normalize audio files
Traceback (most recent call last):
  File "/home/gerald/MusicProcessing/src/audio_normalize/audio_normalization.py", line 467, in normalize_walk
    self.peak_normalize_file(input_file_path, show_spinner)
  File "/home/gerald/MusicProcessing/src/audio_normalize/audio_normalization.py", line 578, in peak_normalize_file
    raise e_error
  File "/home/gerald/MusicProcessing/src/audio_normalize/audio_normalization.py", line 572, in peak_normalize_file
    directory.create_txt(txt_filename, data)
  File "/home/gerald/MusicProcessing/src/dir_processing/directory_processing.py", line 137, in create_txt
    raise os_error
  File "/home/gerald/MusicProcessing/src/dir_processing/directory_processing.py", line 129, in create_txt
    txt_outfile = open(txt_path, mode='w', encoding=UTF8, newline='')
                  ^^^^^^^^^^^^^^^^^^^^^^^^^^^^^^^^^^^^^^^^^^^^^^^^^^^
FileNotFoundError: [Errno 2] No such file or directory: '/home/gerald/MusicProcessing/src/generated_files/result_files/peak_normalize_file.txt'
Stack (most recent call last):
  File "<string>", line 206, in <module>
  File "<string>", line 187, in run_tests
  File "/usr/lib/python3.12/unittest/runner.py", line 240, in run
    test(result)
  File "/usr/lib/python3.12/unittest/suite.py", line 84, in __call__
    return self.run(*args, **kwds)
  File "/usr/lib/python3.12/unittest/suite.py", line 122, in run
    test(result)
  File "/usr/lib/python3.12/unittest/case.py", line 690, in __call__
    return self.run(*args, **kwds)
  File "/usr/lib/python3.12/unittest/case.py", line 634, in run
    self._callTestMethod(testMethod)
  File "/usr/lib/python3.12/unittest/case.py", line 589, in _callTestMethod
    if method() is not None:
  File "/home/gerald/MusicProcessing/tests/test_audio_normalization.py", line 452, in test_normalize_walk_peak
    normalization.normalize_walk(self.normalized, "peak", show_spinner=False)
  File "/home/gerald/MusicProcessing/src/audio_normalize/audio_normalization.py", line 472, in normalize_walk
    logger.exception(f"Exception {type(e_error).__name__} on {input_file_path} while walking {tld_path} to {norm_type} normalize audio files", stack_info=True)

2025-10-04 19:26:47,351 — src.audio_normalize.audio_normalization — WARNING — rms_normalize_file:643 — rms normalizing by -2.0 minus -21.00 equaling 19.00 with max volume -4 plus 19.0 will result in clipping amount: 15.0 dB in /home/gerald/MusicProcessing/src/generated_files/Music/Abba/Waterloo/ABBA-Waterloo.mp3

2025-10-04 19:26:48,517 — src.dir_processing.directory_processing — ERROR — create_txt:136 — OSError No such file or directory writing data to /home/gerald/MusicProcessing/src/generated_files/result_files/rms_normalize_file.txt
Traceback (most recent call last):
  File "/home/gerald/MusicProcessing/src/dir_processing/directory_processing.py", line 129, in create_txt
    txt_outfile = open(txt_path, mode='w', encoding=UTF8, newline='')
                  ^^^^^^^^^^^^^^^^^^^^^^^^^^^^^^^^^^^^^^^^^^^^^^^^^^^
FileNotFoundError: [Errno 2] No such file or directory: '/home/gerald/MusicProcessing/src/generated_files/result_files/rms_normalize_file.txt'

2025-10-04 19:26:48,517 — src.audio_normalize.audio_normalization — ERROR — rms_normalize_file:684 — Exception FileNotFoundError while rms normalizing audio file: /home/gerald/MusicProcessing/tests/NormalizedMusic/The Lord of the Rings/The Two Towers/Howard Shore-The Taming Of Smeagol.mp3
Traceback (most recent call last):
  File "/home/gerald/MusicProcessing/src/audio_normalize/audio_normalization.py", line 679, in rms_normalize_file
    directory.create_txt(txt_filename, data)
  File "/home/gerald/MusicProcessing/src/dir_processing/directory_processing.py", line 137, in create_txt
    raise os_error
  File "/home/gerald/MusicProcessing/src/dir_processing/directory_processing.py", line 129, in create_txt
    txt_outfile = open(txt_path, mode='w', encoding=UTF8, newline='')
                  ^^^^^^^^^^^^^^^^^^^^^^^^^^^^^^^^^^^^^^^^^^^^^^^^^^^
FileNotFoundError: [Errno 2] No such file or directory: '/home/gerald/MusicProcessing/src/generated_files/result_files/rms_normalize_file.txt'
Stack (most recent call last):
  File "<string>", line 206, in <module>
  File "<string>", line 187, in run_tests
  File "/usr/lib/python3.12/unittest/runner.py", line 240, in run
    test(result)
  File "/usr/lib/python3.12/unittest/suite.py", line 84, in __call__
    return self.run(*args, **kwds)
  File "/usr/lib/python3.12/unittest/suite.py", line 122, in run
    test(result)
  File "/usr/lib/python3.12/unittest/case.py", line 690, in __call__
    return self.run(*args, **kwds)
  File "/usr/lib/python3.12/unittest/case.py", line 634, in run
    self._callTestMethod(testMethod)
  File "/usr/lib/python3.12/unittest/case.py", line 589, in _callTestMethod
    if method() is not None:
  File "/home/gerald/MusicProcessing/tests/test_audio_normalization.py", line 463, in test_normalize_walk_rms
    normalization.normalize_walk(self.normalized, "rms", show_spinner=False)
  File "/home/gerald/MusicProcessing/src/audio_normalize/audio_normalization.py", line 469, in normalize_walk
    self.rms_normalize_file(input_file_path, show_spinner)
  File "/home/gerald/MusicProcessing/src/audio_normalize/audio_normalization.py", line 684, in rms_normalize_file
    logger.exception(f"Exception {type(e_error).__name__} while rms normalizing audio file: {file_path}", stack_info=True)

2025-10-04 19:26:48,518 — src.audio_normalize.audio_normalization — ERROR — normalize_walk:472 — Exception FileNotFoundError on /home/gerald/MusicProcessing/tests/NormalizedMusic/The Lord of the Rings/The Two Towers/Howard Shore-The Taming Of Smeagol.mp3 while walking /home/gerald/MusicProcessing/tests/NormalizedMusic to rms normalize audio files
Traceback (most recent call last):
  File "/home/gerald/MusicProcessing/src/audio_normalize/audio_normalization.py", line 469, in normalize_walk
    self.rms_normalize_file(input_file_path, show_spinner)
  File "/home/gerald/MusicProcessing/src/audio_normalize/audio_normalization.py", line 685, in rms_normalize_file
    raise e_error
  File "/home/gerald/MusicProcessing/src/audio_normalize/audio_normalization.py", line 679, in rms_normalize_file
    directory.create_txt(txt_filename, data)
  File "/home/gerald/MusicProcessing/src/dir_processing/directory_processing.py", line 137, in create_txt
    raise os_error
  File "/home/gerald/MusicProcessing/src/dir_processing/directory_processing.py", line 129, in create_txt
    txt_outfile = open(txt_path, mode='w', encoding=UTF8, newline='')
                  ^^^^^^^^^^^^^^^^^^^^^^^^^^^^^^^^^^^^^^^^^^^^^^^^^^^
FileNotFoundError: [Errno 2] No such file or directory: '/home/gerald/MusicProcessing/src/generated_files/result_files/rms_normalize_file.txt'
Stack (most recent call last):
  File "<string>", line 206, in <module>
  File "<string>", line 187, in run_tests
  File "/usr/lib/python3.12/unittest/runner.py", line 240, in run
    test(result)
  File "/usr/lib/python3.12/unittest/suite.py", line 84, in __call__
    return self.run(*args, **kwds)
  File "/usr/lib/python3.12/unittest/suite.py", line 122, in run
    test(result)
  File "/usr/lib/python3.12/unittest/case.py", line 690, in __call__
    return self.run(*args, **kwds)
  File "/usr/lib/python3.12/unittest/case.py", line 634, in run
    self._callTestMethod(testMethod)
  File "/usr/lib/python3.12/unittest/case.py", line 589, in _callTestMethod
    if method() is not None:
  File "/home/gerald/MusicProcessing/tests/test_audio_normalization.py", line 463, in test_normalize_walk_rms
    normalization.normalize_walk(self.normalized, "rms", show_spinner=False)
  File "/home/gerald/MusicProcessing/src/audio_normalize/audio_normalization.py", line 472, in normalize_walk
    logger.exception(f"Exception {type(e_error).__name__} on {input_file_path} while walking {tld_path} to {norm_type} normalize audio files", stack_info=True)

2025-10-04 19:26:54,777 — src.dir_processing.directory_processing — ERROR — create_txt:136 — OSError No such file or directory writing data to /home/gerald/MusicProcessing/src/generated_files/result_files/peak_normalize_file.txt
Traceback (most recent call last):
  File "/home/gerald/MusicProcessing/src/dir_processing/directory_processing.py", line 129, in create_txt
    txt_outfile = open(txt_path, mode='w', encoding=UTF8, newline='')
                  ^^^^^^^^^^^^^^^^^^^^^^^^^^^^^^^^^^^^^^^^^^^^^^^^^^^
FileNotFoundError: [Errno 2] No such file or directory: '/home/gerald/MusicProcessing/src/generated_files/result_files/peak_normalize_file.txt'

2025-10-04 19:26:54,778 — src.audio_normalize.audio_normalization — ERROR — peak_normalize_file:577 — Exception FileNotFoundError while peak normalizing audio file: /home/gerald/MusicProcessing/tests/Music/Crush/Here/Crush-Live.mp3
Traceback (most recent call last):
  File "/home/gerald/MusicProcessing/src/audio_normalize/audio_normalization.py", line 572, in peak_normalize_file
    directory.create_txt(txt_filename, data)
  File "/home/gerald/MusicProcessing/src/dir_processing/directory_processing.py", line 137, in create_txt
    raise os_error
  File "/home/gerald/MusicProcessing/src/dir_processing/directory_processing.py", line 129, in create_txt
    txt_outfile = open(txt_path, mode='w', encoding=UTF8, newline='')
                  ^^^^^^^^^^^^^^^^^^^^^^^^^^^^^^^^^^^^^^^^^^^^^^^^^^^
FileNotFoundError: [Errno 2] No such file or directory: '/home/gerald/MusicProcessing/src/generated_files/result_files/peak_normalize_file.txt'
Stack (most recent call last):
  File "<string>", line 206, in <module>
  File "<string>", line 187, in run_tests
  File "/usr/lib/python3.12/unittest/runner.py", line 240, in run
    test(result)
  File "/usr/lib/python3.12/unittest/suite.py", line 84, in __call__
    return self.run(*args, **kwds)
  File "/usr/lib/python3.12/unittest/suite.py", line 122, in run
    test(result)
  File "/usr/lib/python3.12/unittest/case.py", line 690, in __call__
    return self.run(*args, **kwds)
  File "/usr/lib/python3.12/unittest/case.py", line 634, in run
    self._callTestMethod(testMethod)
  File "/usr/lib/python3.12/unittest/case.py", line 589, in _callTestMethod
    if method() is not None:
  File "/home/gerald/MusicProcessing/tests/test_audio_normalization.py", line 474, in test_peak_normalize_file
    normalization.peak_normalize_file(self.peak_src, show_spinner=False)
  File "/home/gerald/MusicProcessing/src/audio_normalize/audio_normalization.py", line 577, in peak_normalize_file
    logger.exception(f"Exception {type(e_error).__name__} while peak normalizing audio file: {file_path}", stack_info=True)

2025-10-04 19:26:56,767 — src.dir_processing.directory_processing — ERROR — create_txt:136 — OSError No such file or directory writing data to /home/gerald/MusicProcessing/src/generated_files/result_files/rms_normalize_file.txt
Traceback (most recent call last):
  File "/home/gerald/MusicProcessing/src/dir_processing/directory_processing.py", line 129, in create_txt
    txt_outfile = open(txt_path, mode='w', encoding=UTF8, newline='')
                  ^^^^^^^^^^^^^^^^^^^^^^^^^^^^^^^^^^^^^^^^^^^^^^^^^^^
FileNotFoundError: [Errno 2] No such file or directory: '/home/gerald/MusicProcessing/src/generated_files/result_files/rms_normalize_file.txt'

2025-10-04 19:26:56,768 — src.audio_normalize.audio_normalization — ERROR — rms_normalize_file:684 — Exception FileNotFoundError while rms normalizing audio file: /home/gerald/MusicProcessing/tests/Music/The Lord of the Rings/The Two Towers/Howard Shore-The Taming Of Smeagol.mp3
Traceback (most recent call last):
  File "/home/gerald/MusicProcessing/src/audio_normalize/audio_normalization.py", line 679, in rms_normalize_file
    directory.create_txt(txt_filename, data)
  File "/home/gerald/MusicProcessing/src/dir_processing/directory_processing.py", line 137, in create_txt
    raise os_error
  File "/home/gerald/MusicProcessing/src/dir_processing/directory_processing.py", line 129, in create_txt
    txt_outfile = open(txt_path, mode='w', encoding=UTF8, newline='')
                  ^^^^^^^^^^^^^^^^^^^^^^^^^^^^^^^^^^^^^^^^^^^^^^^^^^^
FileNotFoundError: [Errno 2] No such file or directory: '/home/gerald/MusicProcessing/src/generated_files/result_files/rms_normalize_file.txt'
Stack (most recent call last):
  File "<string>", line 206, in <module>
  File "<string>", line 187, in run_tests
  File "/usr/lib/python3.12/unittest/runner.py", line 240, in run
    test(result)
  File "/usr/lib/python3.12/unittest/suite.py", line 84, in __call__
    return self.run(*args, **kwds)
  File "/usr/lib/python3.12/unittest/suite.py", line 122, in run
    test(result)
  File "/usr/lib/python3.12/unittest/case.py", line 690, in __call__
    return self.run(*args, **kwds)
  File "/usr/lib/python3.12/unittest/case.py", line 634, in run
    self._callTestMethod(testMethod)
  File "/usr/lib/python3.12/unittest/case.py", line 589, in _callTestMethod
    if method() is not None:
  File "/home/gerald/MusicProcessing/tests/test_audio_normalization.py", line 497, in test_rms_normalize_file
    normalization.rms_normalize_file(self.rms_src, show_spinner=False)
  File "/home/gerald/MusicProcessing/src/audio_normalize/audio_normalization.py", line 684, in rms_normalize_file
    logger.exception(f"Exception {type(e_error).__name__} while rms normalizing audio file: {file_path}", stack_info=True)

2025-10-04 19:27:28,771 — src.audio_info.audio_art — INFO — extract_album_art:180 — /home/gerald/MusicProcessing/tests/Music/Abba/Waterloo has a Folder.jpg

2025-10-04 19:27:28,772 — src.audio_info.audio_art — WARNING — extract_album_art:186 — test.m3u is not an audio file

2025-10-04 19:27:28,935 — src.audio_info.audio_art — INFO — extract_album_art:196 — No video stream album art present in /home/gerald/MusicProcessing/tests/Music/Crush/Here/No_tag_Crush-Live.mp3

2025-10-04 19:27:28,951 — src.audio_info.audio_art — WARNING — extract_album_art:211 — No album art present in /home/gerald/MusicProcessing/tests/Music/Crush/Here/No_tag_Crush-Live.mp3

2025-10-04 19:27:29,120 — src.audio_info.audio_art — INFO — extract_album_art:196 — No video stream album art present in /home/gerald/MusicProcessing/tests/Music/Billie Holiday/Georgia On My Mind/Billie Holiday-Georgia On My Mind.wma

2025-10-04 19:27:29,442 — src.subprocess_utils — ERROR — subprocess_run:233 — CalledProcessError returncode: 234 on command ['ffmpeg', '-hide_banner', '-i', '/home/gerald/MusicProcessing/tests/Music/Billie Holiday/Georgia On My Mind/Billie Holiday-Georgia On My Mind.wma', '-an', '-map', '0:v', '-map_metadata', '-1', '-update', '1', '/home/gerald/MusicProcessing/tests/Music/Billie Holiday/Georgia On My Mind/Folder.jpg', '-y']
Traceback (most recent call last):
  File "/home/gerald/MusicProcessing/src/subprocess_utils.py", line 224, in subprocess_run
    process = subprocess.run(
              ^^^^^^^^^^^^^^^
  File "/usr/lib/python3.12/subprocess.py", line 571, in run
    raise CalledProcessError(retcode, process.args,
subprocess.CalledProcessError: Command '['ffmpeg', '-hide_banner', '-i', '/home/gerald/MusicProcessing/tests/Music/Billie Holiday/Georgia On My Mind/Billie Holiday-Georgia On My Mind.wma', '-an', '-map', '0:v', '-map_metadata', '-1', '-update', '1', '/home/gerald/MusicProcessing/tests/Music/Billie Holiday/Georgia On My Mind/Folder.jpg', '-y']' returned non-zero exit status 234.
Stack (most recent call last):
  File "<string>", line 206, in <module>
  File "<string>", line 187, in run_tests
  File "/usr/lib/python3.12/unittest/runner.py", line 240, in run
    test(result)
  File "/usr/lib/python3.12/unittest/suite.py", line 84, in __call__
    return self.run(*args, **kwds)
  File "/usr/lib/python3.12/unittest/suite.py", line 122, in run
    test(result)
  File "/usr/lib/python3.12/unittest/case.py", line 690, in __call__
    return self.run(*args, **kwds)
  File "/usr/lib/python3.12/unittest/case.py", line 634, in run
    self._callTestMethod(testMethod)
  File "/usr/lib/python3.12/unittest/case.py", line 589, in _callTestMethod
    if method() is not None:
  File "/home/gerald/MusicProcessing/tests/test_audio_art.py", line 244, in test_extract_ffmpeg_art_no_stream
    art.extract_ffmpeg_art(input_audio)
  File "/home/gerald/MusicProcessing/src/audio_info/audio_art.py", line 284, in extract_ffmpeg_art
    _ = subprocess_utils.subprocess_run(command)
  File "/home/gerald/MusicProcessing/src/subprocess_utils.py", line 233, in subprocess_run
    logger.exception(f"CalledProcessError returncode: {cp_error.returncode} on command {cp_error.cmd}", stack_info=True)

2025-10-04 19:27:29,444 — src.audio_info.audio_art — ERROR — extract_ffmpeg_art:287 — Exception CalledProcessError using ffmpeg to extract art from /home/gerald/MusicProcessing/tests/Music/Billie Holiday/Georgia On My Mind/Billie Holiday-Georgia On My Mind.wma
Traceback (most recent call last):
  File "/home/gerald/MusicProcessing/src/audio_info/audio_art.py", line 284, in extract_ffmpeg_art
    _ = subprocess_utils.subprocess_run(command)
        ^^^^^^^^^^^^^^^^^^^^^^^^^^^^^^^^^^^^^^^^
  File "/home/gerald/MusicProcessing/src/subprocess_utils.py", line 234, in subprocess_run
    raise cp_error
  File "/home/gerald/MusicProcessing/src/subprocess_utils.py", line 224, in subprocess_run
    process = subprocess.run(
              ^^^^^^^^^^^^^^^
  File "/usr/lib/python3.12/subprocess.py", line 571, in run
    raise CalledProcessError(retcode, process.args,
subprocess.CalledProcessError: Command '['ffmpeg', '-hide_banner', '-i', '/home/gerald/MusicProcessing/tests/Music/Billie Holiday/Georgia On My Mind/Billie Holiday-Georgia On My Mind.wma', '-an', '-map', '0:v', '-map_metadata', '-1', '-update', '1', '/home/gerald/MusicProcessing/tests/Music/Billie Holiday/Georgia On My Mind/Folder.jpg', '-y']' returned non-zero exit status 234.
Stack (most recent call last):
  File "<string>", line 206, in <module>
  File "<string>", line 187, in run_tests
  File "/usr/lib/python3.12/unittest/runner.py", line 240, in run
    test(result)
  File "/usr/lib/python3.12/unittest/suite.py", line 84, in __call__
    return self.run(*args, **kwds)
  File "/usr/lib/python3.12/unittest/suite.py", line 122, in run
    test(result)
  File "/usr/lib/python3.12/unittest/case.py", line 690, in __call__
    return self.run(*args, **kwds)
  File "/usr/lib/python3.12/unittest/case.py", line 634, in run
    self._callTestMethod(testMethod)
  File "/usr/lib/python3.12/unittest/case.py", line 589, in _callTestMethod
    if method() is not None:
  File "/home/gerald/MusicProcessing/tests/test_audio_art.py", line 244, in test_extract_ffmpeg_art_no_stream
    art.extract_ffmpeg_art(input_audio)
  File "/home/gerald/MusicProcessing/src/audio_info/audio_art.py", line 287, in extract_ffmpeg_art
    logger.exception(f"Exception {type(e_error).__name__} using ffmpeg to extract art from {input_path}", stack_info=True)

2025-10-04 19:27:30,810 — src.audio_info.audio_art — WARNING — extract_walk:371 — Pattern .m3u is not for a valid audio file

2025-10-04 19:27:31,101 — src.audio_info.audio_art — INFO — set_album_art:483 — Found Folder.jpg in /home/gerald/MusicProcessing/tests/Music/Genesis/In Too Deep-I’d Rather Be You

2025-10-04 19:27:31,102 — src.audio_info.audio_art — INFO — set_album_art:483 — Found Folder.jpg in /home/gerald/MusicProcessing/tests/Music/Abba/Waterloo

2025-10-04 19:27:31,102 — src.audio_info.audio_art — WARNING — set_album_art:499 — No album art set for /home/gerald/MusicProcessing/tests/Music/Aerosmith/Devil's Got a New Disguise-The Very Best of Aerosmith

2025-10-04 19:27:31,102 — src.audio_info.audio_art — WARNING — set_album_art:499 — No album art set for /home/gerald/MusicProcessing/tests/Music/Diamond Rio

2025-10-04 19:27:31,102 — src.audio_info.audio_art — WARNING — set_album_art:499 — No album art set for /home/gerald/MusicProcessing/tests/Music/Elton John/Goodbye Yellow Brick Road

2025-10-04 19:27:31,103 — src.audio_info.audio_art — WARNING — set_album_art:499 — No album art set for /home/gerald/MusicProcessing/tests/Music/The Lord of the Rings/The Return of the King

2025-10-04 19:27:31,103 — src.audio_info.audio_art — WARNING — set_album_art:499 — No album art set for /home/gerald/MusicProcessing/tests/Music/The Lord of the Rings/The Two Towers

2025-10-04 19:27:31,103 — src.audio_info.audio_art — WARNING — set_album_art:499 — No album art set for /home/gerald/MusicProcessing/tests/Music/Daughtry/Leave This Town

2025-10-04 19:27:31,103 — src.audio_info.audio_art — WARNING — set_album_art:499 — No album art set for /home/gerald/MusicProcessing/tests/Music/Billie Holiday/Georgia On My Mind

2025-10-04 19:27:31,103 — src.audio_info.audio_art — WARNING — set_album_art:499 — No album art set for /home/gerald/MusicProcessing/tests/Music/Sawyer Fredericks/A Good Storm

2025-10-04 19:27:31,103 — src.audio_info.audio_art — WARNING — set_album_art:499 — No album art set for /home/gerald/MusicProcessing/tests/Music/38 Special/Teachers

2025-10-04 19:27:31,104 — src.audio_info.audio_art — WARNING — set_album_art:499 — No album art set for /home/gerald/MusicProcessing/tests/Music/Crush/Here

2025-10-04 19:27:31,104 — src.audio_info.audio_art — INFO — set_album_art:483 — Found Folder.jpg in /home/gerald/MusicProcessing/tests/Music/The Eagles/Desperado

2025-10-04 19:27:31,104 — src.audio_info.audio_art — WARNING — set_album_art:499 — No album art set for /home/gerald/MusicProcessing/tests/Music/Joshua Davis/The Voice Peformance

2025-10-04 19:27:31,105 — src.audio_info.audio_art — WARNING — set_album_art:499 — No album art set for /home/gerald/MusicProcessing/tests/Music/X Ambassadors/VHS

2025-10-04 19:27:31,105 — src.audio_info.audio_art — INFO — set_album_art:483 — Found Folder.jpg in /home/gerald/MusicProcessing/tests/Music/Creedence Clearwater Revival/Chronicle, Vol. 1

2025-10-04 19:27:31,105 — src.audio_info.audio_art — INFO — set_album_art:483 — Found Folder.jpg in /home/gerald/MusicProcessing/tests/Music/NoMetadata/Here

2025-10-04 19:27:31,105 — src.audio_info.audio_art — WARNING — set_album_art:499 — No album art set for /home/gerald/MusicProcessing/tests/Music/Bear McCreary/Battlestar Galactica

2025-10-04 19:27:44,645 — src.dir_processing.directory_processing — ERROR — create_txt:136 — OSError No such file or directory writing data to /home/gerald/MusicProcessing/src/generated_files/result_files/convert_file.txt
Traceback (most recent call last):
  File "/home/gerald/MusicProcessing/src/dir_processing/directory_processing.py", line 129, in create_txt
    txt_outfile = open(txt_path, mode='w', encoding=UTF8, newline='')
                  ^^^^^^^^^^^^^^^^^^^^^^^^^^^^^^^^^^^^^^^^^^^^^^^^^^^
FileNotFoundError: [Errno 2] No such file or directory: '/home/gerald/MusicProcessing/src/generated_files/result_files/convert_file.txt'

2025-10-04 19:27:44,648 — src.audio_info.audio_metadata — ERROR — convert_file:385 — Exception FileNotFoundError converting /home/gerald/MusicProcessing/tests/Music/The Eagles/Desperado/The Eagles-Desperado.m4a to /home/gerald/MusicProcessing/src/generated_files/Music/The Eagles/Desperado/The Eagles-Desperado.mp3
Traceback (most recent call last):
  File "/home/gerald/MusicProcessing/src/audio_info/audio_metadata.py", line 376, in convert_file
    directory.create_txt(txt_filename, data)
  File "/home/gerald/MusicProcessing/src/dir_processing/directory_processing.py", line 137, in create_txt
    raise os_error
  File "/home/gerald/MusicProcessing/src/dir_processing/directory_processing.py", line 129, in create_txt
    txt_outfile = open(txt_path, mode='w', encoding=UTF8, newline='')
                  ^^^^^^^^^^^^^^^^^^^^^^^^^^^^^^^^^^^^^^^^^^^^^^^^^^^
FileNotFoundError: [Errno 2] No such file or directory: '/home/gerald/MusicProcessing/src/generated_files/result_files/convert_file.txt'
Stack (most recent call last):
  File "<string>", line 206, in <module>
  File "<string>", line 187, in run_tests
  File "/usr/lib/python3.12/unittest/runner.py", line 240, in run
    test(result)
  File "/usr/lib/python3.12/unittest/suite.py", line 84, in __call__
    return self.run(*args, **kwds)
  File "/usr/lib/python3.12/unittest/suite.py", line 122, in run
    test(result)
  File "/usr/lib/python3.12/unittest/case.py", line 690, in __call__
    return self.run(*args, **kwds)
  File "/usr/lib/python3.12/unittest/case.py", line 634, in run
    self._callTestMethod(testMethod)
  File "/usr/lib/python3.12/unittest/case.py", line 589, in _callTestMethod
    if method() is not None:
  File "/home/gerald/MusicProcessing/tests/test_audio_metadata.py", line 318, in test_convert_file
    metadata.convert_file(src_file, show_spinner=False)
  File "/home/gerald/MusicProcessing/src/audio_info/audio_metadata.py", line 385, in convert_file
    logger.exception(f"Exception {type(e_error).__name__} converting {file_path} to {export_path}", stack_info=True)

2025-10-04 19:27:44,651 — src.audio_info.audio_metadata — WARNING — convert_file:284 — album directory /home/gerald/MusicProcessing/tests/Music/Crush/Here does not contain a Folder.jpg file.

2025-10-04 19:27:50,129 — src.dir_processing.directory_processing — ERROR — create_txt:136 — OSError No such file or directory writing data to /home/gerald/MusicProcessing/src/generated_files/result_files/convert_file.txt
Traceback (most recent call last):
  File "/home/gerald/MusicProcessing/src/dir_processing/directory_processing.py", line 129, in create_txt
    txt_outfile = open(txt_path, mode='w', encoding=UTF8, newline='')
                  ^^^^^^^^^^^^^^^^^^^^^^^^^^^^^^^^^^^^^^^^^^^^^^^^^^^
FileNotFoundError: [Errno 2] No such file or directory: '/home/gerald/MusicProcessing/src/generated_files/result_files/convert_file.txt'

2025-10-04 19:27:50,129 — src.audio_info.audio_metadata — ERROR — convert_file:385 — Exception FileNotFoundError converting /home/gerald/MusicProcessing/tests/Music/NoMetadata/Here/No_tag_Crush-Live.mp3 to /home/gerald/MusicProcessing/src/generated_files/Music/NoMetadata/Here/No_tag_Crush-Live.mp3
Traceback (most recent call last):
  File "/home/gerald/MusicProcessing/src/audio_info/audio_metadata.py", line 376, in convert_file
    directory.create_txt(txt_filename, data)
  File "/home/gerald/MusicProcessing/src/dir_processing/directory_processing.py", line 137, in create_txt
    raise os_error
  File "/home/gerald/MusicProcessing/src/dir_processing/directory_processing.py", line 129, in create_txt
    txt_outfile = open(txt_path, mode='w', encoding=UTF8, newline='')
                  ^^^^^^^^^^^^^^^^^^^^^^^^^^^^^^^^^^^^^^^^^^^^^^^^^^^
FileNotFoundError: [Errno 2] No such file or directory: '/home/gerald/MusicProcessing/src/generated_files/result_files/convert_file.txt'
Stack (most recent call last):
  File "<string>", line 206, in <module>
  File "<string>", line 187, in run_tests
  File "/usr/lib/python3.12/unittest/runner.py", line 240, in run
    test(result)
  File "/usr/lib/python3.12/unittest/suite.py", line 84, in __call__
    return self.run(*args, **kwds)
  File "/usr/lib/python3.12/unittest/suite.py", line 122, in run
    test(result)
  File "/usr/lib/python3.12/unittest/case.py", line 690, in __call__
    return self.run(*args, **kwds)
  File "/usr/lib/python3.12/unittest/case.py", line 634, in run
    self._callTestMethod(testMethod)
  File "/usr/lib/python3.12/unittest/case.py", line 589, in _callTestMethod
    if method() is not None:
  File "/home/gerald/MusicProcessing/tests/test_audio_metadata.py", line 345, in test_convert_file_wo_metadata
    metadata.convert_file(no_metadata, show_spinner=False)
  File "/home/gerald/MusicProcessing/src/audio_info/audio_metadata.py", line 385, in convert_file
    logger.exception(f"Exception {type(e_error).__name__} converting {file_path} to {export_path}", stack_info=True)

2025-10-04 19:27:54,240 — src.dir_processing.directory_processing — ERROR — create_txt:136 — OSError No such file or directory writing data to /home/gerald/MusicProcessing/src/generated_files/result_files/convert_file.txt
Traceback (most recent call last):
  File "/home/gerald/MusicProcessing/src/dir_processing/directory_processing.py", line 129, in create_txt
    txt_outfile = open(txt_path, mode='w', encoding=UTF8, newline='')
                  ^^^^^^^^^^^^^^^^^^^^^^^^^^^^^^^^^^^^^^^^^^^^^^^^^^^
FileNotFoundError: [Errno 2] No such file or directory: '/home/gerald/MusicProcessing/src/generated_files/result_files/convert_file.txt'

2025-10-04 19:27:54,240 — src.audio_info.audio_metadata — ERROR — convert_file:385 — Exception FileNotFoundError converting /home/gerald/MusicProcessing/tests/ConvertedMusic/Abba/Waterloo/ABBA-Waterloo.mp3 to /home/gerald/MusicProcessing/src/generated_files/Music/Abba/Waterloo/ABBA-Waterloo.mp3
Traceback (most recent call last):
  File "/home/gerald/MusicProcessing/src/audio_info/audio_metadata.py", line 376, in convert_file
    directory.create_txt(txt_filename, data)
  File "/home/gerald/MusicProcessing/src/dir_processing/directory_processing.py", line 137, in create_txt
    raise os_error
  File "/home/gerald/MusicProcessing/src/dir_processing/directory_processing.py", line 129, in create_txt
    txt_outfile = open(txt_path, mode='w', encoding=UTF8, newline='')
                  ^^^^^^^^^^^^^^^^^^^^^^^^^^^^^^^^^^^^^^^^^^^^^^^^^^^
FileNotFoundError: [Errno 2] No such file or directory: '/home/gerald/MusicProcessing/src/generated_files/result_files/convert_file.txt'
Stack (most recent call last):
  File "<string>", line 206, in <module>
  File "<string>", line 187, in run_tests
  File "/usr/lib/python3.12/unittest/runner.py", line 240, in run
    test(result)
  File "/usr/lib/python3.12/unittest/suite.py", line 84, in __call__
    return self.run(*args, **kwds)
  File "/usr/lib/python3.12/unittest/suite.py", line 122, in run
    test(result)
  File "/usr/lib/python3.12/unittest/case.py", line 690, in __call__
    return self.run(*args, **kwds)
  File "/usr/lib/python3.12/unittest/case.py", line 634, in run
    self._callTestMethod(testMethod)
  File "/usr/lib/python3.12/unittest/case.py", line 589, in _callTestMethod
    if method() is not None:
  File "/home/gerald/MusicProcessing/tests/test_audio_metadata.py", line 360, in test_convert_walk
    metadata.convert_walk(self.converted, None, show_spinner=False)
  File "/home/gerald/MusicProcessing/src/audio_info/audio_metadata.py", line 423, in convert_walk
    self.convert_file(input_file_path, show_spinner)
  File "/home/gerald/MusicProcessing/src/audio_info/audio_metadata.py", line 385, in convert_file
    logger.exception(f"Exception {type(e_error).__name__} converting {file_path} to {export_path}", stack_info=True)

2025-10-04 19:27:54,241 — src.audio_info.audio_metadata — ERROR — convert_walk:431 — Exception FileNotFoundError walking /home/gerald/MusicProcessing/tests/ConvertedMusic to convert audio files to mp3
Traceback (most recent call last):
  File "/home/gerald/MusicProcessing/src/audio_info/audio_metadata.py", line 423, in convert_walk
    self.convert_file(input_file_path, show_spinner)
  File "/home/gerald/MusicProcessing/src/audio_info/audio_metadata.py", line 386, in convert_file
    raise e_error
  File "/home/gerald/MusicProcessing/src/audio_info/audio_metadata.py", line 376, in convert_file
    directory.create_txt(txt_filename, data)
  File "/home/gerald/MusicProcessing/src/dir_processing/directory_processing.py", line 137, in create_txt
    raise os_error
  File "/home/gerald/MusicProcessing/src/dir_processing/directory_processing.py", line 129, in create_txt
    txt_outfile = open(txt_path, mode='w', encoding=UTF8, newline='')
                  ^^^^^^^^^^^^^^^^^^^^^^^^^^^^^^^^^^^^^^^^^^^^^^^^^^^
FileNotFoundError: [Errno 2] No such file or directory: '/home/gerald/MusicProcessing/src/generated_files/result_files/convert_file.txt'
Stack (most recent call last):
  File "<string>", line 206, in <module>
  File "<string>", line 187, in run_tests
  File "/usr/lib/python3.12/unittest/runner.py", line 240, in run
    test(result)
  File "/usr/lib/python3.12/unittest/suite.py", line 84, in __call__
    return self.run(*args, **kwds)
  File "/usr/lib/python3.12/unittest/suite.py", line 122, in run
    test(result)
  File "/usr/lib/python3.12/unittest/case.py", line 690, in __call__
    return self.run(*args, **kwds)
  File "/usr/lib/python3.12/unittest/case.py", line 634, in run
    self._callTestMethod(testMethod)
  File "/usr/lib/python3.12/unittest/case.py", line 589, in _callTestMethod
    if method() is not None:
  File "/home/gerald/MusicProcessing/tests/test_audio_metadata.py", line 360, in test_convert_walk
    metadata.convert_walk(self.converted, None, show_spinner=False)
  File "/home/gerald/MusicProcessing/src/audio_info/audio_metadata.py", line 431, in convert_walk
    logger.exception(exc_msg, stack_info=True)

2025-10-04 19:27:58,348 — src.dir_processing.directory_processing — ERROR — create_txt:136 — OSError No such file or directory writing data to /home/gerald/MusicProcessing/src/generated_files/result_files/convert_file.txt
Traceback (most recent call last):
  File "/home/gerald/MusicProcessing/src/dir_processing/directory_processing.py", line 129, in create_txt
    txt_outfile = open(txt_path, mode='w', encoding=UTF8, newline='')
                  ^^^^^^^^^^^^^^^^^^^^^^^^^^^^^^^^^^^^^^^^^^^^^^^^^^^
FileNotFoundError: [Errno 2] No such file or directory: '/home/gerald/MusicProcessing/src/generated_files/result_files/convert_file.txt'

2025-10-04 19:27:58,350 — src.audio_info.audio_metadata — ERROR — convert_file:385 — Exception FileNotFoundError converting /home/gerald/MusicProcessing/tests/ConvertedMusic/Abba/Waterloo/ABBA-Waterloo.mp3 to /home/gerald/MusicProcessing/src/generated_files/Music/Abba/Waterloo/ABBA-Waterloo.mp3
Traceback (most recent call last):
  File "/home/gerald/MusicProcessing/src/audio_info/audio_metadata.py", line 376, in convert_file
    directory.create_txt(txt_filename, data)
  File "/home/gerald/MusicProcessing/src/dir_processing/directory_processing.py", line 137, in create_txt
    raise os_error
  File "/home/gerald/MusicProcessing/src/dir_processing/directory_processing.py", line 129, in create_txt
    txt_outfile = open(txt_path, mode='w', encoding=UTF8, newline='')
                  ^^^^^^^^^^^^^^^^^^^^^^^^^^^^^^^^^^^^^^^^^^^^^^^^^^^
FileNotFoundError: [Errno 2] No such file or directory: '/home/gerald/MusicProcessing/src/generated_files/result_files/convert_file.txt'
Stack (most recent call last):
  File "<string>", line 206, in <module>
  File "<string>", line 187, in run_tests
  File "/usr/lib/python3.12/unittest/runner.py", line 240, in run
    test(result)
  File "/usr/lib/python3.12/unittest/suite.py", line 84, in __call__
    return self.run(*args, **kwds)
  File "/usr/lib/python3.12/unittest/suite.py", line 122, in run
    test(result)
  File "/usr/lib/python3.12/unittest/case.py", line 690, in __call__
    return self.run(*args, **kwds)
  File "/usr/lib/python3.12/unittest/case.py", line 634, in run
    self._callTestMethod(testMethod)
  File "/usr/lib/python3.12/unittest/case.py", line 589, in _callTestMethod
    if method() is not None:
  File "/home/gerald/MusicProcessing/tests/test_audio_metadata.py", line 375, in test_convert_walk_pattern
    metadata.convert_walk(self.converted, self.mp3_pattern, show_spinner=False)
  File "/home/gerald/MusicProcessing/src/audio_info/audio_metadata.py", line 423, in convert_walk
    self.convert_file(input_file_path, show_spinner)
  File "/home/gerald/MusicProcessing/src/audio_info/audio_metadata.py", line 385, in convert_file
    logger.exception(f"Exception {type(e_error).__name__} converting {file_path} to {export_path}", stack_info=True)

2025-10-04 19:27:58,350 — src.audio_info.audio_metadata — ERROR — convert_walk:431 — Exception FileNotFoundError walking /home/gerald/MusicProcessing/tests/ConvertedMusic to convert .mp3 audio files to mp3
Traceback (most recent call last):
  File "/home/gerald/MusicProcessing/src/audio_info/audio_metadata.py", line 423, in convert_walk
    self.convert_file(input_file_path, show_spinner)
  File "/home/gerald/MusicProcessing/src/audio_info/audio_metadata.py", line 386, in convert_file
    raise e_error
  File "/home/gerald/MusicProcessing/src/audio_info/audio_metadata.py", line 376, in convert_file
    directory.create_txt(txt_filename, data)
  File "/home/gerald/MusicProcessing/src/dir_processing/directory_processing.py", line 137, in create_txt
    raise os_error
  File "/home/gerald/MusicProcessing/src/dir_processing/directory_processing.py", line 129, in create_txt
    txt_outfile = open(txt_path, mode='w', encoding=UTF8, newline='')
                  ^^^^^^^^^^^^^^^^^^^^^^^^^^^^^^^^^^^^^^^^^^^^^^^^^^^
FileNotFoundError: [Errno 2] No such file or directory: '/home/gerald/MusicProcessing/src/generated_files/result_files/convert_file.txt'
Stack (most recent call last):
  File "<string>", line 206, in <module>
  File "<string>", line 187, in run_tests
  File "/usr/lib/python3.12/unittest/runner.py", line 240, in run
    test(result)
  File "/usr/lib/python3.12/unittest/suite.py", line 84, in __call__
    return self.run(*args, **kwds)
  File "/usr/lib/python3.12/unittest/suite.py", line 122, in run
    test(result)
  File "/usr/lib/python3.12/unittest/case.py", line 690, in __call__
    return self.run(*args, **kwds)
  File "/usr/lib/python3.12/unittest/case.py", line 634, in run
    self._callTestMethod(testMethod)
  File "/usr/lib/python3.12/unittest/case.py", line 589, in _callTestMethod
    if method() is not None:
  File "/home/gerald/MusicProcessing/tests/test_audio_metadata.py", line 375, in test_convert_walk_pattern
    metadata.convert_walk(self.converted, self.mp3_pattern, show_spinner=False)
  File "/home/gerald/MusicProcessing/src/audio_info/audio_metadata.py", line 431, in convert_walk
    logger.exception(exc_msg, stack_info=True)

2025-10-04 19:27:58,354 — src.audio_info.audio_metadata — WARNING — convert_walk:406 — Pattern .m3u is not for a valid audio file

2025-10-04 19:27:59,123 — src.audio_info.audio_metadata — WARNING — create_album_dir:522 — /home/gerald/MusicProcessing/tests/PreppedMusic/NoMetadata/No_tag_Crush-Live.mp3 is missing album metadata

2025-10-04 19:27:59,710 — src.dir_processing.directory_processing — ERROR — create_txt:136 — OSError No such file or directory writing data to /home/gerald/MusicProcessing/src/generated_files/result_files/get_media_info_walk.txt
Traceback (most recent call last):
  File "/home/gerald/MusicProcessing/src/dir_processing/directory_processing.py", line 129, in create_txt
    txt_outfile = open(txt_path, mode='w', encoding=UTF8, newline='')
                  ^^^^^^^^^^^^^^^^^^^^^^^^^^^^^^^^^^^^^^^^^^^^^^^^^^^
FileNotFoundError: [Errno 2] No such file or directory: '/home/gerald/MusicProcessing/src/generated_files/result_files/get_media_info_walk.txt'

2025-10-04 19:27:59,710 — src.audio_info.audio_metadata — ERROR — get_media_info_walk:720 — Exception FileNotFoundError getting media info for file /home/gerald/MusicProcessing/tests/ConvertedMusic/Creedence Clearwater Revival/Chronicle, Vol. 1/Creedence Clearwater Revival-Fortunate Son.wma
Traceback (most recent call last):
  File "/home/gerald/MusicProcessing/src/audio_info/audio_metadata.py", line 715, in get_media_info_walk
    directory.create_txt(txt_filename, data)
  File "/home/gerald/MusicProcessing/src/dir_processing/directory_processing.py", line 137, in create_txt
    raise os_error
  File "/home/gerald/MusicProcessing/src/dir_processing/directory_processing.py", line 129, in create_txt
    txt_outfile = open(txt_path, mode='w', encoding=UTF8, newline='')
                  ^^^^^^^^^^^^^^^^^^^^^^^^^^^^^^^^^^^^^^^^^^^^^^^^^^^
FileNotFoundError: [Errno 2] No such file or directory: '/home/gerald/MusicProcessing/src/generated_files/result_files/get_media_info_walk.txt'

2025-10-04 19:27:59,712 — src.dir_processing.directory_processing — ERROR — create_txt:136 — OSError No such file or directory writing data to /home/gerald/MusicProcessing/src/generated_files/result_files/get_media_info_walk.txt
Traceback (most recent call last):
  File "/home/gerald/MusicProcessing/src/dir_processing/directory_processing.py", line 129, in create_txt
    txt_outfile = open(txt_path, mode='w', encoding=UTF8, newline='')
                  ^^^^^^^^^^^^^^^^^^^^^^^^^^^^^^^^^^^^^^^^^^^^^^^^^^^
FileNotFoundError: [Errno 2] No such file or directory: '/home/gerald/MusicProcessing/src/generated_files/result_files/get_media_info_walk.txt'

2025-10-04 19:27:59,860 — src.dir_processing.directory_processing — ERROR — create_txt:136 — OSError No such file or directory writing data to /home/gerald/MusicProcessing/src/generated_files/result_files/get_media_info_walk.txt
Traceback (most recent call last):
  File "/home/gerald/MusicProcessing/src/dir_processing/directory_processing.py", line 129, in create_txt
    txt_outfile = open(txt_path, mode='w', encoding=UTF8, newline='')
                  ^^^^^^^^^^^^^^^^^^^^^^^^^^^^^^^^^^^^^^^^^^^^^^^^^^^
FileNotFoundError: [Errno 2] No such file or directory: '/home/gerald/MusicProcessing/src/generated_files/result_files/get_media_info_walk.txt'

2025-10-04 19:27:59,861 — src.audio_info.audio_metadata — ERROR — get_media_info_walk:720 — Exception FileNotFoundError getting media info for file /home/gerald/MusicProcessing/tests/ConvertedMusic/Abba/Waterloo/ABBA-Waterloo.mp3
Traceback (most recent call last):
  File "/home/gerald/MusicProcessing/src/audio_info/audio_metadata.py", line 715, in get_media_info_walk
    directory.create_txt(txt_filename, data)
  File "/home/gerald/MusicProcessing/src/dir_processing/directory_processing.py", line 137, in create_txt
    raise os_error
  File "/home/gerald/MusicProcessing/src/dir_processing/directory_processing.py", line 129, in create_txt
    txt_outfile = open(txt_path, mode='w', encoding=UTF8, newline='')
                  ^^^^^^^^^^^^^^^^^^^^^^^^^^^^^^^^^^^^^^^^^^^^^^^^^^^
FileNotFoundError: [Errno 2] No such file or directory: '/home/gerald/MusicProcessing/src/generated_files/result_files/get_media_info_walk.txt'

2025-10-04 19:28:00,010 — src.audio_info.audio_metadata — ERROR — get_media_tags:762 — JSONDecodeError decoding JSON output from ffprobe
Traceback (most recent call last):
  File "/home/gerald/MusicProcessing/src/audio_info/audio_metadata.py", line 756, in get_media_tags
    data = json.loads(result.stdout)
           ^^^^^^^^^^^^^^^^^^^^^^^^^
  File "/usr/lib/python3.12/json/__init__.py", line 346, in loads
    return _default_decoder.decode(s)
           ^^^^^^^^^^^^^^^^^^^^^^^^^^
  File "/usr/lib/python3.12/json/decoder.py", line 337, in decode
    obj, end = self.raw_decode(s, idx=_w(s, 0).end())
               ^^^^^^^^^^^^^^^^^^^^^^^^^^^^^^^^^^^^^^
  File "/usr/lib/python3.12/json/decoder.py", line 353, in raw_decode
    obj, end = self.scan_once(s, idx)
               ^^^^^^^^^^^^^^^^^^^^^^
json.decoder.JSONDecodeError: Expecting ',' delimiter: line 18 column 1 (char 249)

2025-10-04 19:28:00,333 — src.dir_processing.directory_processing — ERROR — create_txt:136 — OSError No such file or directory writing data to /home/gerald/MusicProcessing/src/generated_files/result_files/get_tags_walk.txt
Traceback (most recent call last):
  File "/home/gerald/MusicProcessing/src/dir_processing/directory_processing.py", line 129, in create_txt
    txt_outfile = open(txt_path, mode='w', encoding=UTF8, newline='')
                  ^^^^^^^^^^^^^^^^^^^^^^^^^^^^^^^^^^^^^^^^^^^^^^^^^^^
FileNotFoundError: [Errno 2] No such file or directory: '/home/gerald/MusicProcessing/src/generated_files/result_files/get_tags_walk.txt'

2025-10-04 19:28:00,334 — src.audio_info.audio_metadata — ERROR — get_tags_walk:862 — Exception FileNotFoundError getting tags for file /home/gerald/MusicProcessing/tests/ConvertedMusic
Traceback (most recent call last):
  File "/home/gerald/MusicProcessing/src/audio_info/audio_metadata.py", line 859, in get_tags_walk
    directory.create_txt(txt_filename, data)
  File "/home/gerald/MusicProcessing/src/dir_processing/directory_processing.py", line 137, in create_txt
    raise os_error
  File "/home/gerald/MusicProcessing/src/dir_processing/directory_processing.py", line 129, in create_txt
    txt_outfile = open(txt_path, mode='w', encoding=UTF8, newline='')
                  ^^^^^^^^^^^^^^^^^^^^^^^^^^^^^^^^^^^^^^^^^^^^^^^^^^^
FileNotFoundError: [Errno 2] No such file or directory: '/home/gerald/MusicProcessing/src/generated_files/result_files/get_tags_walk.txt'
Stack (most recent call last):
  File "<string>", line 206, in <module>
  File "<string>", line 187, in run_tests
  File "/usr/lib/python3.12/unittest/runner.py", line 240, in run
    test(result)
  File "/usr/lib/python3.12/unittest/suite.py", line 84, in __call__
    return self.run(*args, **kwds)
  File "/usr/lib/python3.12/unittest/suite.py", line 122, in run
    test(result)
  File "/usr/lib/python3.12/unittest/case.py", line 690, in __call__
    return self.run(*args, **kwds)
  File "/usr/lib/python3.12/unittest/case.py", line 634, in run
    self._callTestMethod(testMethod)
  File "/usr/lib/python3.12/unittest/case.py", line 589, in _callTestMethod
    if method() is not None:
  File "/home/gerald/MusicProcessing/tests/test_audio_metadata.py", line 623, in test_get_tags_walk
    metadata.get_tags_walk(self.converted, MP3_EXT, ffprobe=True)
  File "/home/gerald/MusicProcessing/src/audio_info/audio_metadata.py", line 862, in get_tags_walk
    logger.exception(f"Exception {type(e_error).__name__} getting tags for file {file_path}", stack_info=True)

2025-10-04 19:28:00,771 — src.dir_processing.directory_processing — ERROR — create_txt:136 — OSError No such file or directory writing data to /home/gerald/MusicProcessing/src/generated_files/result_files/get_tags_walk.txt
Traceback (most recent call last):
  File "/home/gerald/MusicProcessing/src/dir_processing/directory_processing.py", line 129, in create_txt
    txt_outfile = open(txt_path, mode='w', encoding=UTF8, newline='')
                  ^^^^^^^^^^^^^^^^^^^^^^^^^^^^^^^^^^^^^^^^^^^^^^^^^^^
FileNotFoundError: [Errno 2] No such file or directory: '/home/gerald/MusicProcessing/src/generated_files/result_files/get_tags_walk.txt'

2025-10-04 19:28:00,772 — src.audio_info.audio_metadata — ERROR — get_tags_walk:862 — Exception FileNotFoundError getting tags for file /home/gerald/MusicProcessing/tests/ConvertedMusic
Traceback (most recent call last):
  File "/home/gerald/MusicProcessing/src/audio_info/audio_metadata.py", line 859, in get_tags_walk
    directory.create_txt(txt_filename, data)
  File "/home/gerald/MusicProcessing/src/dir_processing/directory_processing.py", line 137, in create_txt
    raise os_error
  File "/home/gerald/MusicProcessing/src/dir_processing/directory_processing.py", line 129, in create_txt
    txt_outfile = open(txt_path, mode='w', encoding=UTF8, newline='')
                  ^^^^^^^^^^^^^^^^^^^^^^^^^^^^^^^^^^^^^^^^^^^^^^^^^^^
FileNotFoundError: [Errno 2] No such file or directory: '/home/gerald/MusicProcessing/src/generated_files/result_files/get_tags_walk.txt'
Stack (most recent call last):
  File "<string>", line 206, in <module>
  File "<string>", line 187, in run_tests
  File "/usr/lib/python3.12/unittest/runner.py", line 240, in run
    test(result)
  File "/usr/lib/python3.12/unittest/suite.py", line 84, in __call__
    return self.run(*args, **kwds)
  File "/usr/lib/python3.12/unittest/suite.py", line 122, in run
    test(result)
  File "/usr/lib/python3.12/unittest/case.py", line 690, in __call__
    return self.run(*args, **kwds)
  File "/usr/lib/python3.12/unittest/case.py", line 634, in run
    self._callTestMethod(testMethod)
  File "/usr/lib/python3.12/unittest/case.py", line 589, in _callTestMethod
    if method() is not None:
  File "/home/gerald/MusicProcessing/tests/test_audio_metadata.py", line 640, in test_get_tags_walk_ffprobe
    metadata.get_tags_walk(self.converted, None, ffprobe=True)
  File "/home/gerald/MusicProcessing/src/audio_info/audio_metadata.py", line 862, in get_tags_walk
    logger.exception(f"Exception {type(e_error).__name__} getting tags for file {file_path}", stack_info=True)

2025-10-04 19:28:00,779 — src.dir_processing.directory_processing — ERROR — create_txt:136 — OSError No such file or directory writing data to /home/gerald/MusicProcessing/src/generated_files/result_files/get_tags_walk.txt
Traceback (most recent call last):
  File "/home/gerald/MusicProcessing/src/dir_processing/directory_processing.py", line 129, in create_txt
    txt_outfile = open(txt_path, mode='w', encoding=UTF8, newline='')
                  ^^^^^^^^^^^^^^^^^^^^^^^^^^^^^^^^^^^^^^^^^^^^^^^^^^^
FileNotFoundError: [Errno 2] No such file or directory: '/home/gerald/MusicProcessing/src/generated_files/result_files/get_tags_walk.txt'

2025-10-04 19:28:00,779 — src.audio_info.audio_metadata — ERROR — get_tags_walk:862 — Exception FileNotFoundError getting tags for file /home/gerald/MusicProcessing/tests/ConvertedMusic
Traceback (most recent call last):
  File "/home/gerald/MusicProcessing/src/audio_info/audio_metadata.py", line 859, in get_tags_walk
    directory.create_txt(txt_filename, data)
  File "/home/gerald/MusicProcessing/src/dir_processing/directory_processing.py", line 137, in create_txt
    raise os_error
  File "/home/gerald/MusicProcessing/src/dir_processing/directory_processing.py", line 129, in create_txt
    txt_outfile = open(txt_path, mode='w', encoding=UTF8, newline='')
                  ^^^^^^^^^^^^^^^^^^^^^^^^^^^^^^^^^^^^^^^^^^^^^^^^^^^
FileNotFoundError: [Errno 2] No such file or directory: '/home/gerald/MusicProcessing/src/generated_files/result_files/get_tags_walk.txt'
Stack (most recent call last):
  File "<string>", line 206, in <module>
  File "<string>", line 187, in run_tests
  File "/usr/lib/python3.12/unittest/runner.py", line 240, in run
    test(result)
  File "/usr/lib/python3.12/unittest/suite.py", line 84, in __call__
    return self.run(*args, **kwds)
  File "/usr/lib/python3.12/unittest/suite.py", line 122, in run
    test(result)
  File "/usr/lib/python3.12/unittest/case.py", line 690, in __call__
    return self.run(*args, **kwds)
  File "/usr/lib/python3.12/unittest/case.py", line 634, in run
    self._callTestMethod(testMethod)
  File "/usr/lib/python3.12/unittest/case.py", line 589, in _callTestMethod
    if method() is not None:
  File "/home/gerald/MusicProcessing/tests/test_audio_metadata.py", line 659, in test_get_tags_walk_mutagen
    metadata.get_tags_walk(self.converted, None)
  File "/home/gerald/MusicProcessing/src/audio_info/audio_metadata.py", line 862, in get_tags_walk
    logger.exception(f"Exception {type(e_error).__name__} getting tags for file {file_path}", stack_info=True)

2025-10-04 19:28:03,790 — src.dir_processing.directory_processing — ERROR — create_txt:136 — OSError No such file or directory writing data to /home/gerald/MusicProcessing/src/generated_files/result_files/get_unique_media_keys.txt
Traceback (most recent call last):
  File "/home/gerald/MusicProcessing/src/dir_processing/directory_processing.py", line 129, in create_txt
    txt_outfile = open(txt_path, mode='w', encoding=UTF8, newline='')
                  ^^^^^^^^^^^^^^^^^^^^^^^^^^^^^^^^^^^^^^^^^^^^^^^^^^^
FileNotFoundError: [Errno 2] No such file or directory: '/home/gerald/MusicProcessing/src/generated_files/result_files/get_unique_media_keys.txt'

2025-10-04 19:28:03,791 — src.audio_info.audio_metadata — ERROR — get_unique_media_keys:912 — Exception FileNotFoundError getting tags for file /home/gerald/MusicProcessing/tests/Music
Traceback (most recent call last):
  File "/home/gerald/MusicProcessing/src/audio_info/audio_metadata.py", line 909, in get_unique_media_keys
    directory.create_txt(txt_filename, data)
  File "/home/gerald/MusicProcessing/src/dir_processing/directory_processing.py", line 137, in create_txt
    raise os_error
  File "/home/gerald/MusicProcessing/src/dir_processing/directory_processing.py", line 129, in create_txt
    txt_outfile = open(txt_path, mode='w', encoding=UTF8, newline='')
                  ^^^^^^^^^^^^^^^^^^^^^^^^^^^^^^^^^^^^^^^^^^^^^^^^^^^
FileNotFoundError: [Errno 2] No such file or directory: '/home/gerald/MusicProcessing/src/generated_files/result_files/get_unique_media_keys.txt'
Stack (most recent call last):
  File "<string>", line 206, in <module>
  File "<string>", line 187, in run_tests
  File "/usr/lib/python3.12/unittest/runner.py", line 240, in run
    test(result)
  File "/usr/lib/python3.12/unittest/suite.py", line 84, in __call__
    return self.run(*args, **kwds)
  File "/usr/lib/python3.12/unittest/suite.py", line 122, in run
    test(result)
  File "/usr/lib/python3.12/unittest/case.py", line 690, in __call__
    return self.run(*args, **kwds)
  File "/usr/lib/python3.12/unittest/case.py", line 634, in run
    self._callTestMethod(testMethod)
  File "/usr/lib/python3.12/unittest/case.py", line 589, in _callTestMethod
    if method() is not None:
  File "/home/gerald/MusicProcessing/tests/test_audio_metadata.py", line 678, in test_get_unique_media_keys
    metadata.get_unique_media_keys(TESTS_TLD)
  File "/home/gerald/MusicProcessing/src/audio_info/audio_metadata.py", line 912, in get_unique_media_keys
    logger.exception(f"Exception {type(e_error).__name__} getting tags for file {file_path}", stack_info=True)

2025-10-04 19:28:03,792 — src.audio_info.audio_metadata — ERROR — has_art_tag:932 — MusicProcessingError with file: /home/gerald/MusicProcessing/tests/Music/test has invalid extension: .m3u
NoneType: None

2025-10-04 19:28:03,797 — src.audio_info.audio_metadata — ERROR — load_any_file:978 — ValueError loading /home/gerald/MusicProcessing/tests/Music/test.m3u returned None
NoneType: None

2025-10-04 19:28:03,798 — src.audio_info.audio_metadata — ERROR — load_any_file:982 — MutagenError [Errno 2] No such file or directory: '/home/gerald/MusicProcessing/tests/Music/Non-extant.wav' loading /home/gerald/MusicProcessing/tests/Music/Non-extant.wav
Traceback (most recent call last):
  File "/home/gerald/.local/lib/python3.12/site-packages/mutagen/_util.py", line 251, in _openfile
    fileobj = open(filename, "rb+" if writable else "rb")
              ^^^^^^^^^^^^^^^^^^^^^^^^^^^^^^^^^^^^^^^^^^^
FileNotFoundError: [Errno 2] No such file or directory: '/home/gerald/MusicProcessing/tests/Music/Non-extant.wav'

During handling of the above exception, another exception occurred:

Traceback (most recent call last):
  File "/home/gerald/MusicProcessing/src/audio_info/audio_metadata.py", line 974, in load_any_file
    audio_file = mutagen.File(file_path)
                 ^^^^^^^^^^^^^^^^^^^^^^^
  File "/home/gerald/.local/lib/python3.12/site-packages/mutagen/_util.py", line 162, in wrapper_func
    with _openfile(None, filething, filename, fileobj,
  File "/usr/lib/python3.12/contextlib.py", line 137, in __enter__
    return next(self.gen)
           ^^^^^^^^^^^^^^
  File "/home/gerald/.local/lib/python3.12/site-packages/mutagen/_util.py", line 272, in _openfile
    raise MutagenError(e)
mutagen.MutagenError: [Errno 2] No such file or directory: '/home/gerald/MusicProcessing/tests/Music/Non-extant.wav'

2025-10-04 19:28:22,199 — src.dir_processing.directory_processing — ERROR — create_txt:136 — OSError No such file or directory writing data to /home/gerald/MusicProcessing/src/generated_files/result_files/convert_file.txt
Traceback (most recent call last):
  File "/home/gerald/MusicProcessing/src/dir_processing/directory_processing.py", line 129, in create_txt
    txt_outfile = open(txt_path, mode='w', encoding=UTF8, newline='')
                  ^^^^^^^^^^^^^^^^^^^^^^^^^^^^^^^^^^^^^^^^^^^^^^^^^^^
FileNotFoundError: [Errno 2] No such file or directory: '/home/gerald/MusicProcessing/src/generated_files/result_files/convert_file.txt'

2025-10-04 19:28:22,201 — src.audio_info.audio_metadata — ERROR — convert_file:385 — Exception FileNotFoundError converting /home/gerald/MusicProcessing/tests/Music/The Eagles/Desperado/The Eagles-Desperado.m4a to /home/gerald/MusicProcessing/src/generated_files/Music/The Eagles/Desperado/The Eagles-Desperado.mp3
Traceback (most recent call last):
  File "/home/gerald/MusicProcessing/src/audio_info/audio_metadata.py", line 376, in convert_file
    directory.create_txt(txt_filename, data)
  File "/home/gerald/MusicProcessing/src/dir_processing/directory_processing.py", line 137, in create_txt
    raise os_error
  File "/home/gerald/MusicProcessing/src/dir_processing/directory_processing.py", line 129, in create_txt
    txt_outfile = open(txt_path, mode='w', encoding=UTF8, newline='')
                  ^^^^^^^^^^^^^^^^^^^^^^^^^^^^^^^^^^^^^^^^^^^^^^^^^^^
FileNotFoundError: [Errno 2] No such file or directory: '/home/gerald/MusicProcessing/src/generated_files/result_files/convert_file.txt'
Stack (most recent call last):
  File "<string>", line 206, in <module>
  File "<string>", line 187, in run_tests
  File "/usr/lib/python3.12/unittest/runner.py", line 240, in run
    test(result)
  File "/usr/lib/python3.12/unittest/suite.py", line 84, in __call__
    return self.run(*args, **kwds)
  File "/usr/lib/python3.12/unittest/suite.py", line 122, in run
    test(result)
  File "/usr/lib/python3.12/unittest/case.py", line 690, in __call__
    return self.run(*args, **kwds)
  File "/usr/lib/python3.12/unittest/case.py", line 634, in run
    self._callTestMethod(testMethod)
  File "/usr/lib/python3.12/unittest/case.py", line 589, in _callTestMethod
    if method() is not None:
  File "/home/gerald/MusicProcessing/tests/test_audio_metadata.py", line 318, in test_convert_file
    metadata.convert_file(src_file, show_spinner=False)
  File "/home/gerald/MusicProcessing/src/audio_info/audio_metadata.py", line 385, in convert_file
    logger.exception(f"Exception {type(e_error).__name__} converting {file_path} to {export_path}", stack_info=True)

2025-10-04 19:30:19,945 — src.audio_info.audio_art — INFO — extract_album_art:180 — /home/gerald/MusicProcessing/tests/Music/Abba/Waterloo has a Folder.jpg

2025-10-04 19:30:19,945 — src.audio_info.audio_art — WARNING — extract_album_art:186 — test.m3u is not an audio file

2025-10-04 19:30:20,110 — src.audio_info.audio_art — INFO — extract_album_art:196 — No video stream album art present in /home/gerald/MusicProcessing/tests/Music/Crush/Here/No_tag_Crush-Live.mp3

2025-10-04 19:30:20,122 — src.audio_info.audio_art — WARNING — extract_album_art:211 — No album art present in /home/gerald/MusicProcessing/tests/Music/Crush/Here/No_tag_Crush-Live.mp3

2025-10-04 19:30:20,297 — src.audio_info.audio_art — INFO — extract_album_art:196 — No video stream album art present in /home/gerald/MusicProcessing/tests/Music/Billie Holiday/Georgia On My Mind/Billie Holiday-Georgia On My Mind.wma

2025-10-04 19:30:20,731 — src.subprocess_utils — ERROR — subprocess_run:233 — CalledProcessError returncode: 234 on command ['ffmpeg', '-hide_banner', '-i', '/home/gerald/MusicProcessing/tests/Music/Billie Holiday/Georgia On My Mind/Billie Holiday-Georgia On My Mind.wma', '-an', '-map', '0:v', '-map_metadata', '-1', '-update', '1', '/home/gerald/MusicProcessing/tests/Music/Billie Holiday/Georgia On My Mind/Folder.jpg', '-y']
Traceback (most recent call last):
  File "/home/gerald/MusicProcessing/src/subprocess_utils.py", line 224, in subprocess_run
    process = subprocess.run(
              ^^^^^^^^^^^^^^^
  File "/usr/lib/python3.12/subprocess.py", line 571, in run
    raise CalledProcessError(retcode, process.args,
subprocess.CalledProcessError: Command '['ffmpeg', '-hide_banner', '-i', '/home/gerald/MusicProcessing/tests/Music/Billie Holiday/Georgia On My Mind/Billie Holiday-Georgia On My Mind.wma', '-an', '-map', '0:v', '-map_metadata', '-1', '-update', '1', '/home/gerald/MusicProcessing/tests/Music/Billie Holiday/Georgia On My Mind/Folder.jpg', '-y']' returned non-zero exit status 234.
Stack (most recent call last):
  File "/usr/lib/python3.12/runpy.py", line 198, in _run_module_as_main
    return _run_code(code, main_globals, None,
  File "/usr/lib/python3.12/runpy.py", line 88, in _run_code
    exec(code, run_globals)
  File "/home/gerald/.vscode/extensions/ms-python.debugpy-2025.10.0-linux-x64/bundled/libs/debugpy/adapter/../../debugpy/launcher/../../debugpy/__main__.py", line 71, in <module>
    cli.main()
  File "/home/gerald/.vscode/extensions/ms-python.debugpy-2025.10.0-linux-x64/bundled/libs/debugpy/adapter/../../debugpy/launcher/../../debugpy/../debugpy/server/cli.py", line 501, in main
    run()
  File "/home/gerald/.vscode/extensions/ms-python.debugpy-2025.10.0-linux-x64/bundled/libs/debugpy/adapter/../../debugpy/launcher/../../debugpy/../debugpy/server/cli.py", line 351, in run_file
    runpy.run_path(target, run_name="__main__")
  File "/home/gerald/.vscode/extensions/ms-python.debugpy-2025.10.0-linux-x64/bundled/libs/debugpy/_vendored/pydevd/_pydevd_bundle/pydevd_runpy.py", line 310, in run_path
    return _run_module_code(code, init_globals, run_name, pkg_name=pkg_name, script_name=fname)
  File "/home/gerald/.vscode/extensions/ms-python.debugpy-2025.10.0-linux-x64/bundled/libs/debugpy/_vendored/pydevd/_pydevd_bundle/pydevd_runpy.py", line 127, in _run_module_code
    _run_code(code, mod_globals, init_globals, mod_name, mod_spec, pkg_name, script_name)
  File "/home/gerald/.vscode/extensions/ms-python.debugpy-2025.10.0-linux-x64/bundled/libs/debugpy/_vendored/pydevd/_pydevd_bundle/pydevd_runpy.py", line 118, in _run_code
    exec(code, run_globals)
  File "/home/gerald/MusicProcessing/tests/test_audio_art.py", line 375, in <module>
    runner.run(suite)
  File "/usr/lib/python3.12/unittest/runner.py", line 240, in run
    test(result)
  File "/usr/lib/python3.12/unittest/suite.py", line 84, in __call__
    return self.run(*args, **kwds)
  File "/usr/lib/python3.12/unittest/suite.py", line 122, in run
    test(result)
  File "/usr/lib/python3.12/unittest/case.py", line 690, in __call__
    return self.run(*args, **kwds)
  File "/usr/lib/python3.12/unittest/case.py", line 634, in run
    self._callTestMethod(testMethod)
  File "/usr/lib/python3.12/unittest/case.py", line 589, in _callTestMethod
    if method() is not None:
  File "/home/gerald/MusicProcessing/tests/test_audio_art.py", line 244, in test_extract_ffmpeg_art_no_stream
    art.extract_ffmpeg_art(input_audio)
  File "/home/gerald/MusicProcessing/src/audio_info/audio_art.py", line 284, in extract_ffmpeg_art
    _ = subprocess_utils.subprocess_run(command)
  File "/home/gerald/MusicProcessing/src/subprocess_utils.py", line 233, in subprocess_run
    logger.exception(f"CalledProcessError returncode: {cp_error.returncode} on command {cp_error.cmd}", stack_info=True)

2025-10-04 19:30:20,733 — src.audio_info.audio_art — ERROR — extract_ffmpeg_art:287 — Exception CalledProcessError using ffmpeg to extract art from /home/gerald/MusicProcessing/tests/Music/Billie Holiday/Georgia On My Mind/Billie Holiday-Georgia On My Mind.wma
Traceback (most recent call last):
  File "/home/gerald/MusicProcessing/src/audio_info/audio_art.py", line 284, in extract_ffmpeg_art
    _ = subprocess_utils.subprocess_run(command)
        ^^^^^^^^^^^^^^^^^^^^^^^^^^^^^^^^^^^^^^^^
  File "/home/gerald/MusicProcessing/src/subprocess_utils.py", line 234, in subprocess_run
    raise cp_error
  File "/home/gerald/MusicProcessing/src/subprocess_utils.py", line 224, in subprocess_run
    process = subprocess.run(
              ^^^^^^^^^^^^^^^
  File "/usr/lib/python3.12/subprocess.py", line 571, in run
    raise CalledProcessError(retcode, process.args,
subprocess.CalledProcessError: Command '['ffmpeg', '-hide_banner', '-i', '/home/gerald/MusicProcessing/tests/Music/Billie Holiday/Georgia On My Mind/Billie Holiday-Georgia On My Mind.wma', '-an', '-map', '0:v', '-map_metadata', '-1', '-update', '1', '/home/gerald/MusicProcessing/tests/Music/Billie Holiday/Georgia On My Mind/Folder.jpg', '-y']' returned non-zero exit status 234.
Stack (most recent call last):
  File "/usr/lib/python3.12/runpy.py", line 198, in _run_module_as_main
    return _run_code(code, main_globals, None,
  File "/usr/lib/python3.12/runpy.py", line 88, in _run_code
    exec(code, run_globals)
  File "/home/gerald/.vscode/extensions/ms-python.debugpy-2025.10.0-linux-x64/bundled/libs/debugpy/adapter/../../debugpy/launcher/../../debugpy/__main__.py", line 71, in <module>
    cli.main()
  File "/home/gerald/.vscode/extensions/ms-python.debugpy-2025.10.0-linux-x64/bundled/libs/debugpy/adapter/../../debugpy/launcher/../../debugpy/../debugpy/server/cli.py", line 501, in main
    run()
  File "/home/gerald/.vscode/extensions/ms-python.debugpy-2025.10.0-linux-x64/bundled/libs/debugpy/adapter/../../debugpy/launcher/../../debugpy/../debugpy/server/cli.py", line 351, in run_file
    runpy.run_path(target, run_name="__main__")
  File "/home/gerald/.vscode/extensions/ms-python.debugpy-2025.10.0-linux-x64/bundled/libs/debugpy/_vendored/pydevd/_pydevd_bundle/pydevd_runpy.py", line 310, in run_path
    return _run_module_code(code, init_globals, run_name, pkg_name=pkg_name, script_name=fname)
  File "/home/gerald/.vscode/extensions/ms-python.debugpy-2025.10.0-linux-x64/bundled/libs/debugpy/_vendored/pydevd/_pydevd_bundle/pydevd_runpy.py", line 127, in _run_module_code
    _run_code(code, mod_globals, init_globals, mod_name, mod_spec, pkg_name, script_name)
  File "/home/gerald/.vscode/extensions/ms-python.debugpy-2025.10.0-linux-x64/bundled/libs/debugpy/_vendored/pydevd/_pydevd_bundle/pydevd_runpy.py", line 118, in _run_code
    exec(code, run_globals)
  File "/home/gerald/MusicProcessing/tests/test_audio_art.py", line 375, in <module>
    runner.run(suite)
  File "/usr/lib/python3.12/unittest/runner.py", line 240, in run
    test(result)
  File "/usr/lib/python3.12/unittest/suite.py", line 84, in __call__
    return self.run(*args, **kwds)
  File "/usr/lib/python3.12/unittest/suite.py", line 122, in run
    test(result)
  File "/usr/lib/python3.12/unittest/case.py", line 690, in __call__
    return self.run(*args, **kwds)
  File "/usr/lib/python3.12/unittest/case.py", line 634, in run
    self._callTestMethod(testMethod)
  File "/usr/lib/python3.12/unittest/case.py", line 589, in _callTestMethod
    if method() is not None:
  File "/home/gerald/MusicProcessing/tests/test_audio_art.py", line 244, in test_extract_ffmpeg_art_no_stream
    art.extract_ffmpeg_art(input_audio)
  File "/home/gerald/MusicProcessing/src/audio_info/audio_art.py", line 287, in extract_ffmpeg_art
    logger.exception(f"Exception {type(e_error).__name__} using ffmpeg to extract art from {input_path}", stack_info=True)

2025-10-04 19:30:21,978 — src.audio_info.audio_art — WARNING — extract_walk:371 — Pattern .m3u is not for a valid audio file

2025-10-04 19:30:22,250 — src.audio_info.audio_art — INFO — set_album_art:483 — Found Folder.jpg in /home/gerald/MusicProcessing/tests/Music/Genesis/In Too Deep-I’d Rather Be You

2025-10-04 19:30:22,250 — src.audio_info.audio_art — INFO — set_album_art:483 — Found Folder.jpg in /home/gerald/MusicProcessing/tests/Music/Abba/Waterloo

2025-10-04 19:30:22,251 — src.audio_info.audio_art — WARNING — set_album_art:499 — No album art set for /home/gerald/MusicProcessing/tests/Music/Aerosmith/Devil's Got a New Disguise-The Very Best of Aerosmith

2025-10-04 19:30:22,251 — src.audio_info.audio_art — WARNING — set_album_art:499 — No album art set for /home/gerald/MusicProcessing/tests/Music/Diamond Rio

2025-10-04 19:30:22,251 — src.audio_info.audio_art — WARNING — set_album_art:499 — No album art set for /home/gerald/MusicProcessing/tests/Music/Elton John/Goodbye Yellow Brick Road

2025-10-04 19:30:22,251 — src.audio_info.audio_art — WARNING — set_album_art:499 — No album art set for /home/gerald/MusicProcessing/tests/Music/The Lord of the Rings/The Return of the King

2025-10-04 19:30:22,251 — src.audio_info.audio_art — WARNING — set_album_art:499 — No album art set for /home/gerald/MusicProcessing/tests/Music/The Lord of the Rings/The Two Towers

2025-10-04 19:30:22,252 — src.audio_info.audio_art — WARNING — set_album_art:499 — No album art set for /home/gerald/MusicProcessing/tests/Music/Daughtry/Leave This Town

2025-10-04 19:30:22,252 — src.audio_info.audio_art — WARNING — set_album_art:499 — No album art set for /home/gerald/MusicProcessing/tests/Music/Billie Holiday/Georgia On My Mind

2025-10-04 19:30:22,252 — src.audio_info.audio_art — WARNING — set_album_art:499 — No album art set for /home/gerald/MusicProcessing/tests/Music/Sawyer Fredericks/A Good Storm

2025-10-04 19:30:22,252 — src.audio_info.audio_art — WARNING — set_album_art:499 — No album art set for /home/gerald/MusicProcessing/tests/Music/38 Special/Teachers

2025-10-04 19:30:22,252 — src.audio_info.audio_art — WARNING — set_album_art:499 — No album art set for /home/gerald/MusicProcessing/tests/Music/Crush/Here

2025-10-04 19:30:22,252 — src.audio_info.audio_art — INFO — set_album_art:483 — Found Folder.jpg in /home/gerald/MusicProcessing/tests/Music/The Eagles/Desperado

2025-10-04 19:30:22,253 — src.audio_info.audio_art — WARNING — set_album_art:499 — No album art set for /home/gerald/MusicProcessing/tests/Music/Joshua Davis/The Voice Peformance

2025-10-04 19:30:22,253 — src.audio_info.audio_art — WARNING — set_album_art:499 — No album art set for /home/gerald/MusicProcessing/tests/Music/X Ambassadors/VHS

2025-10-04 19:30:22,253 — src.audio_info.audio_art — INFO — set_album_art:483 — Found Folder.jpg in /home/gerald/MusicProcessing/tests/Music/Creedence Clearwater Revival/Chronicle, Vol. 1

2025-10-04 19:30:22,254 — src.audio_info.audio_art — INFO — set_album_art:483 — Found Folder.jpg in /home/gerald/MusicProcessing/tests/Music/NoMetadata/Here

2025-10-04 19:30:22,254 — src.audio_info.audio_art — WARNING — set_album_art:499 — No album art set for /home/gerald/MusicProcessing/tests/Music/Bear McCreary/Battlestar Galactica

2025-10-04 19:30:43,161 — src.dir_processing.directory_processing — ERROR — create_txt:136 — OSError No such file or directory writing data to /home/gerald/MusicProcessing/src/generated_files/result_files/convert_file.txt
Traceback (most recent call last):
  File "/home/gerald/MusicProcessing/src/dir_processing/directory_processing.py", line 129, in create_txt
    txt_outfile = open(txt_path, mode='w', encoding=UTF8, newline='')
                  ^^^^^^^^^^^^^^^^^^^^^^^^^^^^^^^^^^^^^^^^^^^^^^^^^^^
FileNotFoundError: [Errno 2] No such file or directory: '/home/gerald/MusicProcessing/src/generated_files/result_files/convert_file.txt'

2025-10-04 19:30:43,163 — src.audio_info.audio_metadata — ERROR — convert_file:385 — Exception FileNotFoundError converting /home/gerald/MusicProcessing/tests/Music/The Eagles/Desperado/The Eagles-Desperado.m4a to /home/gerald/MusicProcessing/src/generated_files/Music/The Eagles/Desperado/The Eagles-Desperado.mp3
Traceback (most recent call last):
  File "/home/gerald/MusicProcessing/src/audio_info/audio_metadata.py", line 376, in convert_file
    directory.create_txt(txt_filename, data)
  File "/home/gerald/MusicProcessing/src/dir_processing/directory_processing.py", line 137, in create_txt
    raise os_error
  File "/home/gerald/MusicProcessing/src/dir_processing/directory_processing.py", line 129, in create_txt
    txt_outfile = open(txt_path, mode='w', encoding=UTF8, newline='')
                  ^^^^^^^^^^^^^^^^^^^^^^^^^^^^^^^^^^^^^^^^^^^^^^^^^^^
FileNotFoundError: [Errno 2] No such file or directory: '/home/gerald/MusicProcessing/src/generated_files/result_files/convert_file.txt'
Stack (most recent call last):
  File "/usr/lib/python3.12/runpy.py", line 198, in _run_module_as_main
    return _run_code(code, main_globals, None,
  File "/usr/lib/python3.12/runpy.py", line 88, in _run_code
    exec(code, run_globals)
  File "/home/gerald/.vscode/extensions/ms-python.debugpy-2025.10.0-linux-x64/bundled/libs/debugpy/adapter/../../debugpy/launcher/../../debugpy/__main__.py", line 71, in <module>
    cli.main()
  File "/home/gerald/.vscode/extensions/ms-python.debugpy-2025.10.0-linux-x64/bundled/libs/debugpy/adapter/../../debugpy/launcher/../../debugpy/../debugpy/server/cli.py", line 501, in main
    run()
  File "/home/gerald/.vscode/extensions/ms-python.debugpy-2025.10.0-linux-x64/bundled/libs/debugpy/adapter/../../debugpy/launcher/../../debugpy/../debugpy/server/cli.py", line 351, in run_file
    runpy.run_path(target, run_name="__main__")
  File "/home/gerald/.vscode/extensions/ms-python.debugpy-2025.10.0-linux-x64/bundled/libs/debugpy/_vendored/pydevd/_pydevd_bundle/pydevd_runpy.py", line 310, in run_path
    return _run_module_code(code, init_globals, run_name, pkg_name=pkg_name, script_name=fname)
  File "/home/gerald/.vscode/extensions/ms-python.debugpy-2025.10.0-linux-x64/bundled/libs/debugpy/_vendored/pydevd/_pydevd_bundle/pydevd_runpy.py", line 127, in _run_module_code
    _run_code(code, mod_globals, init_globals, mod_name, mod_spec, pkg_name, script_name)
  File "/home/gerald/.vscode/extensions/ms-python.debugpy-2025.10.0-linux-x64/bundled/libs/debugpy/_vendored/pydevd/_pydevd_bundle/pydevd_runpy.py", line 118, in _run_code
    exec(code, run_globals)
  File "/home/gerald/MusicProcessing/tests/test_audio_metadata.py", line 850, in <module>
    runner.run(suite)
  File "/usr/lib/python3.12/unittest/runner.py", line 240, in run
    test(result)
  File "/usr/lib/python3.12/unittest/suite.py", line 84, in __call__
    return self.run(*args, **kwds)
  File "/usr/lib/python3.12/unittest/suite.py", line 122, in run
    test(result)
  File "/usr/lib/python3.12/unittest/case.py", line 690, in __call__
    return self.run(*args, **kwds)
  File "/usr/lib/python3.12/unittest/case.py", line 634, in run
    self._callTestMethod(testMethod)
  File "/usr/lib/python3.12/unittest/case.py", line 589, in _callTestMethod
    if method() is not None:
  File "/home/gerald/MusicProcessing/tests/test_audio_metadata.py", line 318, in test_convert_file
    metadata.convert_file(src_file, show_spinner=False)
  File "/home/gerald/MusicProcessing/src/audio_info/audio_metadata.py", line 385, in convert_file
    logger.exception(f"Exception {type(e_error).__name__} converting {file_path} to {export_path}", stack_info=True)

2025-10-04 19:30:43,166 — src.audio_info.audio_metadata — WARNING — convert_file:284 — album directory /home/gerald/MusicProcessing/tests/Music/Crush/Here does not contain a Folder.jpg file.

2025-10-04 19:30:48,349 — src.dir_processing.directory_processing — ERROR — create_txt:136 — OSError No such file or directory writing data to /home/gerald/MusicProcessing/src/generated_files/result_files/convert_file.txt
Traceback (most recent call last):
  File "/home/gerald/MusicProcessing/src/dir_processing/directory_processing.py", line 129, in create_txt
    txt_outfile = open(txt_path, mode='w', encoding=UTF8, newline='')
                  ^^^^^^^^^^^^^^^^^^^^^^^^^^^^^^^^^^^^^^^^^^^^^^^^^^^
FileNotFoundError: [Errno 2] No such file or directory: '/home/gerald/MusicProcessing/src/generated_files/result_files/convert_file.txt'

2025-10-04 19:30:48,350 — src.audio_info.audio_metadata — ERROR — convert_file:385 — Exception FileNotFoundError converting /home/gerald/MusicProcessing/tests/Music/NoMetadata/Here/No_tag_Crush-Live.mp3 to /home/gerald/MusicProcessing/src/generated_files/Music/NoMetadata/Here/No_tag_Crush-Live.mp3
Traceback (most recent call last):
  File "/home/gerald/MusicProcessing/src/audio_info/audio_metadata.py", line 376, in convert_file
    directory.create_txt(txt_filename, data)
  File "/home/gerald/MusicProcessing/src/dir_processing/directory_processing.py", line 137, in create_txt
    raise os_error
  File "/home/gerald/MusicProcessing/src/dir_processing/directory_processing.py", line 129, in create_txt
    txt_outfile = open(txt_path, mode='w', encoding=UTF8, newline='')
                  ^^^^^^^^^^^^^^^^^^^^^^^^^^^^^^^^^^^^^^^^^^^^^^^^^^^
FileNotFoundError: [Errno 2] No such file or directory: '/home/gerald/MusicProcessing/src/generated_files/result_files/convert_file.txt'
Stack (most recent call last):
  File "/usr/lib/python3.12/runpy.py", line 198, in _run_module_as_main
    return _run_code(code, main_globals, None,
  File "/usr/lib/python3.12/runpy.py", line 88, in _run_code
    exec(code, run_globals)
  File "/home/gerald/.vscode/extensions/ms-python.debugpy-2025.10.0-linux-x64/bundled/libs/debugpy/adapter/../../debugpy/launcher/../../debugpy/__main__.py", line 71, in <module>
    cli.main()
  File "/home/gerald/.vscode/extensions/ms-python.debugpy-2025.10.0-linux-x64/bundled/libs/debugpy/adapter/../../debugpy/launcher/../../debugpy/../debugpy/server/cli.py", line 501, in main
    run()
  File "/home/gerald/.vscode/extensions/ms-python.debugpy-2025.10.0-linux-x64/bundled/libs/debugpy/adapter/../../debugpy/launcher/../../debugpy/../debugpy/server/cli.py", line 351, in run_file
    runpy.run_path(target, run_name="__main__")
  File "/home/gerald/.vscode/extensions/ms-python.debugpy-2025.10.0-linux-x64/bundled/libs/debugpy/_vendored/pydevd/_pydevd_bundle/pydevd_runpy.py", line 310, in run_path
    return _run_module_code(code, init_globals, run_name, pkg_name=pkg_name, script_name=fname)
  File "/home/gerald/.vscode/extensions/ms-python.debugpy-2025.10.0-linux-x64/bundled/libs/debugpy/_vendored/pydevd/_pydevd_bundle/pydevd_runpy.py", line 127, in _run_module_code
    _run_code(code, mod_globals, init_globals, mod_name, mod_spec, pkg_name, script_name)
  File "/home/gerald/.vscode/extensions/ms-python.debugpy-2025.10.0-linux-x64/bundled/libs/debugpy/_vendored/pydevd/_pydevd_bundle/pydevd_runpy.py", line 118, in _run_code
    exec(code, run_globals)
  File "/home/gerald/MusicProcessing/tests/test_audio_metadata.py", line 850, in <module>
    runner.run(suite)
  File "/usr/lib/python3.12/unittest/runner.py", line 240, in run
    test(result)
  File "/usr/lib/python3.12/unittest/suite.py", line 84, in __call__
    return self.run(*args, **kwds)
  File "/usr/lib/python3.12/unittest/suite.py", line 122, in run
    test(result)
  File "/usr/lib/python3.12/unittest/case.py", line 690, in __call__
    return self.run(*args, **kwds)
  File "/usr/lib/python3.12/unittest/case.py", line 634, in run
    self._callTestMethod(testMethod)
  File "/usr/lib/python3.12/unittest/case.py", line 589, in _callTestMethod
    if method() is not None:
  File "/home/gerald/MusicProcessing/tests/test_audio_metadata.py", line 345, in test_convert_file_wo_metadata
    metadata.convert_file(no_metadata, show_spinner=False)
  File "/home/gerald/MusicProcessing/src/audio_info/audio_metadata.py", line 385, in convert_file
    logger.exception(f"Exception {type(e_error).__name__} converting {file_path} to {export_path}", stack_info=True)

2025-10-04 19:30:52,351 — src.dir_processing.directory_processing — ERROR — create_txt:136 — OSError No such file or directory writing data to /home/gerald/MusicProcessing/src/generated_files/result_files/convert_file.txt
Traceback (most recent call last):
  File "/home/gerald/MusicProcessing/src/dir_processing/directory_processing.py", line 129, in create_txt
    txt_outfile = open(txt_path, mode='w', encoding=UTF8, newline='')
                  ^^^^^^^^^^^^^^^^^^^^^^^^^^^^^^^^^^^^^^^^^^^^^^^^^^^
FileNotFoundError: [Errno 2] No such file or directory: '/home/gerald/MusicProcessing/src/generated_files/result_files/convert_file.txt'

2025-10-04 19:30:52,351 — src.audio_info.audio_metadata — ERROR — convert_file:385 — Exception FileNotFoundError converting /home/gerald/MusicProcessing/tests/ConvertedMusic/Abba/Waterloo/ABBA-Waterloo.mp3 to /home/gerald/MusicProcessing/src/generated_files/Music/Abba/Waterloo/ABBA-Waterloo.mp3
Traceback (most recent call last):
  File "/home/gerald/MusicProcessing/src/audio_info/audio_metadata.py", line 376, in convert_file
    directory.create_txt(txt_filename, data)
  File "/home/gerald/MusicProcessing/src/dir_processing/directory_processing.py", line 137, in create_txt
    raise os_error
  File "/home/gerald/MusicProcessing/src/dir_processing/directory_processing.py", line 129, in create_txt
    txt_outfile = open(txt_path, mode='w', encoding=UTF8, newline='')
                  ^^^^^^^^^^^^^^^^^^^^^^^^^^^^^^^^^^^^^^^^^^^^^^^^^^^
FileNotFoundError: [Errno 2] No such file or directory: '/home/gerald/MusicProcessing/src/generated_files/result_files/convert_file.txt'
Stack (most recent call last):
  File "/usr/lib/python3.12/runpy.py", line 198, in _run_module_as_main
    return _run_code(code, main_globals, None,
  File "/usr/lib/python3.12/runpy.py", line 88, in _run_code
    exec(code, run_globals)
  File "/home/gerald/.vscode/extensions/ms-python.debugpy-2025.10.0-linux-x64/bundled/libs/debugpy/adapter/../../debugpy/launcher/../../debugpy/__main__.py", line 71, in <module>
    cli.main()
  File "/home/gerald/.vscode/extensions/ms-python.debugpy-2025.10.0-linux-x64/bundled/libs/debugpy/adapter/../../debugpy/launcher/../../debugpy/../debugpy/server/cli.py", line 501, in main
    run()
  File "/home/gerald/.vscode/extensions/ms-python.debugpy-2025.10.0-linux-x64/bundled/libs/debugpy/adapter/../../debugpy/launcher/../../debugpy/../debugpy/server/cli.py", line 351, in run_file
    runpy.run_path(target, run_name="__main__")
  File "/home/gerald/.vscode/extensions/ms-python.debugpy-2025.10.0-linux-x64/bundled/libs/debugpy/_vendored/pydevd/_pydevd_bundle/pydevd_runpy.py", line 310, in run_path
    return _run_module_code(code, init_globals, run_name, pkg_name=pkg_name, script_name=fname)
  File "/home/gerald/.vscode/extensions/ms-python.debugpy-2025.10.0-linux-x64/bundled/libs/debugpy/_vendored/pydevd/_pydevd_bundle/pydevd_runpy.py", line 127, in _run_module_code
    _run_code(code, mod_globals, init_globals, mod_name, mod_spec, pkg_name, script_name)
  File "/home/gerald/.vscode/extensions/ms-python.debugpy-2025.10.0-linux-x64/bundled/libs/debugpy/_vendored/pydevd/_pydevd_bundle/pydevd_runpy.py", line 118, in _run_code
    exec(code, run_globals)
  File "/home/gerald/MusicProcessing/tests/test_audio_metadata.py", line 850, in <module>
    runner.run(suite)
  File "/usr/lib/python3.12/unittest/runner.py", line 240, in run
    test(result)
  File "/usr/lib/python3.12/unittest/suite.py", line 84, in __call__
    return self.run(*args, **kwds)
  File "/usr/lib/python3.12/unittest/suite.py", line 122, in run
    test(result)
  File "/usr/lib/python3.12/unittest/case.py", line 690, in __call__
    return self.run(*args, **kwds)
  File "/usr/lib/python3.12/unittest/case.py", line 634, in run
    self._callTestMethod(testMethod)
  File "/usr/lib/python3.12/unittest/case.py", line 589, in _callTestMethod
    if method() is not None:
  File "/home/gerald/MusicProcessing/tests/test_audio_metadata.py", line 360, in test_convert_walk
    metadata.convert_walk(self.converted, None, show_spinner=False)
  File "/home/gerald/MusicProcessing/src/audio_info/audio_metadata.py", line 423, in convert_walk
    self.convert_file(input_file_path, show_spinner)
  File "/home/gerald/MusicProcessing/src/audio_info/audio_metadata.py", line 385, in convert_file
    logger.exception(f"Exception {type(e_error).__name__} converting {file_path} to {export_path}", stack_info=True)

2025-10-04 19:30:52,352 — src.audio_info.audio_metadata — ERROR — convert_walk:431 — Exception FileNotFoundError walking /home/gerald/MusicProcessing/tests/ConvertedMusic to convert audio files to mp3
Traceback (most recent call last):
  File "/home/gerald/MusicProcessing/src/audio_info/audio_metadata.py", line 423, in convert_walk
    self.convert_file(input_file_path, show_spinner)
  File "/home/gerald/MusicProcessing/src/audio_info/audio_metadata.py", line 386, in convert_file
    raise e_error
  File "/home/gerald/MusicProcessing/src/audio_info/audio_metadata.py", line 376, in convert_file
    directory.create_txt(txt_filename, data)
  File "/home/gerald/MusicProcessing/src/dir_processing/directory_processing.py", line 137, in create_txt
    raise os_error
  File "/home/gerald/MusicProcessing/src/dir_processing/directory_processing.py", line 129, in create_txt
    txt_outfile = open(txt_path, mode='w', encoding=UTF8, newline='')
                  ^^^^^^^^^^^^^^^^^^^^^^^^^^^^^^^^^^^^^^^^^^^^^^^^^^^
FileNotFoundError: [Errno 2] No such file or directory: '/home/gerald/MusicProcessing/src/generated_files/result_files/convert_file.txt'
Stack (most recent call last):
  File "/usr/lib/python3.12/runpy.py", line 198, in _run_module_as_main
    return _run_code(code, main_globals, None,
  File "/usr/lib/python3.12/runpy.py", line 88, in _run_code
    exec(code, run_globals)
  File "/home/gerald/.vscode/extensions/ms-python.debugpy-2025.10.0-linux-x64/bundled/libs/debugpy/adapter/../../debugpy/launcher/../../debugpy/__main__.py", line 71, in <module>
    cli.main()
  File "/home/gerald/.vscode/extensions/ms-python.debugpy-2025.10.0-linux-x64/bundled/libs/debugpy/adapter/../../debugpy/launcher/../../debugpy/../debugpy/server/cli.py", line 501, in main
    run()
  File "/home/gerald/.vscode/extensions/ms-python.debugpy-2025.10.0-linux-x64/bundled/libs/debugpy/adapter/../../debugpy/launcher/../../debugpy/../debugpy/server/cli.py", line 351, in run_file
    runpy.run_path(target, run_name="__main__")
  File "/home/gerald/.vscode/extensions/ms-python.debugpy-2025.10.0-linux-x64/bundled/libs/debugpy/_vendored/pydevd/_pydevd_bundle/pydevd_runpy.py", line 310, in run_path
    return _run_module_code(code, init_globals, run_name, pkg_name=pkg_name, script_name=fname)
  File "/home/gerald/.vscode/extensions/ms-python.debugpy-2025.10.0-linux-x64/bundled/libs/debugpy/_vendored/pydevd/_pydevd_bundle/pydevd_runpy.py", line 127, in _run_module_code
    _run_code(code, mod_globals, init_globals, mod_name, mod_spec, pkg_name, script_name)
  File "/home/gerald/.vscode/extensions/ms-python.debugpy-2025.10.0-linux-x64/bundled/libs/debugpy/_vendored/pydevd/_pydevd_bundle/pydevd_runpy.py", line 118, in _run_code
    exec(code, run_globals)
  File "/home/gerald/MusicProcessing/tests/test_audio_metadata.py", line 850, in <module>
    runner.run(suite)
  File "/usr/lib/python3.12/unittest/runner.py", line 240, in run
    test(result)
  File "/usr/lib/python3.12/unittest/suite.py", line 84, in __call__
    return self.run(*args, **kwds)
  File "/usr/lib/python3.12/unittest/suite.py", line 122, in run
    test(result)
  File "/usr/lib/python3.12/unittest/case.py", line 690, in __call__
    return self.run(*args, **kwds)
  File "/usr/lib/python3.12/unittest/case.py", line 634, in run
    self._callTestMethod(testMethod)
  File "/usr/lib/python3.12/unittest/case.py", line 589, in _callTestMethod
    if method() is not None:
  File "/home/gerald/MusicProcessing/tests/test_audio_metadata.py", line 360, in test_convert_walk
    metadata.convert_walk(self.converted, None, show_spinner=False)
  File "/home/gerald/MusicProcessing/src/audio_info/audio_metadata.py", line 431, in convert_walk
    logger.exception(exc_msg, stack_info=True)

2025-10-04 19:30:56,302 — src.dir_processing.directory_processing — ERROR — create_txt:136 — OSError No such file or directory writing data to /home/gerald/MusicProcessing/src/generated_files/result_files/convert_file.txt
Traceback (most recent call last):
  File "/home/gerald/MusicProcessing/src/dir_processing/directory_processing.py", line 129, in create_txt
    txt_outfile = open(txt_path, mode='w', encoding=UTF8, newline='')
                  ^^^^^^^^^^^^^^^^^^^^^^^^^^^^^^^^^^^^^^^^^^^^^^^^^^^
FileNotFoundError: [Errno 2] No such file or directory: '/home/gerald/MusicProcessing/src/generated_files/result_files/convert_file.txt'

2025-10-04 19:30:56,303 — src.audio_info.audio_metadata — ERROR — convert_file:385 — Exception FileNotFoundError converting /home/gerald/MusicProcessing/tests/ConvertedMusic/Abba/Waterloo/ABBA-Waterloo.mp3 to /home/gerald/MusicProcessing/src/generated_files/Music/Abba/Waterloo/ABBA-Waterloo.mp3
Traceback (most recent call last):
  File "/home/gerald/MusicProcessing/src/audio_info/audio_metadata.py", line 376, in convert_file
    directory.create_txt(txt_filename, data)
  File "/home/gerald/MusicProcessing/src/dir_processing/directory_processing.py", line 137, in create_txt
    raise os_error
  File "/home/gerald/MusicProcessing/src/dir_processing/directory_processing.py", line 129, in create_txt
    txt_outfile = open(txt_path, mode='w', encoding=UTF8, newline='')
                  ^^^^^^^^^^^^^^^^^^^^^^^^^^^^^^^^^^^^^^^^^^^^^^^^^^^
FileNotFoundError: [Errno 2] No such file or directory: '/home/gerald/MusicProcessing/src/generated_files/result_files/convert_file.txt'
Stack (most recent call last):
  File "/usr/lib/python3.12/runpy.py", line 198, in _run_module_as_main
    return _run_code(code, main_globals, None,
  File "/usr/lib/python3.12/runpy.py", line 88, in _run_code
    exec(code, run_globals)
  File "/home/gerald/.vscode/extensions/ms-python.debugpy-2025.10.0-linux-x64/bundled/libs/debugpy/adapter/../../debugpy/launcher/../../debugpy/__main__.py", line 71, in <module>
    cli.main()
  File "/home/gerald/.vscode/extensions/ms-python.debugpy-2025.10.0-linux-x64/bundled/libs/debugpy/adapter/../../debugpy/launcher/../../debugpy/../debugpy/server/cli.py", line 501, in main
    run()
  File "/home/gerald/.vscode/extensions/ms-python.debugpy-2025.10.0-linux-x64/bundled/libs/debugpy/adapter/../../debugpy/launcher/../../debugpy/../debugpy/server/cli.py", line 351, in run_file
    runpy.run_path(target, run_name="__main__")
  File "/home/gerald/.vscode/extensions/ms-python.debugpy-2025.10.0-linux-x64/bundled/libs/debugpy/_vendored/pydevd/_pydevd_bundle/pydevd_runpy.py", line 310, in run_path
    return _run_module_code(code, init_globals, run_name, pkg_name=pkg_name, script_name=fname)
  File "/home/gerald/.vscode/extensions/ms-python.debugpy-2025.10.0-linux-x64/bundled/libs/debugpy/_vendored/pydevd/_pydevd_bundle/pydevd_runpy.py", line 127, in _run_module_code
    _run_code(code, mod_globals, init_globals, mod_name, mod_spec, pkg_name, script_name)
  File "/home/gerald/.vscode/extensions/ms-python.debugpy-2025.10.0-linux-x64/bundled/libs/debugpy/_vendored/pydevd/_pydevd_bundle/pydevd_runpy.py", line 118, in _run_code
    exec(code, run_globals)
  File "/home/gerald/MusicProcessing/tests/test_audio_metadata.py", line 850, in <module>
    runner.run(suite)
  File "/usr/lib/python3.12/unittest/runner.py", line 240, in run
    test(result)
  File "/usr/lib/python3.12/unittest/suite.py", line 84, in __call__
    return self.run(*args, **kwds)
  File "/usr/lib/python3.12/unittest/suite.py", line 122, in run
    test(result)
  File "/usr/lib/python3.12/unittest/case.py", line 690, in __call__
    return self.run(*args, **kwds)
  File "/usr/lib/python3.12/unittest/case.py", line 634, in run
    self._callTestMethod(testMethod)
  File "/usr/lib/python3.12/unittest/case.py", line 589, in _callTestMethod
    if method() is not None:
  File "/home/gerald/MusicProcessing/tests/test_audio_metadata.py", line 375, in test_convert_walk_pattern
    metadata.convert_walk(self.converted, self.mp3_pattern, show_spinner=False)
  File "/home/gerald/MusicProcessing/src/audio_info/audio_metadata.py", line 423, in convert_walk
    self.convert_file(input_file_path, show_spinner)
  File "/home/gerald/MusicProcessing/src/audio_info/audio_metadata.py", line 385, in convert_file
    logger.exception(f"Exception {type(e_error).__name__} converting {file_path} to {export_path}", stack_info=True)

2025-10-04 19:30:56,304 — src.audio_info.audio_metadata — ERROR — convert_walk:431 — Exception FileNotFoundError walking /home/gerald/MusicProcessing/tests/ConvertedMusic to convert .mp3 audio files to mp3
Traceback (most recent call last):
  File "/home/gerald/MusicProcessing/src/audio_info/audio_metadata.py", line 423, in convert_walk
    self.convert_file(input_file_path, show_spinner)
  File "/home/gerald/MusicProcessing/src/audio_info/audio_metadata.py", line 386, in convert_file
    raise e_error
  File "/home/gerald/MusicProcessing/src/audio_info/audio_metadata.py", line 376, in convert_file
    directory.create_txt(txt_filename, data)
  File "/home/gerald/MusicProcessing/src/dir_processing/directory_processing.py", line 137, in create_txt
    raise os_error
  File "/home/gerald/MusicProcessing/src/dir_processing/directory_processing.py", line 129, in create_txt
    txt_outfile = open(txt_path, mode='w', encoding=UTF8, newline='')
                  ^^^^^^^^^^^^^^^^^^^^^^^^^^^^^^^^^^^^^^^^^^^^^^^^^^^
FileNotFoundError: [Errno 2] No such file or directory: '/home/gerald/MusicProcessing/src/generated_files/result_files/convert_file.txt'
Stack (most recent call last):
  File "/usr/lib/python3.12/runpy.py", line 198, in _run_module_as_main
    return _run_code(code, main_globals, None,
  File "/usr/lib/python3.12/runpy.py", line 88, in _run_code
    exec(code, run_globals)
  File "/home/gerald/.vscode/extensions/ms-python.debugpy-2025.10.0-linux-x64/bundled/libs/debugpy/adapter/../../debugpy/launcher/../../debugpy/__main__.py", line 71, in <module>
    cli.main()
  File "/home/gerald/.vscode/extensions/ms-python.debugpy-2025.10.0-linux-x64/bundled/libs/debugpy/adapter/../../debugpy/launcher/../../debugpy/../debugpy/server/cli.py", line 501, in main
    run()
  File "/home/gerald/.vscode/extensions/ms-python.debugpy-2025.10.0-linux-x64/bundled/libs/debugpy/adapter/../../debugpy/launcher/../../debugpy/../debugpy/server/cli.py", line 351, in run_file
    runpy.run_path(target, run_name="__main__")
  File "/home/gerald/.vscode/extensions/ms-python.debugpy-2025.10.0-linux-x64/bundled/libs/debugpy/_vendored/pydevd/_pydevd_bundle/pydevd_runpy.py", line 310, in run_path
    return _run_module_code(code, init_globals, run_name, pkg_name=pkg_name, script_name=fname)
  File "/home/gerald/.vscode/extensions/ms-python.debugpy-2025.10.0-linux-x64/bundled/libs/debugpy/_vendored/pydevd/_pydevd_bundle/pydevd_runpy.py", line 127, in _run_module_code
    _run_code(code, mod_globals, init_globals, mod_name, mod_spec, pkg_name, script_name)
  File "/home/gerald/.vscode/extensions/ms-python.debugpy-2025.10.0-linux-x64/bundled/libs/debugpy/_vendored/pydevd/_pydevd_bundle/pydevd_runpy.py", line 118, in _run_code
    exec(code, run_globals)
  File "/home/gerald/MusicProcessing/tests/test_audio_metadata.py", line 850, in <module>
    runner.run(suite)
  File "/usr/lib/python3.12/unittest/runner.py", line 240, in run
    test(result)
  File "/usr/lib/python3.12/unittest/suite.py", line 84, in __call__
    return self.run(*args, **kwds)
  File "/usr/lib/python3.12/unittest/suite.py", line 122, in run
    test(result)
  File "/usr/lib/python3.12/unittest/case.py", line 690, in __call__
    return self.run(*args, **kwds)
  File "/usr/lib/python3.12/unittest/case.py", line 634, in run
    self._callTestMethod(testMethod)
  File "/usr/lib/python3.12/unittest/case.py", line 589, in _callTestMethod
    if method() is not None:
  File "/home/gerald/MusicProcessing/tests/test_audio_metadata.py", line 375, in test_convert_walk_pattern
    metadata.convert_walk(self.converted, self.mp3_pattern, show_spinner=False)
  File "/home/gerald/MusicProcessing/src/audio_info/audio_metadata.py", line 431, in convert_walk
    logger.exception(exc_msg, stack_info=True)

2025-10-04 19:30:56,307 — src.audio_info.audio_metadata — WARNING — convert_walk:406 — Pattern .m3u is not for a valid audio file

2025-10-04 19:30:57,023 — src.audio_info.audio_metadata — WARNING — create_album_dir:522 — /home/gerald/MusicProcessing/tests/PreppedMusic/NoMetadata/No_tag_Crush-Live.mp3 is missing album metadata

2025-10-04 19:30:57,582 — src.dir_processing.directory_processing — ERROR — create_txt:136 — OSError No such file or directory writing data to /home/gerald/MusicProcessing/src/generated_files/result_files/get_media_info_walk.txt
Traceback (most recent call last):
  File "/home/gerald/MusicProcessing/src/dir_processing/directory_processing.py", line 129, in create_txt
    txt_outfile = open(txt_path, mode='w', encoding=UTF8, newline='')
                  ^^^^^^^^^^^^^^^^^^^^^^^^^^^^^^^^^^^^^^^^^^^^^^^^^^^
FileNotFoundError: [Errno 2] No such file or directory: '/home/gerald/MusicProcessing/src/generated_files/result_files/get_media_info_walk.txt'

2025-10-04 19:30:57,582 — src.audio_info.audio_metadata — ERROR — get_media_info_walk:720 — Exception FileNotFoundError getting media info for file /home/gerald/MusicProcessing/tests/ConvertedMusic/Creedence Clearwater Revival/Chronicle, Vol. 1/Creedence Clearwater Revival-Fortunate Son.wma
Traceback (most recent call last):
  File "/home/gerald/MusicProcessing/src/audio_info/audio_metadata.py", line 715, in get_media_info_walk
    directory.create_txt(txt_filename, data)
  File "/home/gerald/MusicProcessing/src/dir_processing/directory_processing.py", line 137, in create_txt
    raise os_error
  File "/home/gerald/MusicProcessing/src/dir_processing/directory_processing.py", line 129, in create_txt
    txt_outfile = open(txt_path, mode='w', encoding=UTF8, newline='')
                  ^^^^^^^^^^^^^^^^^^^^^^^^^^^^^^^^^^^^^^^^^^^^^^^^^^^
FileNotFoundError: [Errno 2] No such file or directory: '/home/gerald/MusicProcessing/src/generated_files/result_files/get_media_info_walk.txt'

2025-10-04 19:30:57,584 — src.dir_processing.directory_processing — ERROR — create_txt:136 — OSError No such file or directory writing data to /home/gerald/MusicProcessing/src/generated_files/result_files/get_media_info_walk.txt
Traceback (most recent call last):
  File "/home/gerald/MusicProcessing/src/dir_processing/directory_processing.py", line 129, in create_txt
    txt_outfile = open(txt_path, mode='w', encoding=UTF8, newline='')
                  ^^^^^^^^^^^^^^^^^^^^^^^^^^^^^^^^^^^^^^^^^^^^^^^^^^^
FileNotFoundError: [Errno 2] No such file or directory: '/home/gerald/MusicProcessing/src/generated_files/result_files/get_media_info_walk.txt'

2025-10-04 19:30:57,731 — src.dir_processing.directory_processing — ERROR — create_txt:136 — OSError No such file or directory writing data to /home/gerald/MusicProcessing/src/generated_files/result_files/get_media_info_walk.txt
Traceback (most recent call last):
  File "/home/gerald/MusicProcessing/src/dir_processing/directory_processing.py", line 129, in create_txt
    txt_outfile = open(txt_path, mode='w', encoding=UTF8, newline='')
                  ^^^^^^^^^^^^^^^^^^^^^^^^^^^^^^^^^^^^^^^^^^^^^^^^^^^
FileNotFoundError: [Errno 2] No such file or directory: '/home/gerald/MusicProcessing/src/generated_files/result_files/get_media_info_walk.txt'

2025-10-04 19:30:57,732 — src.audio_info.audio_metadata — ERROR — get_media_info_walk:720 — Exception FileNotFoundError getting media info for file /home/gerald/MusicProcessing/tests/ConvertedMusic/Abba/Waterloo/ABBA-Waterloo.mp3
Traceback (most recent call last):
  File "/home/gerald/MusicProcessing/src/audio_info/audio_metadata.py", line 715, in get_media_info_walk
    directory.create_txt(txt_filename, data)
  File "/home/gerald/MusicProcessing/src/dir_processing/directory_processing.py", line 137, in create_txt
    raise os_error
  File "/home/gerald/MusicProcessing/src/dir_processing/directory_processing.py", line 129, in create_txt
    txt_outfile = open(txt_path, mode='w', encoding=UTF8, newline='')
                  ^^^^^^^^^^^^^^^^^^^^^^^^^^^^^^^^^^^^^^^^^^^^^^^^^^^
FileNotFoundError: [Errno 2] No such file or directory: '/home/gerald/MusicProcessing/src/generated_files/result_files/get_media_info_walk.txt'

2025-10-04 19:30:57,878 — src.audio_info.audio_metadata — ERROR — get_media_tags:762 — JSONDecodeError decoding JSON output from ffprobe
Traceback (most recent call last):
  File "/home/gerald/MusicProcessing/src/audio_info/audio_metadata.py", line 756, in get_media_tags
    data = json.loads(result.stdout)
           ^^^^^^^^^^^^^^^^^^^^^^^^^
  File "/usr/lib/python3.12/json/__init__.py", line 346, in loads
    return _default_decoder.decode(s)
           ^^^^^^^^^^^^^^^^^^^^^^^^^^
  File "/usr/lib/python3.12/json/decoder.py", line 337, in decode
    obj, end = self.raw_decode(s, idx=_w(s, 0).end())
               ^^^^^^^^^^^^^^^^^^^^^^^^^^^^^^^^^^^^^^
  File "/usr/lib/python3.12/json/decoder.py", line 353, in raw_decode
    obj, end = self.scan_once(s, idx)
               ^^^^^^^^^^^^^^^^^^^^^^
json.decoder.JSONDecodeError: Expecting ',' delimiter: line 18 column 1 (char 249)

2025-10-04 19:30:58,181 — src.dir_processing.directory_processing — ERROR — create_txt:136 — OSError No such file or directory writing data to /home/gerald/MusicProcessing/src/generated_files/result_files/get_tags_walk.txt
Traceback (most recent call last):
  File "/home/gerald/MusicProcessing/src/dir_processing/directory_processing.py", line 129, in create_txt
    txt_outfile = open(txt_path, mode='w', encoding=UTF8, newline='')
                  ^^^^^^^^^^^^^^^^^^^^^^^^^^^^^^^^^^^^^^^^^^^^^^^^^^^
FileNotFoundError: [Errno 2] No such file or directory: '/home/gerald/MusicProcessing/src/generated_files/result_files/get_tags_walk.txt'

2025-10-04 19:30:58,181 — src.audio_info.audio_metadata — ERROR — get_tags_walk:862 — Exception FileNotFoundError getting tags for file /home/gerald/MusicProcessing/tests/ConvertedMusic
Traceback (most recent call last):
  File "/home/gerald/MusicProcessing/src/audio_info/audio_metadata.py", line 859, in get_tags_walk
    directory.create_txt(txt_filename, data)
  File "/home/gerald/MusicProcessing/src/dir_processing/directory_processing.py", line 137, in create_txt
    raise os_error
  File "/home/gerald/MusicProcessing/src/dir_processing/directory_processing.py", line 129, in create_txt
    txt_outfile = open(txt_path, mode='w', encoding=UTF8, newline='')
                  ^^^^^^^^^^^^^^^^^^^^^^^^^^^^^^^^^^^^^^^^^^^^^^^^^^^
FileNotFoundError: [Errno 2] No such file or directory: '/home/gerald/MusicProcessing/src/generated_files/result_files/get_tags_walk.txt'
Stack (most recent call last):
  File "/usr/lib/python3.12/runpy.py", line 198, in _run_module_as_main
    return _run_code(code, main_globals, None,
  File "/usr/lib/python3.12/runpy.py", line 88, in _run_code
    exec(code, run_globals)
  File "/home/gerald/.vscode/extensions/ms-python.debugpy-2025.10.0-linux-x64/bundled/libs/debugpy/adapter/../../debugpy/launcher/../../debugpy/__main__.py", line 71, in <module>
    cli.main()
  File "/home/gerald/.vscode/extensions/ms-python.debugpy-2025.10.0-linux-x64/bundled/libs/debugpy/adapter/../../debugpy/launcher/../../debugpy/../debugpy/server/cli.py", line 501, in main
    run()
  File "/home/gerald/.vscode/extensions/ms-python.debugpy-2025.10.0-linux-x64/bundled/libs/debugpy/adapter/../../debugpy/launcher/../../debugpy/../debugpy/server/cli.py", line 351, in run_file
    runpy.run_path(target, run_name="__main__")
  File "/home/gerald/.vscode/extensions/ms-python.debugpy-2025.10.0-linux-x64/bundled/libs/debugpy/_vendored/pydevd/_pydevd_bundle/pydevd_runpy.py", line 310, in run_path
    return _run_module_code(code, init_globals, run_name, pkg_name=pkg_name, script_name=fname)
  File "/home/gerald/.vscode/extensions/ms-python.debugpy-2025.10.0-linux-x64/bundled/libs/debugpy/_vendored/pydevd/_pydevd_bundle/pydevd_runpy.py", line 127, in _run_module_code
    _run_code(code, mod_globals, init_globals, mod_name, mod_spec, pkg_name, script_name)
  File "/home/gerald/.vscode/extensions/ms-python.debugpy-2025.10.0-linux-x64/bundled/libs/debugpy/_vendored/pydevd/_pydevd_bundle/pydevd_runpy.py", line 118, in _run_code
    exec(code, run_globals)
  File "/home/gerald/MusicProcessing/tests/test_audio_metadata.py", line 850, in <module>
    runner.run(suite)
  File "/usr/lib/python3.12/unittest/runner.py", line 240, in run
    test(result)
  File "/usr/lib/python3.12/unittest/suite.py", line 84, in __call__
    return self.run(*args, **kwds)
  File "/usr/lib/python3.12/unittest/suite.py", line 122, in run
    test(result)
  File "/usr/lib/python3.12/unittest/case.py", line 690, in __call__
    return self.run(*args, **kwds)
  File "/usr/lib/python3.12/unittest/case.py", line 634, in run
    self._callTestMethod(testMethod)
  File "/usr/lib/python3.12/unittest/case.py", line 589, in _callTestMethod
    if method() is not None:
  File "/home/gerald/MusicProcessing/tests/test_audio_metadata.py", line 623, in test_get_tags_walk
    metadata.get_tags_walk(self.converted, MP3_EXT, ffprobe=True)
  File "/home/gerald/MusicProcessing/src/audio_info/audio_metadata.py", line 862, in get_tags_walk
    logger.exception(f"Exception {type(e_error).__name__} getting tags for file {file_path}", stack_info=True)

2025-10-04 19:30:58,591 — src.dir_processing.directory_processing — ERROR — create_txt:136 — OSError No such file or directory writing data to /home/gerald/MusicProcessing/src/generated_files/result_files/get_tags_walk.txt
Traceback (most recent call last):
  File "/home/gerald/MusicProcessing/src/dir_processing/directory_processing.py", line 129, in create_txt
    txt_outfile = open(txt_path, mode='w', encoding=UTF8, newline='')
                  ^^^^^^^^^^^^^^^^^^^^^^^^^^^^^^^^^^^^^^^^^^^^^^^^^^^
FileNotFoundError: [Errno 2] No such file or directory: '/home/gerald/MusicProcessing/src/generated_files/result_files/get_tags_walk.txt'

2025-10-04 19:30:58,592 — src.audio_info.audio_metadata — ERROR — get_tags_walk:862 — Exception FileNotFoundError getting tags for file /home/gerald/MusicProcessing/tests/ConvertedMusic
Traceback (most recent call last):
  File "/home/gerald/MusicProcessing/src/audio_info/audio_metadata.py", line 859, in get_tags_walk
    directory.create_txt(txt_filename, data)
  File "/home/gerald/MusicProcessing/src/dir_processing/directory_processing.py", line 137, in create_txt
    raise os_error
  File "/home/gerald/MusicProcessing/src/dir_processing/directory_processing.py", line 129, in create_txt
    txt_outfile = open(txt_path, mode='w', encoding=UTF8, newline='')
                  ^^^^^^^^^^^^^^^^^^^^^^^^^^^^^^^^^^^^^^^^^^^^^^^^^^^
FileNotFoundError: [Errno 2] No such file or directory: '/home/gerald/MusicProcessing/src/generated_files/result_files/get_tags_walk.txt'
Stack (most recent call last):
  File "/usr/lib/python3.12/runpy.py", line 198, in _run_module_as_main
    return _run_code(code, main_globals, None,
  File "/usr/lib/python3.12/runpy.py", line 88, in _run_code
    exec(code, run_globals)
  File "/home/gerald/.vscode/extensions/ms-python.debugpy-2025.10.0-linux-x64/bundled/libs/debugpy/adapter/../../debugpy/launcher/../../debugpy/__main__.py", line 71, in <module>
    cli.main()
  File "/home/gerald/.vscode/extensions/ms-python.debugpy-2025.10.0-linux-x64/bundled/libs/debugpy/adapter/../../debugpy/launcher/../../debugpy/../debugpy/server/cli.py", line 501, in main
    run()
  File "/home/gerald/.vscode/extensions/ms-python.debugpy-2025.10.0-linux-x64/bundled/libs/debugpy/adapter/../../debugpy/launcher/../../debugpy/../debugpy/server/cli.py", line 351, in run_file
    runpy.run_path(target, run_name="__main__")
  File "/home/gerald/.vscode/extensions/ms-python.debugpy-2025.10.0-linux-x64/bundled/libs/debugpy/_vendored/pydevd/_pydevd_bundle/pydevd_runpy.py", line 310, in run_path
    return _run_module_code(code, init_globals, run_name, pkg_name=pkg_name, script_name=fname)
  File "/home/gerald/.vscode/extensions/ms-python.debugpy-2025.10.0-linux-x64/bundled/libs/debugpy/_vendored/pydevd/_pydevd_bundle/pydevd_runpy.py", line 127, in _run_module_code
    _run_code(code, mod_globals, init_globals, mod_name, mod_spec, pkg_name, script_name)
  File "/home/gerald/.vscode/extensions/ms-python.debugpy-2025.10.0-linux-x64/bundled/libs/debugpy/_vendored/pydevd/_pydevd_bundle/pydevd_runpy.py", line 118, in _run_code
    exec(code, run_globals)
  File "/home/gerald/MusicProcessing/tests/test_audio_metadata.py", line 850, in <module>
    runner.run(suite)
  File "/usr/lib/python3.12/unittest/runner.py", line 240, in run
    test(result)
  File "/usr/lib/python3.12/unittest/suite.py", line 84, in __call__
    return self.run(*args, **kwds)
  File "/usr/lib/python3.12/unittest/suite.py", line 122, in run
    test(result)
  File "/usr/lib/python3.12/unittest/case.py", line 690, in __call__
    return self.run(*args, **kwds)
  File "/usr/lib/python3.12/unittest/case.py", line 634, in run
    self._callTestMethod(testMethod)
  File "/usr/lib/python3.12/unittest/case.py", line 589, in _callTestMethod
    if method() is not None:
  File "/home/gerald/MusicProcessing/tests/test_audio_metadata.py", line 640, in test_get_tags_walk_ffprobe
    metadata.get_tags_walk(self.converted, None, ffprobe=True)
  File "/home/gerald/MusicProcessing/src/audio_info/audio_metadata.py", line 862, in get_tags_walk
    logger.exception(f"Exception {type(e_error).__name__} getting tags for file {file_path}", stack_info=True)

2025-10-04 19:30:58,604 — src.dir_processing.directory_processing — ERROR — create_txt:136 — OSError No such file or directory writing data to /home/gerald/MusicProcessing/src/generated_files/result_files/get_tags_walk.txt
Traceback (most recent call last):
  File "/home/gerald/MusicProcessing/src/dir_processing/directory_processing.py", line 129, in create_txt
    txt_outfile = open(txt_path, mode='w', encoding=UTF8, newline='')
                  ^^^^^^^^^^^^^^^^^^^^^^^^^^^^^^^^^^^^^^^^^^^^^^^^^^^
FileNotFoundError: [Errno 2] No such file or directory: '/home/gerald/MusicProcessing/src/generated_files/result_files/get_tags_walk.txt'

2025-10-04 19:30:58,605 — src.audio_info.audio_metadata — ERROR — get_tags_walk:862 — Exception FileNotFoundError getting tags for file /home/gerald/MusicProcessing/tests/ConvertedMusic
Traceback (most recent call last):
  File "/home/gerald/MusicProcessing/src/audio_info/audio_metadata.py", line 859, in get_tags_walk
    directory.create_txt(txt_filename, data)
  File "/home/gerald/MusicProcessing/src/dir_processing/directory_processing.py", line 137, in create_txt
    raise os_error
  File "/home/gerald/MusicProcessing/src/dir_processing/directory_processing.py", line 129, in create_txt
    txt_outfile = open(txt_path, mode='w', encoding=UTF8, newline='')
                  ^^^^^^^^^^^^^^^^^^^^^^^^^^^^^^^^^^^^^^^^^^^^^^^^^^^
FileNotFoundError: [Errno 2] No such file or directory: '/home/gerald/MusicProcessing/src/generated_files/result_files/get_tags_walk.txt'
Stack (most recent call last):
  File "/usr/lib/python3.12/runpy.py", line 198, in _run_module_as_main
    return _run_code(code, main_globals, None,
  File "/usr/lib/python3.12/runpy.py", line 88, in _run_code
    exec(code, run_globals)
  File "/home/gerald/.vscode/extensions/ms-python.debugpy-2025.10.0-linux-x64/bundled/libs/debugpy/adapter/../../debugpy/launcher/../../debugpy/__main__.py", line 71, in <module>
    cli.main()
  File "/home/gerald/.vscode/extensions/ms-python.debugpy-2025.10.0-linux-x64/bundled/libs/debugpy/adapter/../../debugpy/launcher/../../debugpy/../debugpy/server/cli.py", line 501, in main
    run()
  File "/home/gerald/.vscode/extensions/ms-python.debugpy-2025.10.0-linux-x64/bundled/libs/debugpy/adapter/../../debugpy/launcher/../../debugpy/../debugpy/server/cli.py", line 351, in run_file
    runpy.run_path(target, run_name="__main__")
  File "/home/gerald/.vscode/extensions/ms-python.debugpy-2025.10.0-linux-x64/bundled/libs/debugpy/_vendored/pydevd/_pydevd_bundle/pydevd_runpy.py", line 310, in run_path
    return _run_module_code(code, init_globals, run_name, pkg_name=pkg_name, script_name=fname)
  File "/home/gerald/.vscode/extensions/ms-python.debugpy-2025.10.0-linux-x64/bundled/libs/debugpy/_vendored/pydevd/_pydevd_bundle/pydevd_runpy.py", line 127, in _run_module_code
    _run_code(code, mod_globals, init_globals, mod_name, mod_spec, pkg_name, script_name)
  File "/home/gerald/.vscode/extensions/ms-python.debugpy-2025.10.0-linux-x64/bundled/libs/debugpy/_vendored/pydevd/_pydevd_bundle/pydevd_runpy.py", line 118, in _run_code
    exec(code, run_globals)
  File "/home/gerald/MusicProcessing/tests/test_audio_metadata.py", line 850, in <module>
    runner.run(suite)
  File "/usr/lib/python3.12/unittest/runner.py", line 240, in run
    test(result)
  File "/usr/lib/python3.12/unittest/suite.py", line 84, in __call__
    return self.run(*args, **kwds)
  File "/usr/lib/python3.12/unittest/suite.py", line 122, in run
    test(result)
  File "/usr/lib/python3.12/unittest/case.py", line 690, in __call__
    return self.run(*args, **kwds)
  File "/usr/lib/python3.12/unittest/case.py", line 634, in run
    self._callTestMethod(testMethod)
  File "/usr/lib/python3.12/unittest/case.py", line 589, in _callTestMethod
    if method() is not None:
  File "/home/gerald/MusicProcessing/tests/test_audio_metadata.py", line 659, in test_get_tags_walk_mutagen
    metadata.get_tags_walk(self.converted, None)
  File "/home/gerald/MusicProcessing/src/audio_info/audio_metadata.py", line 862, in get_tags_walk
    logger.exception(f"Exception {type(e_error).__name__} getting tags for file {file_path}", stack_info=True)

2025-10-04 19:31:01,418 — src.dir_processing.directory_processing — ERROR — create_txt:136 — OSError No such file or directory writing data to /home/gerald/MusicProcessing/src/generated_files/result_files/get_unique_media_keys.txt
Traceback (most recent call last):
  File "/home/gerald/MusicProcessing/src/dir_processing/directory_processing.py", line 129, in create_txt
    txt_outfile = open(txt_path, mode='w', encoding=UTF8, newline='')
                  ^^^^^^^^^^^^^^^^^^^^^^^^^^^^^^^^^^^^^^^^^^^^^^^^^^^
FileNotFoundError: [Errno 2] No such file or directory: '/home/gerald/MusicProcessing/src/generated_files/result_files/get_unique_media_keys.txt'

2025-10-04 19:31:01,419 — src.audio_info.audio_metadata — ERROR — get_unique_media_keys:912 — Exception FileNotFoundError getting tags for file /home/gerald/MusicProcessing/tests/Music
Traceback (most recent call last):
  File "/home/gerald/MusicProcessing/src/audio_info/audio_metadata.py", line 909, in get_unique_media_keys
    directory.create_txt(txt_filename, data)
  File "/home/gerald/MusicProcessing/src/dir_processing/directory_processing.py", line 137, in create_txt
    raise os_error
  File "/home/gerald/MusicProcessing/src/dir_processing/directory_processing.py", line 129, in create_txt
    txt_outfile = open(txt_path, mode='w', encoding=UTF8, newline='')
                  ^^^^^^^^^^^^^^^^^^^^^^^^^^^^^^^^^^^^^^^^^^^^^^^^^^^
FileNotFoundError: [Errno 2] No such file or directory: '/home/gerald/MusicProcessing/src/generated_files/result_files/get_unique_media_keys.txt'
Stack (most recent call last):
  File "/usr/lib/python3.12/runpy.py", line 198, in _run_module_as_main
    return _run_code(code, main_globals, None,
  File "/usr/lib/python3.12/runpy.py", line 88, in _run_code
    exec(code, run_globals)
  File "/home/gerald/.vscode/extensions/ms-python.debugpy-2025.10.0-linux-x64/bundled/libs/debugpy/adapter/../../debugpy/launcher/../../debugpy/__main__.py", line 71, in <module>
    cli.main()
  File "/home/gerald/.vscode/extensions/ms-python.debugpy-2025.10.0-linux-x64/bundled/libs/debugpy/adapter/../../debugpy/launcher/../../debugpy/../debugpy/server/cli.py", line 501, in main
    run()
  File "/home/gerald/.vscode/extensions/ms-python.debugpy-2025.10.0-linux-x64/bundled/libs/debugpy/adapter/../../debugpy/launcher/../../debugpy/../debugpy/server/cli.py", line 351, in run_file
    runpy.run_path(target, run_name="__main__")
  File "/home/gerald/.vscode/extensions/ms-python.debugpy-2025.10.0-linux-x64/bundled/libs/debugpy/_vendored/pydevd/_pydevd_bundle/pydevd_runpy.py", line 310, in run_path
    return _run_module_code(code, init_globals, run_name, pkg_name=pkg_name, script_name=fname)
  File "/home/gerald/.vscode/extensions/ms-python.debugpy-2025.10.0-linux-x64/bundled/libs/debugpy/_vendored/pydevd/_pydevd_bundle/pydevd_runpy.py", line 127, in _run_module_code
    _run_code(code, mod_globals, init_globals, mod_name, mod_spec, pkg_name, script_name)
  File "/home/gerald/.vscode/extensions/ms-python.debugpy-2025.10.0-linux-x64/bundled/libs/debugpy/_vendored/pydevd/_pydevd_bundle/pydevd_runpy.py", line 118, in _run_code
    exec(code, run_globals)
  File "/home/gerald/MusicProcessing/tests/test_audio_metadata.py", line 850, in <module>
    runner.run(suite)
  File "/usr/lib/python3.12/unittest/runner.py", line 240, in run
    test(result)
  File "/usr/lib/python3.12/unittest/suite.py", line 84, in __call__
    return self.run(*args, **kwds)
  File "/usr/lib/python3.12/unittest/suite.py", line 122, in run
    test(result)
  File "/usr/lib/python3.12/unittest/case.py", line 690, in __call__
    return self.run(*args, **kwds)
  File "/usr/lib/python3.12/unittest/case.py", line 634, in run
    self._callTestMethod(testMethod)
  File "/usr/lib/python3.12/unittest/case.py", line 589, in _callTestMethod
    if method() is not None:
  File "/home/gerald/MusicProcessing/tests/test_audio_metadata.py", line 678, in test_get_unique_media_keys
    metadata.get_unique_media_keys(TESTS_TLD)
  File "/home/gerald/MusicProcessing/src/audio_info/audio_metadata.py", line 912, in get_unique_media_keys
    logger.exception(f"Exception {type(e_error).__name__} getting tags for file {file_path}", stack_info=True)

2025-10-04 19:31:01,421 — src.audio_info.audio_metadata — ERROR — has_art_tag:932 — MusicProcessingError with file: /home/gerald/MusicProcessing/tests/Music/test has invalid extension: .m3u
NoneType: None

2025-10-04 19:31:01,432 — src.audio_info.audio_metadata — ERROR — load_any_file:978 — ValueError loading /home/gerald/MusicProcessing/tests/Music/test.m3u returned None
NoneType: None

2025-10-04 19:31:01,433 — src.audio_info.audio_metadata — ERROR — load_any_file:982 — MutagenError [Errno 2] No such file or directory: '/home/gerald/MusicProcessing/tests/Music/Non-extant.wav' loading /home/gerald/MusicProcessing/tests/Music/Non-extant.wav
Traceback (most recent call last):
  File "/home/gerald/.local/lib/python3.12/site-packages/mutagen/_util.py", line 251, in _openfile
    fileobj = open(filename, "rb+" if writable else "rb")
              ^^^^^^^^^^^^^^^^^^^^^^^^^^^^^^^^^^^^^^^^^^^
FileNotFoundError: [Errno 2] No such file or directory: '/home/gerald/MusicProcessing/tests/Music/Non-extant.wav'

During handling of the above exception, another exception occurred:

Traceback (most recent call last):
  File "/home/gerald/MusicProcessing/src/audio_info/audio_metadata.py", line 974, in load_any_file
    audio_file = mutagen.File(file_path)
                 ^^^^^^^^^^^^^^^^^^^^^^^
  File "/home/gerald/.local/lib/python3.12/site-packages/mutagen/_util.py", line 162, in wrapper_func
    with _openfile(None, filething, filename, fileobj,
  File "/usr/lib/python3.12/contextlib.py", line 137, in __enter__
    return next(self.gen)
           ^^^^^^^^^^^^^^
  File "/home/gerald/.local/lib/python3.12/site-packages/mutagen/_util.py", line 272, in _openfile
    raise MutagenError(e)
mutagen.MutagenError: [Errno 2] No such file or directory: '/home/gerald/MusicProcessing/tests/Music/Non-extant.wav'

2025-10-04 19:32:50,426 — src.audio_info.audio_metadata — WARNING — convert_file:284 — album directory /home/gerald/MusicProcessing/tests/Music/Crush/Here does not contain a Folder.jpg file.

2025-10-04 19:33:11,849 — src.audio_info.audio_metadata — WARNING — convert_walk:406 — Pattern .m3u is not for a valid audio file

2025-10-04 19:33:12,581 — src.audio_info.audio_metadata — WARNING — create_album_dir:522 — /home/gerald/MusicProcessing/tests/PreppedMusic/NoMetadata/No_tag_Crush-Live.mp3 is missing album metadata

2025-10-04 19:33:13,458 — src.audio_info.audio_metadata — ERROR — get_media_tags:762 — JSONDecodeError decoding JSON output from ffprobe
Traceback (most recent call last):
  File "/home/gerald/MusicProcessing/src/audio_info/audio_metadata.py", line 756, in get_media_tags
    data = json.loads(result.stdout)
           ^^^^^^^^^^^^^^^^^^^^^^^^^
  File "/usr/lib/python3.12/json/__init__.py", line 346, in loads
    return _default_decoder.decode(s)
           ^^^^^^^^^^^^^^^^^^^^^^^^^^
  File "/usr/lib/python3.12/json/decoder.py", line 337, in decode
    obj, end = self.raw_decode(s, idx=_w(s, 0).end())
               ^^^^^^^^^^^^^^^^^^^^^^^^^^^^^^^^^^^^^^
  File "/usr/lib/python3.12/json/decoder.py", line 353, in raw_decode
    obj, end = self.scan_once(s, idx)
               ^^^^^^^^^^^^^^^^^^^^^^
json.decoder.JSONDecodeError: Expecting ',' delimiter: line 18 column 1 (char 249)

2025-10-04 19:33:16,980 — src.audio_info.audio_metadata — ERROR — has_art_tag:932 — MusicProcessingError with file: /home/gerald/MusicProcessing/tests/Music/test has invalid extension: .m3u
NoneType: None

2025-10-04 19:33:16,993 — src.audio_info.audio_metadata — ERROR — load_any_file:978 — ValueError loading /home/gerald/MusicProcessing/tests/Music/test.m3u returned None
NoneType: None

2025-10-04 19:33:16,994 — src.audio_info.audio_metadata — ERROR — load_any_file:982 — MutagenError [Errno 2] No such file or directory: '/home/gerald/MusicProcessing/tests/Music/Non-extant.wav' loading /home/gerald/MusicProcessing/tests/Music/Non-extant.wav
Traceback (most recent call last):
  File "/home/gerald/.local/lib/python3.12/site-packages/mutagen/_util.py", line 251, in _openfile
    fileobj = open(filename, "rb+" if writable else "rb")
              ^^^^^^^^^^^^^^^^^^^^^^^^^^^^^^^^^^^^^^^^^^^
FileNotFoundError: [Errno 2] No such file or directory: '/home/gerald/MusicProcessing/tests/Music/Non-extant.wav'

During handling of the above exception, another exception occurred:

Traceback (most recent call last):
  File "/home/gerald/MusicProcessing/src/audio_info/audio_metadata.py", line 974, in load_any_file
    audio_file = mutagen.File(file_path)
                 ^^^^^^^^^^^^^^^^^^^^^^^
  File "/home/gerald/.local/lib/python3.12/site-packages/mutagen/_util.py", line 162, in wrapper_func
    with _openfile(None, filething, filename, fileobj,
  File "/usr/lib/python3.12/contextlib.py", line 137, in __enter__
    return next(self.gen)
           ^^^^^^^^^^^^^^
  File "/home/gerald/.local/lib/python3.12/site-packages/mutagen/_util.py", line 272, in _openfile
    raise MutagenError(e)
mutagen.MutagenError: [Errno 2] No such file or directory: '/home/gerald/MusicProcessing/tests/Music/Non-extant.wav'

2025-10-04 19:34:12,739 — src.audio_normalize.audio_normalization — ERROR — get_bit_rate:328 — JSONDecodeError decoding JSON output from ffprobe on audio file: /home/gerald/MusicProcessing/tests/Music/Crush/Here/Crush-Live.mp3
Traceback (most recent call last):
  File "/home/gerald/MusicProcessing/src/audio_normalize/audio_normalization.py", line 319, in get_bit_rate
    data = json.loads(result.stdout)
           ^^^^^^^^^^^^^^^^^^^^^^^^^
  File "/usr/lib/python3.12/json/__init__.py", line 346, in loads
    return _default_decoder.decode(s)
           ^^^^^^^^^^^^^^^^^^^^^^^^^^
  File "/usr/lib/python3.12/json/decoder.py", line 337, in decode
    obj, end = self.raw_decode(s, idx=_w(s, 0).end())
               ^^^^^^^^^^^^^^^^^^^^^^^^^^^^^^^^^^^^^^
  File "/usr/lib/python3.12/json/decoder.py", line 353, in raw_decode
    obj, end = self.scan_once(s, idx)
               ^^^^^^^^^^^^^^^^^^^^^^
json.decoder.JSONDecodeError: Expecting ',' delimiter: line 1 column 34 (char 33)

2025-10-04 19:34:12,877 — src.audio_normalize.audio_normalization — ERROR — get_sample_rate:377 — JSONDecodeError decoding JSON output from ffprobe on audio file: /home/gerald/MusicProcessing/tests/Music/Abba/Waterloo/ABBA-Waterloo.mp3
Traceback (most recent call last):
  File "/home/gerald/MusicProcessing/src/audio_normalize/audio_normalization.py", line 368, in get_sample_rate
    data = json.loads(result.stdout)
           ^^^^^^^^^^^^^^^^^^^^^^^^^
  File "/usr/lib/python3.12/json/__init__.py", line 346, in loads
    return _default_decoder.decode(s)
           ^^^^^^^^^^^^^^^^^^^^^^^^^^
  File "/usr/lib/python3.12/json/decoder.py", line 337, in decode
    obj, end = self.raw_decode(s, idx=_w(s, 0).end())
               ^^^^^^^^^^^^^^^^^^^^^^^^^^^^^^^^^^^^^^
  File "/usr/lib/python3.12/json/decoder.py", line 353, in raw_decode
    obj, end = self.scan_once(s, idx)
               ^^^^^^^^^^^^^^^^^^^^^^
json.decoder.JSONDecodeError: Expecting ',' delimiter: line 1 column 76 (char 75)

2025-10-04 19:34:13,520 — src.subprocess_utils — ERROR — subprocess_run:233 — CalledProcessError returncode: 183 on command ['ffmpeg', '-hide_banner', '-i', '/home/gerald/MusicProcessing/tests/Music/test.m3u', '-filter:a', 'volumedetect', '-f', 'null', '-']
Traceback (most recent call last):
  File "/home/gerald/MusicProcessing/src/subprocess_utils.py", line 224, in subprocess_run
    process = subprocess.run(
              ^^^^^^^^^^^^^^^
  File "/usr/lib/python3.12/subprocess.py", line 571, in run
    raise CalledProcessError(retcode, process.args,
subprocess.CalledProcessError: Command '['ffmpeg', '-hide_banner', '-i', '/home/gerald/MusicProcessing/tests/Music/test.m3u', '-filter:a', 'volumedetect', '-f', 'null', '-']' returned non-zero exit status 183.
Stack (most recent call last):
  File "/usr/lib/python3.12/runpy.py", line 198, in _run_module_as_main
    return _run_code(code, main_globals, None,
  File "/usr/lib/python3.12/runpy.py", line 88, in _run_code
    exec(code, run_globals)
  File "/home/gerald/.vscode/extensions/ms-python.debugpy-2025.10.0-linux-x64/bundled/libs/debugpy/adapter/../../debugpy/launcher/../../debugpy/__main__.py", line 71, in <module>
    cli.main()
  File "/home/gerald/.vscode/extensions/ms-python.debugpy-2025.10.0-linux-x64/bundled/libs/debugpy/adapter/../../debugpy/launcher/../../debugpy/../debugpy/server/cli.py", line 501, in main
    run()
  File "/home/gerald/.vscode/extensions/ms-python.debugpy-2025.10.0-linux-x64/bundled/libs/debugpy/adapter/../../debugpy/launcher/../../debugpy/../debugpy/server/cli.py", line 351, in run_file
    runpy.run_path(target, run_name="__main__")
  File "/home/gerald/.vscode/extensions/ms-python.debugpy-2025.10.0-linux-x64/bundled/libs/debugpy/_vendored/pydevd/_pydevd_bundle/pydevd_runpy.py", line 310, in run_path
    return _run_module_code(code, init_globals, run_name, pkg_name=pkg_name, script_name=fname)
  File "/home/gerald/.vscode/extensions/ms-python.debugpy-2025.10.0-linux-x64/bundled/libs/debugpy/_vendored/pydevd/_pydevd_bundle/pydevd_runpy.py", line 127, in _run_module_code
    _run_code(code, mod_globals, init_globals, mod_name, mod_spec, pkg_name, script_name)
  File "/home/gerald/.vscode/extensions/ms-python.debugpy-2025.10.0-linux-x64/bundled/libs/debugpy/_vendored/pydevd/_pydevd_bundle/pydevd_runpy.py", line 118, in _run_code
    exec(code, run_globals)
  File "/home/gerald/MusicProcessing/tests/test_audio_normalization.py", line 553, in <module>
    runner.run(suite)
  File "/usr/lib/python3.12/unittest/runner.py", line 240, in run
    test(result)
  File "/usr/lib/python3.12/unittest/suite.py", line 84, in __call__
    return self.run(*args, **kwds)
  File "/usr/lib/python3.12/unittest/suite.py", line 122, in run
    test(result)
  File "/usr/lib/python3.12/unittest/case.py", line 690, in __call__
    return self.run(*args, **kwds)
  File "/usr/lib/python3.12/unittest/case.py", line 634, in run
    self._callTestMethod(testMethod)
  File "/usr/lib/python3.12/unittest/case.py", line 589, in _callTestMethod
    if method() is not None:
  File "/home/gerald/MusicProcessing/tests/test_audio_normalization.py", line 323, in test_get_volume_info_invalid_file
    volumes = normalization.get_volume_info(self.vol_err_src)
  File "/home/gerald/MusicProcessing/src/audio_normalize/audio_normalization.py", line 414, in get_volume_info
    process = subprocess_utils.subprocess_run(command)
  File "/home/gerald/MusicProcessing/src/subprocess_utils.py", line 233, in subprocess_run
    logger.exception(f"CalledProcessError returncode: {cp_error.returncode} on command {cp_error.cmd}", stack_info=True)

2025-10-04 19:34:13,521 — src.audio_normalize.audio_normalization — ERROR — get_volume_info:432 — Exception CalledProcessError getting volume for file /home/gerald/MusicProcessing/tests/Music/test.m3u
Traceback (most recent call last):
  File "/home/gerald/MusicProcessing/src/audio_normalize/audio_normalization.py", line 414, in get_volume_info
    process = subprocess_utils.subprocess_run(command)
              ^^^^^^^^^^^^^^^^^^^^^^^^^^^^^^^^^^^^^^^^
  File "/home/gerald/MusicProcessing/src/subprocess_utils.py", line 234, in subprocess_run
    raise cp_error
  File "/home/gerald/MusicProcessing/src/subprocess_utils.py", line 224, in subprocess_run
    process = subprocess.run(
              ^^^^^^^^^^^^^^^
  File "/usr/lib/python3.12/subprocess.py", line 571, in run
    raise CalledProcessError(retcode, process.args,
subprocess.CalledProcessError: Command '['ffmpeg', '-hide_banner', '-i', '/home/gerald/MusicProcessing/tests/Music/test.m3u', '-filter:a', 'volumedetect', '-f', 'null', '-']' returned non-zero exit status 183.
Stack (most recent call last):
  File "/usr/lib/python3.12/runpy.py", line 198, in _run_module_as_main
    return _run_code(code, main_globals, None,
  File "/usr/lib/python3.12/runpy.py", line 88, in _run_code
    exec(code, run_globals)
  File "/home/gerald/.vscode/extensions/ms-python.debugpy-2025.10.0-linux-x64/bundled/libs/debugpy/adapter/../../debugpy/launcher/../../debugpy/__main__.py", line 71, in <module>
    cli.main()
  File "/home/gerald/.vscode/extensions/ms-python.debugpy-2025.10.0-linux-x64/bundled/libs/debugpy/adapter/../../debugpy/launcher/../../debugpy/../debugpy/server/cli.py", line 501, in main
    run()
  File "/home/gerald/.vscode/extensions/ms-python.debugpy-2025.10.0-linux-x64/bundled/libs/debugpy/adapter/../../debugpy/launcher/../../debugpy/../debugpy/server/cli.py", line 351, in run_file
    runpy.run_path(target, run_name="__main__")
  File "/home/gerald/.vscode/extensions/ms-python.debugpy-2025.10.0-linux-x64/bundled/libs/debugpy/_vendored/pydevd/_pydevd_bundle/pydevd_runpy.py", line 310, in run_path
    return _run_module_code(code, init_globals, run_name, pkg_name=pkg_name, script_name=fname)
  File "/home/gerald/.vscode/extensions/ms-python.debugpy-2025.10.0-linux-x64/bundled/libs/debugpy/_vendored/pydevd/_pydevd_bundle/pydevd_runpy.py", line 127, in _run_module_code
    _run_code(code, mod_globals, init_globals, mod_name, mod_spec, pkg_name, script_name)
  File "/home/gerald/.vscode/extensions/ms-python.debugpy-2025.10.0-linux-x64/bundled/libs/debugpy/_vendored/pydevd/_pydevd_bundle/pydevd_runpy.py", line 118, in _run_code
    exec(code, run_globals)
  File "/home/gerald/MusicProcessing/tests/test_audio_normalization.py", line 553, in <module>
    runner.run(suite)
  File "/usr/lib/python3.12/unittest/runner.py", line 240, in run
    test(result)
  File "/usr/lib/python3.12/unittest/suite.py", line 84, in __call__
    return self.run(*args, **kwds)
  File "/usr/lib/python3.12/unittest/suite.py", line 122, in run
    test(result)
  File "/usr/lib/python3.12/unittest/case.py", line 690, in __call__
    return self.run(*args, **kwds)
  File "/usr/lib/python3.12/unittest/case.py", line 634, in run
    self._callTestMethod(testMethod)
  File "/usr/lib/python3.12/unittest/case.py", line 589, in _callTestMethod
    if method() is not None:
  File "/home/gerald/MusicProcessing/tests/test_audio_normalization.py", line 323, in test_get_volume_info_invalid_file
    volumes = normalization.get_volume_info(self.vol_err_src)
  File "/home/gerald/MusicProcessing/src/audio_normalize/audio_normalization.py", line 432, in get_volume_info
    logger.exception(f"Exception {type(e_error).__name__} getting volume for file {file_path}", stack_info=True)

2025-10-04 19:34:13,522 — src.audio_normalize.audio_normalization — ERROR — __loudnorm_json_parse:113 — JSONDecodeError parsing 
{
	"input_i" : "-16.52",
	"input_tp" : "-3.42",
	"input_lra" : "2.20",
	"input_thresh" : "-26.93",
	"output_i" : "-15.83",
	"output_tp" : "-2.00",
	"output_lra" : "1.40",
	"output_thresh" : "-26.03",
	"normalization_type" : "dynamic",
	"target_offset" : "-0.17"
}
}
Traceback (most recent call last):
  File "/home/gerald/MusicProcessing/src/audio_normalize/audio_normalization.py", line 110, in __loudnorm_json_parse
    output_data = json.loads(json_string)
                  ^^^^^^^^^^^^^^^^^^^^^^^
  File "/usr/lib/python3.12/json/__init__.py", line 346, in loads
    return _default_decoder.decode(s)
           ^^^^^^^^^^^^^^^^^^^^^^^^^^
  File "/usr/lib/python3.12/json/decoder.py", line 340, in decode
    raise JSONDecodeError("Extra data", s, end)
json.decoder.JSONDecodeError: Extra data: line 13 column 1 (char 264)

2025-10-04 19:34:13,523 — src.audio_normalize.audio_normalization — ERROR — __loudnorm_json_parse:107 — JSONOutputError could not find JSON output in subprocess stderr
{
	"input_i" : "-16.52",
	"input_tp" : "-3.42",
	"input_lra" : "2.20",
	"input_thresh" : "-26.93",
	"output_i" : "-15.83",
	"output_tp" : "-2.00",
	"output_lra" : "1.40",
	"output_thresh" : "-26.03",
	"normalization_type" : "dynamic",
	"target_offset" : "-0.17"

NoneType: None

2025-10-04 19:34:54,792 — src.audio_normalize.audio_normalization — WARNING — rms_normalize_file:643 — rms normalizing by -2.0 minus -21.00 equaling 19.00 with max volume -4 plus 19.0 will result in clipping amount: 15.0 dB in /home/gerald/MusicProcessing/src/generated_files/Music/Abba/Waterloo/ABBA-Waterloo.mp3

2025-10-04 19:34:56,874 — src.audio_normalize.audio_normalization — WARNING — rms_normalize_file:643 — rms normalizing by -2.0 minus -20.00 equaling 18.00 with max volume -7 plus 18.0 will result in clipping amount: 11.0 dB in /home/gerald/MusicProcessing/src/generated_files/Music/Crush/Here/Crush-Live.mp3

2025-10-04 19:35:15,051 — src.audio_info.audio_playlist — ERROR — get_audio_name:88 — PlaylistError no file delimiter in #EXTINF:0The Eagles-Desperado.m4a
NoneType: None
Stack (most recent call last):
  File "/usr/lib/python3.12/runpy.py", line 198, in _run_module_as_main
    return _run_code(code, main_globals, None,
  File "/usr/lib/python3.12/runpy.py", line 88, in _run_code
    exec(code, run_globals)
  File "/home/gerald/.vscode/extensions/ms-python.debugpy-2025.10.0-linux-x64/bundled/libs/debugpy/adapter/../../debugpy/launcher/../../debugpy/__main__.py", line 71, in <module>
    cli.main()
  File "/home/gerald/.vscode/extensions/ms-python.debugpy-2025.10.0-linux-x64/bundled/libs/debugpy/adapter/../../debugpy/launcher/../../debugpy/../debugpy/server/cli.py", line 501, in main
    run()
  File "/home/gerald/.vscode/extensions/ms-python.debugpy-2025.10.0-linux-x64/bundled/libs/debugpy/adapter/../../debugpy/launcher/../../debugpy/../debugpy/server/cli.py", line 351, in run_file
    runpy.run_path(target, run_name="__main__")
  File "/home/gerald/.vscode/extensions/ms-python.debugpy-2025.10.0-linux-x64/bundled/libs/debugpy/_vendored/pydevd/_pydevd_bundle/pydevd_runpy.py", line 310, in run_path
    return _run_module_code(code, init_globals, run_name, pkg_name=pkg_name, script_name=fname)
  File "/home/gerald/.vscode/extensions/ms-python.debugpy-2025.10.0-linux-x64/bundled/libs/debugpy/_vendored/pydevd/_pydevd_bundle/pydevd_runpy.py", line 127, in _run_module_code
    _run_code(code, mod_globals, init_globals, mod_name, mod_spec, pkg_name, script_name)
  File "/home/gerald/.vscode/extensions/ms-python.debugpy-2025.10.0-linux-x64/bundled/libs/debugpy/_vendored/pydevd/_pydevd_bundle/pydevd_runpy.py", line 118, in _run_code
    exec(code, run_globals)
  File "/home/gerald/MusicProcessing/tests/test_audio_playlist.py", line 160, in <module>
    runner.run(suite)
  File "/usr/lib/python3.12/unittest/runner.py", line 240, in run
    test(result)
  File "/usr/lib/python3.12/unittest/suite.py", line 84, in __call__
    return self.run(*args, **kwds)
  File "/usr/lib/python3.12/unittest/suite.py", line 122, in run
    test(result)
  File "/usr/lib/python3.12/unittest/case.py", line 690, in __call__
    return self.run(*args, **kwds)
  File "/usr/lib/python3.12/unittest/case.py", line 634, in run
    self._callTestMethod(testMethod)
  File "/usr/lib/python3.12/unittest/case.py", line 589, in _callTestMethod
    if method() is not None:
  File "/home/gerald/MusicProcessing/tests/test_audio_playlist.py", line 57, in test_get_audio_name_error
    audio = playlist.get_audio_name(line)
  File "/home/gerald/MusicProcessing/src/audio_info/audio_playlist.py", line 88, in get_audio_name
    logger.exception(f"PlaylistError no file delimiter in {line}", stack_info=True)

2025-10-04 19:35:15,059 — src.audio_info.audio_playlist — INFO — update_paths:175 — Updated test.m3u


2025-10-04 19:35:15,061 — src.audio_info.audio_playlist — ERROR — update_paths:130 — PlaylistError input file /home/gerald/MusicProcessing/tests/Music/Crush/Here/Crush-Live.mp3 is not a playlist
NoneType: None
Stack (most recent call last):
  File "/usr/lib/python3.12/runpy.py", line 198, in _run_module_as_main
    return _run_code(code, main_globals, None,
  File "/usr/lib/python3.12/runpy.py", line 88, in _run_code
    exec(code, run_globals)
  File "/home/gerald/.vscode/extensions/ms-python.debugpy-2025.10.0-linux-x64/bundled/libs/debugpy/adapter/../../debugpy/launcher/../../debugpy/__main__.py", line 71, in <module>
    cli.main()
  File "/home/gerald/.vscode/extensions/ms-python.debugpy-2025.10.0-linux-x64/bundled/libs/debugpy/adapter/../../debugpy/launcher/../../debugpy/../debugpy/server/cli.py", line 501, in main
    run()
  File "/home/gerald/.vscode/extensions/ms-python.debugpy-2025.10.0-linux-x64/bundled/libs/debugpy/adapter/../../debugpy/launcher/../../debugpy/../debugpy/server/cli.py", line 351, in run_file
    runpy.run_path(target, run_name="__main__")
  File "/home/gerald/.vscode/extensions/ms-python.debugpy-2025.10.0-linux-x64/bundled/libs/debugpy/_vendored/pydevd/_pydevd_bundle/pydevd_runpy.py", line 310, in run_path
    return _run_module_code(code, init_globals, run_name, pkg_name=pkg_name, script_name=fname)
  File "/home/gerald/.vscode/extensions/ms-python.debugpy-2025.10.0-linux-x64/bundled/libs/debugpy/_vendored/pydevd/_pydevd_bundle/pydevd_runpy.py", line 127, in _run_module_code
    _run_code(code, mod_globals, init_globals, mod_name, mod_spec, pkg_name, script_name)
  File "/home/gerald/.vscode/extensions/ms-python.debugpy-2025.10.0-linux-x64/bundled/libs/debugpy/_vendored/pydevd/_pydevd_bundle/pydevd_runpy.py", line 118, in _run_code
    exec(code, run_globals)
  File "/home/gerald/MusicProcessing/tests/test_audio_playlist.py", line 160, in <module>
    runner.run(suite)
  File "/usr/lib/python3.12/unittest/runner.py", line 240, in run
    test(result)
  File "/usr/lib/python3.12/unittest/suite.py", line 84, in __call__
    return self.run(*args, **kwds)
  File "/usr/lib/python3.12/unittest/suite.py", line 122, in run
    test(result)
  File "/usr/lib/python3.12/unittest/case.py", line 690, in __call__
    return self.run(*args, **kwds)
  File "/usr/lib/python3.12/unittest/case.py", line 634, in run
    self._callTestMethod(testMethod)
  File "/usr/lib/python3.12/unittest/case.py", line 589, in _callTestMethod
    if method() is not None:
  File "/home/gerald/MusicProcessing/tests/test_audio_playlist.py", line 130, in test_update_paths_fail
    playlist.update_paths(TESTS_TLD, TEST_MP3_CRUSH)
  File "/home/gerald/MusicProcessing/src/audio_info/audio_playlist.py", line 130, in update_paths
    logger.exception(f"PlaylistError input file {input_m3u} is not a playlist", stack_info=True)

2025-10-04 19:35:58,418 — src.subprocess_utils — ERROR — popen_pipe:77 — RuntimeError running command ffprobe -v quiet -show_format -show_streams /home/gerald/MusicProcessing/tests/Music/test.m3u
NoneType: None

2025-10-04 19:35:58,556 — src.subprocess_utils — ERROR — subprocess_run:233 — CalledProcessError returncode: 1 on command ['ffprobe', '-hide_banner', '-select_streams', 'v:0', '-show_streams', '-of', 'json', '/home/gerald/MusicProcessing/tests/Music/Non-extant.wav']
Traceback (most recent call last):
  File "/home/gerald/MusicProcessing/src/subprocess_utils.py", line 224, in subprocess_run
    process = subprocess.run(
              ^^^^^^^^^^^^^^^
  File "/usr/lib/python3.12/subprocess.py", line 571, in run
    raise CalledProcessError(retcode, process.args,
subprocess.CalledProcessError: Command '['ffprobe', '-hide_banner', '-select_streams', 'v:0', '-show_streams', '-of', 'json', '/home/gerald/MusicProcessing/tests/Music/Non-extant.wav']' returned non-zero exit status 1.
Stack (most recent call last):
  File "/usr/lib/python3.12/runpy.py", line 198, in _run_module_as_main
    return _run_code(code, main_globals, None,
  File "/usr/lib/python3.12/runpy.py", line 88, in _run_code
    exec(code, run_globals)
  File "/home/gerald/.vscode/extensions/ms-python.debugpy-2025.10.0-linux-x64/bundled/libs/debugpy/adapter/../../debugpy/launcher/../../debugpy/__main__.py", line 71, in <module>
    cli.main()
  File "/home/gerald/.vscode/extensions/ms-python.debugpy-2025.10.0-linux-x64/bundled/libs/debugpy/adapter/../../debugpy/launcher/../../debugpy/../debugpy/server/cli.py", line 501, in main
    run()
  File "/home/gerald/.vscode/extensions/ms-python.debugpy-2025.10.0-linux-x64/bundled/libs/debugpy/adapter/../../debugpy/launcher/../../debugpy/../debugpy/server/cli.py", line 351, in run_file
    runpy.run_path(target, run_name="__main__")
  File "/home/gerald/.vscode/extensions/ms-python.debugpy-2025.10.0-linux-x64/bundled/libs/debugpy/_vendored/pydevd/_pydevd_bundle/pydevd_runpy.py", line 310, in run_path
    return _run_module_code(code, init_globals, run_name, pkg_name=pkg_name, script_name=fname)
  File "/home/gerald/.vscode/extensions/ms-python.debugpy-2025.10.0-linux-x64/bundled/libs/debugpy/_vendored/pydevd/_pydevd_bundle/pydevd_runpy.py", line 127, in _run_module_code
    _run_code(code, mod_globals, init_globals, mod_name, mod_spec, pkg_name, script_name)
  File "/home/gerald/.vscode/extensions/ms-python.debugpy-2025.10.0-linux-x64/bundled/libs/debugpy/_vendored/pydevd/_pydevd_bundle/pydevd_runpy.py", line 118, in _run_code
    exec(code, run_globals)
  File "/home/gerald/MusicProcessing/tests/test_subprocess_utilities.py", line 142, in <module>
    runner.run(suite)
  File "/usr/lib/python3.12/unittest/runner.py", line 240, in run
    test(result)
  File "/usr/lib/python3.12/unittest/suite.py", line 84, in __call__
    return self.run(*args, **kwds)
  File "/usr/lib/python3.12/unittest/suite.py", line 122, in run
    test(result)
  File "/usr/lib/python3.12/unittest/case.py", line 690, in __call__
    return self.run(*args, **kwds)
  File "/usr/lib/python3.12/unittest/case.py", line 634, in run
    self._callTestMethod(testMethod)
  File "/usr/lib/python3.12/unittest/case.py", line 589, in _callTestMethod
    if method() is not None:
  File "/home/gerald/MusicProcessing/tests/test_subprocess_utilities.py", line 83, in test_subprocess_run_non_extant
    probe_process = subprocess_utils.subprocess_run(probe_command)
  File "/home/gerald/MusicProcessing/src/subprocess_utils.py", line 233, in subprocess_run
    logger.exception(f"CalledProcessError returncode: {cp_error.returncode} on command {cp_error.cmd}", stack_info=True)

2025-10-04 19:40:54,553 — src.audio_info.audio_metadata — WARNING — convert_file:284 — album directory /home/gerald/MusicProcessing/tests/Music/Crush/Here does not contain a Folder.jpg file.

2025-10-04 19:41:16,732 — src.audio_info.audio_metadata — WARNING — convert_walk:406 — Pattern .m3u is not for a valid audio file

2025-10-04 19:41:17,475 — src.audio_info.audio_metadata — WARNING — create_album_dir:522 — /home/gerald/MusicProcessing/tests/PreppedMusic/NoMetadata/No_tag_Crush-Live.mp3 is missing album metadata

2025-10-04 19:41:18,339 — src.audio_info.audio_metadata — ERROR — get_media_tags:762 — JSONDecodeError decoding JSON output from ffprobe
Traceback (most recent call last):
  File "/home/gerald/MusicProcessing/src/audio_info/audio_metadata.py", line 756, in get_media_tags
    data = json.loads(result.stdout)
           ^^^^^^^^^^^^^^^^^^^^^^^^^
  File "/usr/lib/python3.12/json/__init__.py", line 346, in loads
    return _default_decoder.decode(s)
           ^^^^^^^^^^^^^^^^^^^^^^^^^^
  File "/usr/lib/python3.12/json/decoder.py", line 337, in decode
    obj, end = self.raw_decode(s, idx=_w(s, 0).end())
               ^^^^^^^^^^^^^^^^^^^^^^^^^^^^^^^^^^^^^^
  File "/usr/lib/python3.12/json/decoder.py", line 353, in raw_decode
    obj, end = self.scan_once(s, idx)
               ^^^^^^^^^^^^^^^^^^^^^^
json.decoder.JSONDecodeError: Expecting ',' delimiter: line 18 column 1 (char 249)

2025-10-04 19:41:22,060 — src.audio_info.audio_metadata — ERROR — has_art_tag:932 — MusicProcessingError with file: /home/gerald/MusicProcessing/tests/Music/test has invalid extension: .m3u
NoneType: None

2025-10-04 19:41:22,065 — src.audio_info.audio_metadata — ERROR — load_any_file:978 — ValueError loading /home/gerald/MusicProcessing/tests/Music/test.m3u returned None
NoneType: None

2025-10-04 19:41:22,065 — src.audio_info.audio_metadata — ERROR — load_any_file:982 — MutagenError [Errno 2] No such file or directory: '/home/gerald/MusicProcessing/tests/Music/Non-extant.wav' loading /home/gerald/MusicProcessing/tests/Music/Non-extant.wav
Traceback (most recent call last):
  File "/home/gerald/.local/lib/python3.12/site-packages/mutagen/_util.py", line 251, in _openfile
    fileobj = open(filename, "rb+" if writable else "rb")
              ^^^^^^^^^^^^^^^^^^^^^^^^^^^^^^^^^^^^^^^^^^^
FileNotFoundError: [Errno 2] No such file or directory: '/home/gerald/MusicProcessing/tests/Music/Non-extant.wav'

During handling of the above exception, another exception occurred:

Traceback (most recent call last):
  File "/home/gerald/MusicProcessing/src/audio_info/audio_metadata.py", line 974, in load_any_file
    audio_file = mutagen.File(file_path)
                 ^^^^^^^^^^^^^^^^^^^^^^^
  File "/home/gerald/.local/lib/python3.12/site-packages/mutagen/_util.py", line 162, in wrapper_func
    with _openfile(None, filething, filename, fileobj,
  File "/usr/lib/python3.12/contextlib.py", line 137, in __enter__
    return next(self.gen)
           ^^^^^^^^^^^^^^
  File "/home/gerald/.local/lib/python3.12/site-packages/mutagen/_util.py", line 272, in _openfile
    raise MutagenError(e)
mutagen.MutagenError: [Errno 2] No such file or directory: '/home/gerald/MusicProcessing/tests/Music/Non-extant.wav'

2025-10-04 19:41:58,271 — src.audio_normalize.audio_normalization — ERROR — get_bit_rate:328 — JSONDecodeError decoding JSON output from ffprobe on audio file: /home/gerald/MusicProcessing/tests/Music/Crush/Here/Crush-Live.mp3
Traceback (most recent call last):
  File "/home/gerald/MusicProcessing/src/audio_normalize/audio_normalization.py", line 319, in get_bit_rate
    data = json.loads(result.stdout)
           ^^^^^^^^^^^^^^^^^^^^^^^^^
  File "/usr/lib/python3.12/json/__init__.py", line 346, in loads
    return _default_decoder.decode(s)
           ^^^^^^^^^^^^^^^^^^^^^^^^^^
  File "/usr/lib/python3.12/json/decoder.py", line 337, in decode
    obj, end = self.raw_decode(s, idx=_w(s, 0).end())
               ^^^^^^^^^^^^^^^^^^^^^^^^^^^^^^^^^^^^^^
  File "/usr/lib/python3.12/json/decoder.py", line 353, in raw_decode
    obj, end = self.scan_once(s, idx)
               ^^^^^^^^^^^^^^^^^^^^^^
json.decoder.JSONDecodeError: Expecting ',' delimiter: line 1 column 34 (char 33)

2025-10-04 19:41:58,413 — src.audio_normalize.audio_normalization — ERROR — get_sample_rate:377 — JSONDecodeError decoding JSON output from ffprobe on audio file: /home/gerald/MusicProcessing/tests/Music/Abba/Waterloo/ABBA-Waterloo.mp3
Traceback (most recent call last):
  File "/home/gerald/MusicProcessing/src/audio_normalize/audio_normalization.py", line 368, in get_sample_rate
    data = json.loads(result.stdout)
           ^^^^^^^^^^^^^^^^^^^^^^^^^
  File "/usr/lib/python3.12/json/__init__.py", line 346, in loads
    return _default_decoder.decode(s)
           ^^^^^^^^^^^^^^^^^^^^^^^^^^
  File "/usr/lib/python3.12/json/decoder.py", line 337, in decode
    obj, end = self.raw_decode(s, idx=_w(s, 0).end())
               ^^^^^^^^^^^^^^^^^^^^^^^^^^^^^^^^^^^^^^
  File "/usr/lib/python3.12/json/decoder.py", line 353, in raw_decode
    obj, end = self.scan_once(s, idx)
               ^^^^^^^^^^^^^^^^^^^^^^
json.decoder.JSONDecodeError: Expecting ',' delimiter: line 1 column 76 (char 75)

2025-10-04 19:41:59,070 — src.subprocess_utils — ERROR — subprocess_run:233 — CalledProcessError returncode: 183 on command ['ffmpeg', '-hide_banner', '-i', '/home/gerald/MusicProcessing/tests/Music/test.m3u', '-filter:a', 'volumedetect', '-f', 'null', '-']
Traceback (most recent call last):
  File "/home/gerald/MusicProcessing/src/subprocess_utils.py", line 224, in subprocess_run
    process = subprocess.run(
              ^^^^^^^^^^^^^^^
  File "/usr/lib/python3.12/subprocess.py", line 571, in run
    raise CalledProcessError(retcode, process.args,
subprocess.CalledProcessError: Command '['ffmpeg', '-hide_banner', '-i', '/home/gerald/MusicProcessing/tests/Music/test.m3u', '-filter:a', 'volumedetect', '-f', 'null', '-']' returned non-zero exit status 183.
Stack (most recent call last):
  File "<string>", line 206, in <module>
  File "<string>", line 187, in run_tests
  File "/usr/lib/python3.12/unittest/runner.py", line 240, in run
    test(result)
  File "/usr/lib/python3.12/unittest/suite.py", line 84, in __call__
    return self.run(*args, **kwds)
  File "/usr/lib/python3.12/unittest/suite.py", line 122, in run
    test(result)
  File "/usr/lib/python3.12/unittest/case.py", line 690, in __call__
    return self.run(*args, **kwds)
  File "/usr/lib/python3.12/unittest/case.py", line 634, in run
    self._callTestMethod(testMethod)
  File "/usr/lib/python3.12/unittest/case.py", line 589, in _callTestMethod
    if method() is not None:
  File "/home/gerald/MusicProcessing/tests/test_audio_normalization.py", line 323, in test_get_volume_info_invalid_file
    volumes = normalization.get_volume_info(self.vol_err_src)
  File "/home/gerald/MusicProcessing/src/audio_normalize/audio_normalization.py", line 414, in get_volume_info
    process = subprocess_utils.subprocess_run(command)
  File "/home/gerald/MusicProcessing/src/subprocess_utils.py", line 233, in subprocess_run
    logger.exception(f"CalledProcessError returncode: {cp_error.returncode} on command {cp_error.cmd}", stack_info=True)

2025-10-04 19:41:59,071 — src.audio_normalize.audio_normalization — ERROR — get_volume_info:432 — Exception CalledProcessError getting volume for file /home/gerald/MusicProcessing/tests/Music/test.m3u
Traceback (most recent call last):
  File "/home/gerald/MusicProcessing/src/audio_normalize/audio_normalization.py", line 414, in get_volume_info
    process = subprocess_utils.subprocess_run(command)
              ^^^^^^^^^^^^^^^^^^^^^^^^^^^^^^^^^^^^^^^^
  File "/home/gerald/MusicProcessing/src/subprocess_utils.py", line 234, in subprocess_run
    raise cp_error
  File "/home/gerald/MusicProcessing/src/subprocess_utils.py", line 224, in subprocess_run
    process = subprocess.run(
              ^^^^^^^^^^^^^^^
  File "/usr/lib/python3.12/subprocess.py", line 571, in run
    raise CalledProcessError(retcode, process.args,
subprocess.CalledProcessError: Command '['ffmpeg', '-hide_banner', '-i', '/home/gerald/MusicProcessing/tests/Music/test.m3u', '-filter:a', 'volumedetect', '-f', 'null', '-']' returned non-zero exit status 183.
Stack (most recent call last):
  File "<string>", line 206, in <module>
  File "<string>", line 187, in run_tests
  File "/usr/lib/python3.12/unittest/runner.py", line 240, in run
    test(result)
  File "/usr/lib/python3.12/unittest/suite.py", line 84, in __call__
    return self.run(*args, **kwds)
  File "/usr/lib/python3.12/unittest/suite.py", line 122, in run
    test(result)
  File "/usr/lib/python3.12/unittest/case.py", line 690, in __call__
    return self.run(*args, **kwds)
  File "/usr/lib/python3.12/unittest/case.py", line 634, in run
    self._callTestMethod(testMethod)
  File "/usr/lib/python3.12/unittest/case.py", line 589, in _callTestMethod
    if method() is not None:
  File "/home/gerald/MusicProcessing/tests/test_audio_normalization.py", line 323, in test_get_volume_info_invalid_file
    volumes = normalization.get_volume_info(self.vol_err_src)
  File "/home/gerald/MusicProcessing/src/audio_normalize/audio_normalization.py", line 432, in get_volume_info
    logger.exception(f"Exception {type(e_error).__name__} getting volume for file {file_path}", stack_info=True)

2025-10-04 19:41:59,072 — src.audio_normalize.audio_normalization — ERROR — __loudnorm_json_parse:113 — JSONDecodeError parsing 
{
	"input_i" : "-16.52",
	"input_tp" : "-3.42",
	"input_lra" : "2.20",
	"input_thresh" : "-26.93",
	"output_i" : "-15.83",
	"output_tp" : "-2.00",
	"output_lra" : "1.40",
	"output_thresh" : "-26.03",
	"normalization_type" : "dynamic",
	"target_offset" : "-0.17"
}
}
Traceback (most recent call last):
  File "/home/gerald/MusicProcessing/src/audio_normalize/audio_normalization.py", line 110, in __loudnorm_json_parse
    output_data = json.loads(json_string)
                  ^^^^^^^^^^^^^^^^^^^^^^^
  File "/usr/lib/python3.12/json/__init__.py", line 346, in loads
    return _default_decoder.decode(s)
           ^^^^^^^^^^^^^^^^^^^^^^^^^^
  File "/usr/lib/python3.12/json/decoder.py", line 340, in decode
    raise JSONDecodeError("Extra data", s, end)
json.decoder.JSONDecodeError: Extra data: line 13 column 1 (char 264)

2025-10-04 19:41:59,073 — src.audio_normalize.audio_normalization — ERROR — __loudnorm_json_parse:107 — JSONOutputError could not find JSON output in subprocess stderr
{
	"input_i" : "-16.52",
	"input_tp" : "-3.42",
	"input_lra" : "2.20",
	"input_thresh" : "-26.93",
	"output_i" : "-15.83",
	"output_tp" : "-2.00",
	"output_lra" : "1.40",
	"output_thresh" : "-26.03",
	"normalization_type" : "dynamic",
	"target_offset" : "-0.17"

NoneType: None

2025-10-04 19:42:45,115 — src.audio_normalize.audio_normalization — WARNING — rms_normalize_file:643 — rms normalizing by -2.0 minus -21.00 equaling 19.00 with max volume -4 plus 19.0 will result in clipping amount: 15.0 dB in /home/gerald/MusicProcessing/src/generated_files/Music/Abba/Waterloo/ABBA-Waterloo.mp3

2025-10-04 19:42:47,032 — src.audio_normalize.audio_normalization — WARNING — rms_normalize_file:643 — rms normalizing by -2.0 minus -20.00 equaling 18.00 with max volume -7 plus 18.0 will result in clipping amount: 11.0 dB in /home/gerald/MusicProcessing/src/generated_files/Music/Crush/Here/Crush-Live.mp3

2025-10-04 19:43:03,604 — src.audio_info.audio_playlist — ERROR — get_audio_name:88 — PlaylistError no file delimiter in #EXTINF:0The Eagles-Desperado.m4a
NoneType: None
Stack (most recent call last):
  File "<string>", line 206, in <module>
  File "<string>", line 187, in run_tests
  File "/usr/lib/python3.12/unittest/runner.py", line 240, in run
    test(result)
  File "/usr/lib/python3.12/unittest/suite.py", line 84, in __call__
    return self.run(*args, **kwds)
  File "/usr/lib/python3.12/unittest/suite.py", line 122, in run
    test(result)
  File "/usr/lib/python3.12/unittest/case.py", line 690, in __call__
    return self.run(*args, **kwds)
  File "/usr/lib/python3.12/unittest/case.py", line 634, in run
    self._callTestMethod(testMethod)
  File "/usr/lib/python3.12/unittest/case.py", line 589, in _callTestMethod
    if method() is not None:
  File "/home/gerald/MusicProcessing/tests/test_audio_playlist.py", line 57, in test_get_audio_name_error
    audio = playlist.get_audio_name(line)
  File "/home/gerald/MusicProcessing/src/audio_info/audio_playlist.py", line 88, in get_audio_name
    logger.exception(f"PlaylistError no file delimiter in {line}", stack_info=True)

2025-10-04 19:43:03,612 — src.audio_info.audio_playlist — INFO — update_paths:175 — Updated test.m3u


2025-10-04 19:43:03,612 — src.audio_info.audio_playlist — ERROR — update_paths:130 — PlaylistError input file /home/gerald/MusicProcessing/tests/Music/Crush/Here/Crush-Live.mp3 is not a playlist
NoneType: None
Stack (most recent call last):
  File "<string>", line 206, in <module>
  File "<string>", line 187, in run_tests
  File "/usr/lib/python3.12/unittest/runner.py", line 240, in run
    test(result)
  File "/usr/lib/python3.12/unittest/suite.py", line 84, in __call__
    return self.run(*args, **kwds)
  File "/usr/lib/python3.12/unittest/suite.py", line 122, in run
    test(result)
  File "/usr/lib/python3.12/unittest/case.py", line 690, in __call__
    return self.run(*args, **kwds)
  File "/usr/lib/python3.12/unittest/case.py", line 634, in run
    self._callTestMethod(testMethod)
  File "/usr/lib/python3.12/unittest/case.py", line 589, in _callTestMethod
    if method() is not None:
  File "/home/gerald/MusicProcessing/tests/test_audio_playlist.py", line 130, in test_update_paths_fail
    playlist.update_paths(TESTS_TLD, TEST_MP3_CRUSH)
  File "/home/gerald/MusicProcessing/src/audio_info/audio_playlist.py", line 130, in update_paths
    logger.exception(f"PlaylistError input file {input_m3u} is not a playlist", stack_info=True)

2025-10-04 19:43:18,280 — src.subprocess_utils — ERROR — popen_pipe:77 — RuntimeError running command ffprobe -v quiet -show_format -show_streams /home/gerald/MusicProcessing/tests/Music/test.m3u
NoneType: None

2025-10-04 19:43:18,424 — src.subprocess_utils — ERROR — subprocess_run:233 — CalledProcessError returncode: 1 on command ['ffprobe', '-hide_banner', '-select_streams', 'v:0', '-show_streams', '-of', 'json', '/home/gerald/MusicProcessing/tests/Music/Non-extant.wav']
Traceback (most recent call last):
  File "/home/gerald/MusicProcessing/src/subprocess_utils.py", line 224, in subprocess_run
    process = subprocess.run(
              ^^^^^^^^^^^^^^^
  File "/usr/lib/python3.12/subprocess.py", line 571, in run
    raise CalledProcessError(retcode, process.args,
subprocess.CalledProcessError: Command '['ffprobe', '-hide_banner', '-select_streams', 'v:0', '-show_streams', '-of', 'json', '/home/gerald/MusicProcessing/tests/Music/Non-extant.wav']' returned non-zero exit status 1.
Stack (most recent call last):
  File "<string>", line 206, in <module>
  File "<string>", line 187, in run_tests
  File "/usr/lib/python3.12/unittest/runner.py", line 240, in run
    test(result)
  File "/usr/lib/python3.12/unittest/suite.py", line 84, in __call__
    return self.run(*args, **kwds)
  File "/usr/lib/python3.12/unittest/suite.py", line 122, in run
    test(result)
  File "/usr/lib/python3.12/unittest/case.py", line 690, in __call__
    return self.run(*args, **kwds)
  File "/usr/lib/python3.12/unittest/case.py", line 634, in run
    self._callTestMethod(testMethod)
  File "/usr/lib/python3.12/unittest/case.py", line 589, in _callTestMethod
    if method() is not None:
  File "/home/gerald/MusicProcessing/tests/test_subprocess_utilities.py", line 83, in test_subprocess_run_non_extant
    probe_process = subprocess_utils.subprocess_run(probe_command)
  File "/home/gerald/MusicProcessing/src/subprocess_utils.py", line 233, in subprocess_run
    logger.exception(f"CalledProcessError returncode: {cp_error.returncode} on command {cp_error.cmd}", stack_info=True)

2025-10-06 16:26:13,701 — src.dir_processing.directory_processing — ERROR — make_dir:346 — OSError Invalid argument making directory with ?no_permission_path
Traceback (most recent call last):
  File "D:\MusicProcessing\src\dir_processing\directory_processing.py", line 337, in make_dir
    os.makedirs(dir_path)
  File "c:\Users\gmanw\AppData\Local\Programs\Python\Python312\Lib\os.py", line 225, in makedirs
    mkdir(name, mode)
OSError: [WinError 123] The filename, directory name, or volume label syntax is incorrect: '?no_permission_path'

2025-10-06 16:29:35,800 — src.dir_processing.directory_processing — ERROR — make_dir:346 — OSError Invalid argument making directory with ?no_permission_path
Traceback (most recent call last):
  File "D:\MusicProcessing\src\dir_processing\directory_processing.py", line 337, in make_dir
    os.makedirs(dir_path)
  File "c:\Users\gmanw\AppData\Local\Programs\Python\Python312\Lib\os.py", line 225, in makedirs
    mkdir(name, mode)
OSError: [WinError 123] The filename, directory name, or volume label syntax is incorrect: '?no_permission_path'

2025-10-06 16:30:39,639 — src.dir_processing.directory_processing — ERROR — make_dir:346 — OSError Invalid argument making directory with ?no_permission_path
Traceback (most recent call last):
  File "D:\MusicProcessing\src\dir_processing\directory_processing.py", line 337, in make_dir
    os.makedirs(dir_path)
  File "c:\Users\gmanw\AppData\Local\Programs\Python\Python312\Lib\os.py", line 225, in makedirs
    mkdir(name, mode)
OSError: [WinError 123] The filename, directory name, or volume label syntax is incorrect: '?no_permission_path'

2025-10-06 16:30:44,512 — src.dir_processing.directory_processing — ERROR — make_dir:343 — OSError permission denied for creating D:\MusicProcessing\src\generated_files\Music\DirOne\DirTwo
Traceback (most recent call last):
  File "D:\MusicProcessing\src\dir_processing\directory_processing.py", line 337, in make_dir
    os.makedirs(dir_path)
  File "c:\Users\gmanw\AppData\Local\Programs\Python\Python312\Lib\unittest\mock.py", line 1134, in __call__
    return self._mock_call(*args, **kwargs)
           ^^^^^^^^^^^^^^^^^^^^^^^^^^^^^^^^
  File "c:\Users\gmanw\AppData\Local\Programs\Python\Python312\Lib\unittest\mock.py", line 1138, in _mock_call
    return self._execute_mock_call(*args, **kwargs)
           ^^^^^^^^^^^^^^^^^^^^^^^^^^^^^^^^^^^^^^^^
  File "c:\Users\gmanw\AppData\Local\Programs\Python\Python312\Lib\unittest\mock.py", line 1193, in _execute_mock_call
    raise effect
PermissionError: [Errno 13] Permission denied

2025-10-06 16:32:04,804 — src.dir_processing.directory_processing — ERROR — make_dir:346 — OSError Invalid argument making directory with ?no_permission_path
Traceback (most recent call last):
  File "D:\MusicProcessing\src\dir_processing\directory_processing.py", line 337, in make_dir
    os.makedirs(dir_path)
  File "c:\Users\gmanw\AppData\Local\Programs\Python\Python312\Lib\os.py", line 225, in makedirs
    mkdir(name, mode)
OSError: [WinError 123] The filename, directory name, or volume label syntax is incorrect: '?no_permission_path'

2025-10-06 16:32:08,016 — src.dir_processing.directory_processing — ERROR — make_dir:343 — OSError permission denied for creating D:\MusicProcessing\src\generated_files\Music\DirOne\DirTwo
Traceback (most recent call last):
  File "D:\MusicProcessing\src\dir_processing\directory_processing.py", line 337, in make_dir
    os.makedirs(dir_path)
  File "c:\Users\gmanw\AppData\Local\Programs\Python\Python312\Lib\unittest\mock.py", line 1134, in __call__
    return self._mock_call(*args, **kwargs)
           ^^^^^^^^^^^^^^^^^^^^^^^^^^^^^^^^
  File "c:\Users\gmanw\AppData\Local\Programs\Python\Python312\Lib\unittest\mock.py", line 1138, in _mock_call
    return self._execute_mock_call(*args, **kwargs)
           ^^^^^^^^^^^^^^^^^^^^^^^^^^^^^^^^^^^^^^^^
  File "c:\Users\gmanw\AppData\Local\Programs\Python\Python312\Lib\unittest\mock.py", line 1193, in _execute_mock_call
    raise effect
PermissionError: [Errno 13] Permission denied

2025-10-06 16:35:42,479 — src.dir_processing.directory_processing — ERROR — make_dir:346 — OSError Invalid argument making directory with ?no_permission_path
Traceback (most recent call last):
  File "D:\MusicProcessing\src\dir_processing\directory_processing.py", line 337, in make_dir
    os.makedirs(dir_path)
  File "c:\Users\gmanw\AppData\Local\Programs\Python\Python312\Lib\os.py", line 225, in makedirs
    mkdir(name, mode)
OSError: [WinError 123] The filename, directory name, or volume label syntax is incorrect: '?no_permission_path'

2025-10-06 16:35:50,159 — src.dir_processing.directory_processing — ERROR — make_dir:343 — OSError permission denied for creating D:\MusicProcessing\src\generated_files\Music\DirOne\DirTwo
Traceback (most recent call last):
  File "D:\MusicProcessing\src\dir_processing\directory_processing.py", line 337, in make_dir
    os.makedirs(dir_path)
  File "c:\Users\gmanw\AppData\Local\Programs\Python\Python312\Lib\unittest\mock.py", line 1134, in __call__
    return self._mock_call(*args, **kwargs)
           ^^^^^^^^^^^^^^^^^^^^^^^^^^^^^^^^
  File "c:\Users\gmanw\AppData\Local\Programs\Python\Python312\Lib\unittest\mock.py", line 1138, in _mock_call
    return self._execute_mock_call(*args, **kwargs)
           ^^^^^^^^^^^^^^^^^^^^^^^^^^^^^^^^^^^^^^^^
  File "c:\Users\gmanw\AppData\Local\Programs\Python\Python312\Lib\unittest\mock.py", line 1193, in _execute_mock_call
    raise effect
PermissionError: [Errno 13] Permission denied

2025-10-06 16:38:16,628 — src.dir_processing.directory_processing — ERROR — make_dir:346 — OSError Invalid argument making directory with ?no_permission_path
Traceback (most recent call last):
  File "D:\MusicProcessing\src\dir_processing\directory_processing.py", line 337, in make_dir
    os.makedirs(dir_path)
  File "c:\Users\gmanw\AppData\Local\Programs\Python\Python312\Lib\os.py", line 225, in makedirs
    mkdir(name, mode)
OSError: [WinError 123] The filename, directory name, or volume label syntax is incorrect: '?no_permission_path'

2025-10-06 16:41:25,350 — src.dir_processing.directory_processing — ERROR — make_dir:346 — OSError Invalid argument making directory with ?bad_path
Traceback (most recent call last):
  File "D:\MusicProcessing\src\dir_processing\directory_processing.py", line 337, in make_dir
    os.makedirs(dir_path)
  File "c:\Users\gmanw\AppData\Local\Programs\Python\Python312\Lib\os.py", line 225, in makedirs
    mkdir(name, mode)
OSError: [WinError 123] The filename, directory name, or volume label syntax is incorrect: '?bad_path'

2025-10-06 16:41:56,125 — src.dir_processing.directory_processing — ERROR — make_dir:343 — OSError permission denied for creating D:\MusicProcessing\src\generated_files\Music\DirOne\DirTwo
Traceback (most recent call last):
  File "D:\MusicProcessing\src\dir_processing\directory_processing.py", line 337, in make_dir
    os.makedirs(dir_path)
  File "c:\Users\gmanw\AppData\Local\Programs\Python\Python312\Lib\unittest\mock.py", line 1134, in __call__
    return self._mock_call(*args, **kwargs)
           ^^^^^^^^^^^^^^^^^^^^^^^^^^^^^^^^
  File "c:\Users\gmanw\AppData\Local\Programs\Python\Python312\Lib\unittest\mock.py", line 1138, in _mock_call
    return self._execute_mock_call(*args, **kwargs)
           ^^^^^^^^^^^^^^^^^^^^^^^^^^^^^^^^^^^^^^^^
  File "c:\Users\gmanw\AppData\Local\Programs\Python\Python312\Lib\unittest\mock.py", line 1193, in _execute_mock_call
    raise effect
PermissionError: [Errno 13] Permission denied

2025-10-06 16:52:21,067 — src.dir_processing.directory_processing — ERROR — make_dir:346 — OSError Invalid argument making directory with ?bad_path
Traceback (most recent call last):
  File "D:\MusicProcessing\src\dir_processing\directory_processing.py", line 337, in make_dir
    os.makedirs(dir_path)
  File "c:\Users\gmanw\AppData\Local\Programs\Python\Python312\Lib\os.py", line 225, in makedirs
    mkdir(name, mode)
OSError: [WinError 123] The filename, directory name, or volume label syntax is incorrect: '?bad_path'

2025-10-06 16:57:29,016 — src.dir_processing.directory_processing — ERROR — make_dir:346 — OSError Invalid argument making directory with ?bad_path
Traceback (most recent call last):
  File "D:\MusicProcessing\src\dir_processing\directory_processing.py", line 337, in make_dir
    os.makedirs(dir_path)
  File "c:\Users\gmanw\AppData\Local\Programs\Python\Python312\Lib\os.py", line 225, in makedirs
    mkdir(name, mode)
OSError: [WinError 123] The filename, directory name, or volume label syntax is incorrect: '?bad_path'

2025-10-06 17:25:10,870 — src.audio_info.audio_metadata — WARNING — convert_file:286 — album directory D:\MusicProcessing\tests\Music\Crush\Here does not contain a Folder.jpg file.

2025-10-06 17:25:26,988 — src.audio_info.audio_metadata — WARNING — convert_walk:408 — Pattern .m3u is not for a valid audio file

2025-10-06 17:25:27,410 — src.audio_info.audio_metadata — ERROR — create_album_dirs:544 — Exception FileNotFoundError creating sub-dirs for D:\MusicProcessing\tests\PreppedMusic
Traceback (most recent call last):
  File "c:\Users\gmanw\AppData\Local\Programs\Python\Python312\Lib\shutil.py", line 862, in move
    os.rename(src, real_dst)
FileNotFoundError: [WinError 2] The system cannot find the file specified: 'ABBA-Waterloo.mp3' -> 'D:\\MusicProcessing\\tests\\PreppedMusic\\Abba\\Waterloo\\ABBA-Waterloo.mp3'

During handling of the above exception, another exception occurred:

Traceback (most recent call last):
  File "D:\MusicProcessing\src\audio_info\audio_metadata.py", line 526, in create_album_dirs
    shutil.move(file_path, destination_path)
  File "c:\Users\gmanw\AppData\Local\Programs\Python\Python312\Lib\shutil.py", line 882, in move
    copy_function(src, real_dst)
  File "c:\Users\gmanw\AppData\Local\Programs\Python\Python312\Lib\shutil.py", line 448, in copy2
    _winapi.CopyFile2(src_, dst_, flags)
FileNotFoundError: [WinError 2] The system cannot find the file specified
Stack (most recent call last):
  File "c:\Users\gmanw\AppData\Local\Programs\Python\Python312\Lib\runpy.py", line 198, in _run_module_as_main
    return _run_code(code, main_globals, None,
  File "c:\Users\gmanw\AppData\Local\Programs\Python\Python312\Lib\runpy.py", line 88, in _run_code
    exec(code, run_globals)
  File "c:\Users\gmanw\.vscode\extensions\ms-python.debugpy-2025.10.0-win32-x64\bundled\libs\debugpy\launcher/../..\debugpy\__main__.py", line 71, in <module>
    cli.main()
  File "c:\Users\gmanw\.vscode\extensions\ms-python.debugpy-2025.10.0-win32-x64\bundled\libs\debugpy\launcher/../..\debugpy/..\debugpy\server\cli.py", line 501, in main
    run()
  File "c:\Users\gmanw\.vscode\extensions\ms-python.debugpy-2025.10.0-win32-x64\bundled\libs\debugpy\launcher/../..\debugpy/..\debugpy\server\cli.py", line 351, in run_file
    runpy.run_path(target, run_name="__main__")
  File "c:\Users\gmanw\.vscode\extensions\ms-python.debugpy-2025.10.0-win32-x64\bundled\libs\debugpy\_vendored\pydevd\_pydevd_bundle\pydevd_runpy.py", line 310, in run_path
    return _run_module_code(code, init_globals, run_name, pkg_name=pkg_name, script_name=fname)
  File "c:\Users\gmanw\.vscode\extensions\ms-python.debugpy-2025.10.0-win32-x64\bundled\libs\debugpy\_vendored\pydevd\_pydevd_bundle\pydevd_runpy.py", line 127, in _run_module_code
    _run_code(code, mod_globals, init_globals, mod_name, mod_spec, pkg_name, script_name)
  File "c:\Users\gmanw\.vscode\extensions\ms-python.debugpy-2025.10.0-win32-x64\bundled\libs\debugpy\_vendored\pydevd\_pydevd_bundle\pydevd_runpy.py", line 118, in _run_code
    exec(code, run_globals)
  File "D:\MusicProcessing\tests\test_audio_metadata.py", line 850, in <module>
    runner.run(suite)
  File "c:\Users\gmanw\AppData\Local\Programs\Python\Python312\Lib\unittest\runner.py", line 240, in run
    test(result)
  File "c:\Users\gmanw\AppData\Local\Programs\Python\Python312\Lib\unittest\suite.py", line 84, in __call__
    return self.run(*args, **kwds)
  File "c:\Users\gmanw\AppData\Local\Programs\Python\Python312\Lib\unittest\suite.py", line 122, in run
    test(result)
  File "c:\Users\gmanw\AppData\Local\Programs\Python\Python312\Lib\unittest\case.py", line 690, in __call__
    return self.run(*args, **kwds)
  File "c:\Users\gmanw\AppData\Local\Programs\Python\Python312\Lib\unittest\case.py", line 634, in run
    self._callTestMethod(testMethod)
  File "c:\Users\gmanw\AppData\Local\Programs\Python\Python312\Lib\unittest\case.py", line 589, in _callTestMethod
    if method() is not None:
  File "D:\MusicProcessing\tests\test_audio_metadata.py", line 400, in test_create_album_dir
    metadata.create_album_dirs(self.prepped)
  File "D:\MusicProcessing\src\audio_info\audio_metadata.py", line 544, in create_album_dirs
    logger.exception(f"Exception {type(e_error).__name__} creating sub-dirs for {start_path}", stack_info=True)

2025-10-06 17:25:28,284 — src.audio_info.audio_metadata — ERROR — get_media_tags:772 — JSONDecodeError decoding JSON output from ffprobe
Traceback (most recent call last):
  File "D:\MusicProcessing\src\audio_info\audio_metadata.py", line 766, in get_media_tags
    data = json.loads(result.stdout)
           ^^^^^^^^^^^^^^^^^^^^^^^^^
  File "c:\Users\gmanw\AppData\Local\Programs\Python\Python312\Lib\json\__init__.py", line 346, in loads
    return _default_decoder.decode(s)
           ^^^^^^^^^^^^^^^^^^^^^^^^^^
  File "c:\Users\gmanw\AppData\Local\Programs\Python\Python312\Lib\json\decoder.py", line 337, in decode
    obj, end = self.raw_decode(s, idx=_w(s, 0).end())
               ^^^^^^^^^^^^^^^^^^^^^^^^^^^^^^^^^^^^^^
  File "c:\Users\gmanw\AppData\Local\Programs\Python\Python312\Lib\json\decoder.py", line 353, in raw_decode
    obj, end = self.scan_once(s, idx)
               ^^^^^^^^^^^^^^^^^^^^^^
json.decoder.JSONDecodeError: Expecting ',' delimiter: line 18 column 1 (char 249)

2025-10-06 17:25:35,916 — src.audio_info.audio_metadata — ERROR — has_art_tag:942 — MusicProcessingError with file: D:\MusicProcessing\tests\Music\test has invalid extension: .m3u
NoneType: None

2025-10-06 17:25:35,958 — src.audio_info.audio_metadata — ERROR — load_any_file:988 — ValueError loading D:\MusicProcessing\tests\Music\test.m3u returned None
NoneType: None

2025-10-06 17:25:35,958 — src.audio_info.audio_metadata — ERROR — load_any_file:992 — MutagenError [Errno 2] No such file or directory: 'D:\\MusicProcessing\\tests\\Music\\Non-extant.wav' loading D:\MusicProcessing\tests\Music\Non-extant.wav
Traceback (most recent call last):
  File "c:\Users\gmanw\AppData\Local\Programs\Python\Python312\Lib\site-packages\mutagen\_util.py", line 251, in _openfile
    fileobj = open(filename, "rb+" if writable else "rb")
              ^^^^^^^^^^^^^^^^^^^^^^^^^^^^^^^^^^^^^^^^^^^
FileNotFoundError: [Errno 2] No such file or directory: 'D:\\MusicProcessing\\tests\\Music\\Non-extant.wav'

During handling of the above exception, another exception occurred:

Traceback (most recent call last):
  File "D:\MusicProcessing\src\audio_info\audio_metadata.py", line 984, in load_any_file
    audio_file = mutagen.File(file_path)
                 ^^^^^^^^^^^^^^^^^^^^^^^
  File "c:\Users\gmanw\AppData\Local\Programs\Python\Python312\Lib\site-packages\mutagen\_util.py", line 162, in wrapper_func
    with _openfile(None, filething, filename, fileobj,
  File "c:\Users\gmanw\AppData\Local\Programs\Python\Python312\Lib\contextlib.py", line 137, in __enter__
    return next(self.gen)
           ^^^^^^^^^^^^^^
  File "c:\Users\gmanw\AppData\Local\Programs\Python\Python312\Lib\site-packages\mutagen\_util.py", line 272, in _openfile
    raise MutagenError(e)
mutagen.MutagenError: [Errno 2] No such file or directory: 'D:\\MusicProcessing\\tests\\Music\\Non-extant.wav'

2025-10-06 17:29:03,492 — src.audio_info.audio_metadata — WARNING — convert_file:286 — album directory D:\MusicProcessing\tests\Music\Crush\Here does not contain a Folder.jpg file.

2025-10-06 17:29:17,399 — src.audio_info.audio_metadata — WARNING — convert_walk:408 — Pattern .m3u is not for a valid audio file

2025-10-06 17:33:29,128 — src.audio_info.audio_metadata — WARNING — convert_file:286 — album directory D:\MusicProcessing\tests\Music\Crush\Here does not contain a Folder.jpg file.

2025-10-06 17:33:42,997 — src.audio_info.audio_metadata — WARNING — convert_walk:408 — Pattern .m3u is not for a valid audio file

2025-10-06 17:37:10,153 — src.audio_info.audio_metadata — WARNING — convert_file:286 — album directory D:\MusicProcessing\tests\Music\Crush\Here does not contain a Folder.jpg file.

2025-10-06 17:37:24,071 — src.audio_info.audio_metadata — WARNING — convert_walk:408 — Pattern .m3u is not for a valid audio file

2025-10-06 17:37:24,546 — src.audio_info.audio_metadata — WARNING — create_album_dirs:529 — D:\MusicProcessing\tests\PreppedMusic\NoMetadata\No_tag_Crush-Live.mp3 is missing album metadata

2025-10-06 17:37:30,833 — src.audio_info.audio_metadata — ERROR — get_media_tags:772 — JSONDecodeError decoding JSON output from ffprobe
Traceback (most recent call last):
  File "D:\MusicProcessing\src\audio_info\audio_metadata.py", line 766, in get_media_tags
    data = json.loads(result.stdout)
           ^^^^^^^^^^^^^^^^^^^^^^^^^
  File "c:\Users\gmanw\AppData\Local\Programs\Python\Python312\Lib\json\__init__.py", line 346, in loads
    return _default_decoder.decode(s)
           ^^^^^^^^^^^^^^^^^^^^^^^^^^
  File "c:\Users\gmanw\AppData\Local\Programs\Python\Python312\Lib\json\decoder.py", line 337, in decode
    obj, end = self.raw_decode(s, idx=_w(s, 0).end())
               ^^^^^^^^^^^^^^^^^^^^^^^^^^^^^^^^^^^^^^
  File "c:\Users\gmanw\AppData\Local\Programs\Python\Python312\Lib\json\decoder.py", line 353, in raw_decode
    obj, end = self.scan_once(s, idx)
               ^^^^^^^^^^^^^^^^^^^^^^
json.decoder.JSONDecodeError: Expecting ',' delimiter: line 18 column 1 (char 249)

2025-10-06 17:37:31,927 — src.audio_info.audio_metadata — ERROR — has_art_tag:942 — MusicProcessingError with file: D:\MusicProcessing\tests\Music\test has invalid extension: .m3u
NoneType: None

2025-10-06 17:37:31,960 — src.audio_info.audio_metadata — ERROR — load_any_file:988 — ValueError loading D:\MusicProcessing\tests\Music\test.m3u returned None
NoneType: None

2025-10-06 17:37:31,962 — src.audio_info.audio_metadata — ERROR — load_any_file:992 — MutagenError [Errno 2] No such file or directory: 'D:\\MusicProcessing\\tests\\Music\\Non-extant.wav' loading D:\MusicProcessing\tests\Music\Non-extant.wav
Traceback (most recent call last):
  File "c:\Users\gmanw\AppData\Local\Programs\Python\Python312\Lib\site-packages\mutagen\_util.py", line 251, in _openfile
    fileobj = open(filename, "rb+" if writable else "rb")
              ^^^^^^^^^^^^^^^^^^^^^^^^^^^^^^^^^^^^^^^^^^^
FileNotFoundError: [Errno 2] No such file or directory: 'D:\\MusicProcessing\\tests\\Music\\Non-extant.wav'

During handling of the above exception, another exception occurred:

Traceback (most recent call last):
  File "D:\MusicProcessing\src\audio_info\audio_metadata.py", line 984, in load_any_file
    audio_file = mutagen.File(file_path)
                 ^^^^^^^^^^^^^^^^^^^^^^^
  File "c:\Users\gmanw\AppData\Local\Programs\Python\Python312\Lib\site-packages\mutagen\_util.py", line 162, in wrapper_func
    with _openfile(None, filething, filename, fileobj,
  File "c:\Users\gmanw\AppData\Local\Programs\Python\Python312\Lib\contextlib.py", line 137, in __enter__
    return next(self.gen)
           ^^^^^^^^^^^^^^
  File "c:\Users\gmanw\AppData\Local\Programs\Python\Python312\Lib\site-packages\mutagen\_util.py", line 272, in _openfile
    raise MutagenError(e)
mutagen.MutagenError: [Errno 2] No such file or directory: 'D:\\MusicProcessing\\tests\\Music\\Non-extant.wav'

2025-10-06 20:47:04,583 — src.audio_info.audio_metadata — WARNING — convert_file:286 — album directory /home/gerald/MusicProcessing/tests/Music/Crush/Here does not contain a Folder.jpg file.

2025-10-06 20:47:26,428 — src.audio_info.audio_metadata — WARNING — convert_walk:408 — Pattern .m3u is not for a valid audio file

2025-10-06 20:47:27,189 — src.audio_info.audio_metadata — WARNING — create_album_dirs:527 — /home/gerald/MusicProcessing/tests/PreppedMusic/NoMetadata/No_tag_Crush-Live.mp3 is missing album metadata

2025-10-06 20:47:27,332 — src.audio_info.audio_metadata — WARNING — create_album_dirs:527 — /home/gerald/MusicProcessing/tests/PreppedMusic/NoMetadata/No_tag_Crush-Live.mp3 is missing album metadata

2025-10-06 20:47:27,470 — src.audio_info.audio_metadata — WARNING — create_album_dirs:527 — /home/gerald/MusicProcessing/tests/PreppedMusic/NoMetadata/No_tag_Crush-Live.mp3 is missing album metadata

2025-10-06 20:47:28,327 — src.audio_info.audio_metadata — ERROR — get_media_tags:770 — JSONDecodeError decoding JSON output from ffprobe
Traceback (most recent call last):
  File "/home/gerald/MusicProcessing/src/audio_info/audio_metadata.py", line 764, in get_media_tags
    data = json.loads(result.stdout)
           ^^^^^^^^^^^^^^^^^^^^^^^^^
  File "/usr/lib/python3.12/json/__init__.py", line 346, in loads
    return _default_decoder.decode(s)
           ^^^^^^^^^^^^^^^^^^^^^^^^^^
  File "/usr/lib/python3.12/json/decoder.py", line 337, in decode
    obj, end = self.raw_decode(s, idx=_w(s, 0).end())
               ^^^^^^^^^^^^^^^^^^^^^^^^^^^^^^^^^^^^^^
  File "/usr/lib/python3.12/json/decoder.py", line 353, in raw_decode
    obj, end = self.scan_once(s, idx)
               ^^^^^^^^^^^^^^^^^^^^^^
json.decoder.JSONDecodeError: Expecting ',' delimiter: line 18 column 1 (char 249)

2025-10-06 20:47:32,168 — src.audio_info.audio_metadata — ERROR — has_art_tag:940 — MusicProcessingError with file: /home/gerald/MusicProcessing/tests/Music/test has invalid extension: .m3u
NoneType: None

2025-10-06 20:47:32,191 — src.audio_info.audio_metadata — ERROR — load_any_file:986 — ValueError loading /home/gerald/MusicProcessing/tests/Music/test.m3u returned None
NoneType: None

2025-10-06 20:47:32,192 — src.audio_info.audio_metadata — ERROR — load_any_file:990 — MutagenError [Errno 2] No such file or directory: '/home/gerald/MusicProcessing/tests/Music/Non-extant.wav' loading /home/gerald/MusicProcessing/tests/Music/Non-extant.wav
Traceback (most recent call last):
  File "/home/gerald/.local/lib/python3.12/site-packages/mutagen/_util.py", line 251, in _openfile
    fileobj = open(filename, "rb+" if writable else "rb")
              ^^^^^^^^^^^^^^^^^^^^^^^^^^^^^^^^^^^^^^^^^^^
FileNotFoundError: [Errno 2] No such file or directory: '/home/gerald/MusicProcessing/tests/Music/Non-extant.wav'

During handling of the above exception, another exception occurred:

Traceback (most recent call last):
  File "/home/gerald/MusicProcessing/src/audio_info/audio_metadata.py", line 982, in load_any_file
    audio_file = mutagen.File(file_path)
                 ^^^^^^^^^^^^^^^^^^^^^^^
  File "/home/gerald/.local/lib/python3.12/site-packages/mutagen/_util.py", line 162, in wrapper_func
    with _openfile(None, filething, filename, fileobj,
  File "/usr/lib/python3.12/contextlib.py", line 137, in __enter__
    return next(self.gen)
           ^^^^^^^^^^^^^^
  File "/home/gerald/.local/lib/python3.12/site-packages/mutagen/_util.py", line 272, in _openfile
    raise MutagenError(e)
mutagen.MutagenError: [Errno 2] No such file or directory: '/home/gerald/MusicProcessing/tests/Music/Non-extant.wav'

2025-10-06 20:58:15,586 — src.audio_info.audio_metadata — WARNING — convert_file:286 — album directory /home/gerald/MusicProcessing/tests/Music/Crush/Here does not contain a Folder.jpg file.

2025-10-06 20:58:37,408 — src.audio_info.audio_metadata — WARNING — convert_walk:408 — Pattern .m3u is not for a valid audio file

2025-10-06 20:58:38,146 — src.audio_info.audio_metadata — WARNING — create_album_dirs:527 — /home/gerald/MusicProcessing/tests/PreppedMusic/NoMetadata/No_tag_Crush-Live.mp3 is missing album metadata

2025-10-06 20:59:38,677 — src.audio_info.audio_metadata — ERROR — get_media_tags:770 — JSONDecodeError decoding JSON output from ffprobe
Traceback (most recent call last):
  File "/home/gerald/MusicProcessing/src/audio_info/audio_metadata.py", line 764, in get_media_tags
    data = json.loads(result.stdout)
           ^^^^^^^^^^^^^^^^^^^^^^^^^
  File "/usr/lib/python3.12/json/__init__.py", line 346, in loads
    return _default_decoder.decode(s)
           ^^^^^^^^^^^^^^^^^^^^^^^^^^
  File "/usr/lib/python3.12/json/decoder.py", line 337, in decode
    obj, end = self.raw_decode(s, idx=_w(s, 0).end())
               ^^^^^^^^^^^^^^^^^^^^^^^^^^^^^^^^^^^^^^
  File "/usr/lib/python3.12/json/decoder.py", line 353, in raw_decode
    obj, end = self.scan_once(s, idx)
               ^^^^^^^^^^^^^^^^^^^^^^
json.decoder.JSONDecodeError: Expecting ',' delimiter: line 18 column 1 (char 249)

2025-10-06 20:59:42,263 — src.audio_info.audio_metadata — ERROR — has_art_tag:940 — MusicProcessingError with file: /home/gerald/MusicProcessing/tests/Music/test has invalid extension: .m3u
NoneType: None

2025-10-06 20:59:42,274 — src.audio_info.audio_metadata — ERROR — load_any_file:986 — ValueError loading /home/gerald/MusicProcessing/tests/Music/test.m3u returned None
NoneType: None

2025-10-06 20:59:42,275 — src.audio_info.audio_metadata — ERROR — load_any_file:990 — MutagenError [Errno 2] No such file or directory: '/home/gerald/MusicProcessing/tests/Music/Non-extant.wav' loading /home/gerald/MusicProcessing/tests/Music/Non-extant.wav
Traceback (most recent call last):
  File "/home/gerald/.local/lib/python3.12/site-packages/mutagen/_util.py", line 251, in _openfile
    fileobj = open(filename, "rb+" if writable else "rb")
              ^^^^^^^^^^^^^^^^^^^^^^^^^^^^^^^^^^^^^^^^^^^
FileNotFoundError: [Errno 2] No such file or directory: '/home/gerald/MusicProcessing/tests/Music/Non-extant.wav'

During handling of the above exception, another exception occurred:

Traceback (most recent call last):
  File "/home/gerald/MusicProcessing/src/audio_info/audio_metadata.py", line 982, in load_any_file
    audio_file = mutagen.File(file_path)
                 ^^^^^^^^^^^^^^^^^^^^^^^
  File "/home/gerald/.local/lib/python3.12/site-packages/mutagen/_util.py", line 162, in wrapper_func
    with _openfile(None, filething, filename, fileobj,
  File "/usr/lib/python3.12/contextlib.py", line 137, in __enter__
    return next(self.gen)
           ^^^^^^^^^^^^^^
  File "/home/gerald/.local/lib/python3.12/site-packages/mutagen/_util.py", line 272, in _openfile
    raise MutagenError(e)
mutagen.MutagenError: [Errno 2] No such file or directory: '/home/gerald/MusicProcessing/tests/Music/Non-extant.wav'

2025-10-07 10:26:42,358 — src.audio_info.audio_art — INFO — extract_album_art:180 — D:\MusicProcessing\tests\Music\Abba\Waterloo has a Folder.jpg

2025-10-07 10:26:42,358 — src.audio_info.audio_art — WARNING — extract_album_art:186 — test.m3u is not an audio file

2025-10-07 10:26:42,742 — src.audio_info.audio_art — INFO — extract_album_art:196 — No video stream album art present in D:\MusicProcessing\tests\Music\Crush\Here\No_tag_Crush-Live.mp3

2025-10-07 10:26:42,877 — src.audio_info.audio_art — WARNING — extract_album_art:211 — No album art present in D:\MusicProcessing\tests\Music\Crush\Here\No_tag_Crush-Live.mp3

2025-10-07 10:26:43,265 — src.audio_info.audio_art — INFO — extract_album_art:196 — No video stream album art present in D:\MusicProcessing\tests\Music\Billie Holiday\Georgia On My Mind\Billie Holiday-Georgia On My Mind.wma

2025-10-07 10:26:44,028 — src.subprocess_utils — ERROR — subprocess_run:233 — CalledProcessError returncode: 4294967274 on command ['ffmpeg', '-hide_banner', '-i', 'D:\\MusicProcessing\\tests\\Music\\Billie Holiday\\Georgia On My Mind\\Billie Holiday-Georgia On My Mind.wma', '-an', '-map', '0:v', '-map_metadata', '-1', '-update', '1', 'D:\\MusicProcessing\\tests\\Music\\Billie Holiday\\Georgia On My Mind\\Folder.jpg', '-y']
Traceback (most recent call last):
  File "D:\MusicProcessing\src\subprocess_utils.py", line 224, in subprocess_run
    process = subprocess.run(
              ^^^^^^^^^^^^^^^
  File "c:\Users\gmanw\AppData\Local\Programs\Python\Python312\Lib\subprocess.py", line 571, in run
    raise CalledProcessError(retcode, process.args,
subprocess.CalledProcessError: Command '['ffmpeg', '-hide_banner', '-i', 'D:\\MusicProcessing\\tests\\Music\\Billie Holiday\\Georgia On My Mind\\Billie Holiday-Georgia On My Mind.wma', '-an', '-map', '0:v', '-map_metadata', '-1', '-update', '1', 'D:\\MusicProcessing\\tests\\Music\\Billie Holiday\\Georgia On My Mind\\Folder.jpg', '-y']' returned non-zero exit status 4294967274.
Stack (most recent call last):
  File "c:\Users\gmanw\AppData\Local\Programs\Python\Python312\Lib\runpy.py", line 198, in _run_module_as_main
    return _run_code(code, main_globals, None,
  File "c:\Users\gmanw\AppData\Local\Programs\Python\Python312\Lib\runpy.py", line 88, in _run_code
    exec(code, run_globals)
  File "c:\Users\gmanw\.vscode\extensions\ms-python.debugpy-2025.10.0-win32-x64\bundled\libs\debugpy\launcher/../..\debugpy\__main__.py", line 71, in <module>
    cli.main()
  File "c:\Users\gmanw\.vscode\extensions\ms-python.debugpy-2025.10.0-win32-x64\bundled\libs\debugpy\launcher/../..\debugpy/..\debugpy\server\cli.py", line 501, in main
    run()
  File "c:\Users\gmanw\.vscode\extensions\ms-python.debugpy-2025.10.0-win32-x64\bundled\libs\debugpy\launcher/../..\debugpy/..\debugpy\server\cli.py", line 351, in run_file
    runpy.run_path(target, run_name="__main__")
  File "c:\Users\gmanw\.vscode\extensions\ms-python.debugpy-2025.10.0-win32-x64\bundled\libs\debugpy\_vendored\pydevd\_pydevd_bundle\pydevd_runpy.py", line 310, in run_path
    return _run_module_code(code, init_globals, run_name, pkg_name=pkg_name, script_name=fname)
  File "c:\Users\gmanw\.vscode\extensions\ms-python.debugpy-2025.10.0-win32-x64\bundled\libs\debugpy\_vendored\pydevd\_pydevd_bundle\pydevd_runpy.py", line 127, in _run_module_code
    _run_code(code, mod_globals, init_globals, mod_name, mod_spec, pkg_name, script_name)
  File "c:\Users\gmanw\.vscode\extensions\ms-python.debugpy-2025.10.0-win32-x64\bundled\libs\debugpy\_vendored\pydevd\_pydevd_bundle\pydevd_runpy.py", line 118, in _run_code
    exec(code, run_globals)
  File "D:\MusicProcessing\tests\test_audio_art.py", line 375, in <module>
    runner.run(suite)
  File "c:\Users\gmanw\AppData\Local\Programs\Python\Python312\Lib\unittest\runner.py", line 240, in run
    test(result)
  File "c:\Users\gmanw\AppData\Local\Programs\Python\Python312\Lib\unittest\suite.py", line 84, in __call__
    return self.run(*args, **kwds)
  File "c:\Users\gmanw\AppData\Local\Programs\Python\Python312\Lib\unittest\suite.py", line 122, in run
    test(result)
  File "c:\Users\gmanw\AppData\Local\Programs\Python\Python312\Lib\unittest\case.py", line 690, in __call__
    return self.run(*args, **kwds)
  File "c:\Users\gmanw\AppData\Local\Programs\Python\Python312\Lib\unittest\case.py", line 634, in run
    self._callTestMethod(testMethod)
  File "c:\Users\gmanw\AppData\Local\Programs\Python\Python312\Lib\unittest\case.py", line 589, in _callTestMethod
    if method() is not None:
  File "D:\MusicProcessing\tests\test_audio_art.py", line 244, in test_extract_ffmpeg_art_no_stream
    art.extract_ffmpeg_art(input_audio)
  File "D:\MusicProcessing\src\audio_info\audio_art.py", line 284, in extract_ffmpeg_art
    _ = subprocess_utils.subprocess_run(command)
  File "D:\MusicProcessing\src\subprocess_utils.py", line 233, in subprocess_run
    logger.exception(f"CalledProcessError returncode: {cp_error.returncode} on command {cp_error.cmd}", stack_info=True)

2025-10-07 10:26:44,051 — src.audio_info.audio_art — ERROR — extract_ffmpeg_art:287 — Exception CalledProcessError using ffmpeg to extract art from D:\MusicProcessing\tests\Music\Billie Holiday\Georgia On My Mind\Billie Holiday-Georgia On My Mind.wma
Traceback (most recent call last):
  File "D:\MusicProcessing\src\audio_info\audio_art.py", line 284, in extract_ffmpeg_art
    _ = subprocess_utils.subprocess_run(command)
        ^^^^^^^^^^^^^^^^^^^^^^^^^^^^^^^^^^^^^^^^
  File "D:\MusicProcessing\src\subprocess_utils.py", line 234, in subprocess_run
    raise cp_error
  File "D:\MusicProcessing\src\subprocess_utils.py", line 224, in subprocess_run
    process = subprocess.run(
              ^^^^^^^^^^^^^^^
  File "c:\Users\gmanw\AppData\Local\Programs\Python\Python312\Lib\subprocess.py", line 571, in run
    raise CalledProcessError(retcode, process.args,
subprocess.CalledProcessError: Command '['ffmpeg', '-hide_banner', '-i', 'D:\\MusicProcessing\\tests\\Music\\Billie Holiday\\Georgia On My Mind\\Billie Holiday-Georgia On My Mind.wma', '-an', '-map', '0:v', '-map_metadata', '-1', '-update', '1', 'D:\\MusicProcessing\\tests\\Music\\Billie Holiday\\Georgia On My Mind\\Folder.jpg', '-y']' returned non-zero exit status 4294967274.
Stack (most recent call last):
  File "c:\Users\gmanw\AppData\Local\Programs\Python\Python312\Lib\runpy.py", line 198, in _run_module_as_main
    return _run_code(code, main_globals, None,
  File "c:\Users\gmanw\AppData\Local\Programs\Python\Python312\Lib\runpy.py", line 88, in _run_code
    exec(code, run_globals)
  File "c:\Users\gmanw\.vscode\extensions\ms-python.debugpy-2025.10.0-win32-x64\bundled\libs\debugpy\launcher/../..\debugpy\__main__.py", line 71, in <module>
    cli.main()
  File "c:\Users\gmanw\.vscode\extensions\ms-python.debugpy-2025.10.0-win32-x64\bundled\libs\debugpy\launcher/../..\debugpy/..\debugpy\server\cli.py", line 501, in main
    run()
  File "c:\Users\gmanw\.vscode\extensions\ms-python.debugpy-2025.10.0-win32-x64\bundled\libs\debugpy\launcher/../..\debugpy/..\debugpy\server\cli.py", line 351, in run_file
    runpy.run_path(target, run_name="__main__")
  File "c:\Users\gmanw\.vscode\extensions\ms-python.debugpy-2025.10.0-win32-x64\bundled\libs\debugpy\_vendored\pydevd\_pydevd_bundle\pydevd_runpy.py", line 310, in run_path
    return _run_module_code(code, init_globals, run_name, pkg_name=pkg_name, script_name=fname)
  File "c:\Users\gmanw\.vscode\extensions\ms-python.debugpy-2025.10.0-win32-x64\bundled\libs\debugpy\_vendored\pydevd\_pydevd_bundle\pydevd_runpy.py", line 127, in _run_module_code
    _run_code(code, mod_globals, init_globals, mod_name, mod_spec, pkg_name, script_name)
  File "c:\Users\gmanw\.vscode\extensions\ms-python.debugpy-2025.10.0-win32-x64\bundled\libs\debugpy\_vendored\pydevd\_pydevd_bundle\pydevd_runpy.py", line 118, in _run_code
    exec(code, run_globals)
  File "D:\MusicProcessing\tests\test_audio_art.py", line 375, in <module>
    runner.run(suite)
  File "c:\Users\gmanw\AppData\Local\Programs\Python\Python312\Lib\unittest\runner.py", line 240, in run
    test(result)
  File "c:\Users\gmanw\AppData\Local\Programs\Python\Python312\Lib\unittest\suite.py", line 84, in __call__
    return self.run(*args, **kwds)
  File "c:\Users\gmanw\AppData\Local\Programs\Python\Python312\Lib\unittest\suite.py", line 122, in run
    test(result)
  File "c:\Users\gmanw\AppData\Local\Programs\Python\Python312\Lib\unittest\case.py", line 690, in __call__
    return self.run(*args, **kwds)
  File "c:\Users\gmanw\AppData\Local\Programs\Python\Python312\Lib\unittest\case.py", line 634, in run
    self._callTestMethod(testMethod)
  File "c:\Users\gmanw\AppData\Local\Programs\Python\Python312\Lib\unittest\case.py", line 589, in _callTestMethod
    if method() is not None:
  File "D:\MusicProcessing\tests\test_audio_art.py", line 244, in test_extract_ffmpeg_art_no_stream
    art.extract_ffmpeg_art(input_audio)
  File "D:\MusicProcessing\src\audio_info\audio_art.py", line 287, in extract_ffmpeg_art
    logger.exception(f"Exception {type(e_error).__name__} using ffmpeg to extract art from {input_path}", stack_info=True)

2025-10-07 10:26:46,145 — src.audio_info.audio_art — WARNING — extract_walk:371 — Pattern .m3u is not for a valid audio file

2025-10-07 10:26:46,513 — src.audio_info.audio_art — WARNING — set_album_art:499 — No album art set for D:\MusicProcessing\tests\Music\38 Special\Teachers

2025-10-07 10:26:46,513 — src.audio_info.audio_art — INFO — set_album_art:483 — Found Folder.jpg in D:\MusicProcessing\tests\Music\Abba\Waterloo

2025-10-07 10:26:46,513 — src.audio_info.audio_art — WARNING — set_album_art:499 — No album art set for D:\MusicProcessing\tests\Music\Aerosmith\Devil's Got a New Disguise-The Very Best of Aerosmith

2025-10-07 10:26:46,513 — src.audio_info.audio_art — WARNING — set_album_art:499 — No album art set for D:\MusicProcessing\tests\Music\Bear McCreary\Battlestar Galactica

2025-10-07 10:26:46,513 — src.audio_info.audio_art — WARNING — set_album_art:499 — No album art set for D:\MusicProcessing\tests\Music\Billie Holiday\Georgia On My Mind

2025-10-07 10:26:46,513 — src.audio_info.audio_art — INFO — set_album_art:483 — Found Folder.jpg in D:\MusicProcessing\tests\Music\Creedence Clearwater Revival\Chronicle, Vol. 1

2025-10-07 10:26:46,513 — src.audio_info.audio_art — WARNING — set_album_art:499 — No album art set for D:\MusicProcessing\tests\Music\Crush\Here

2025-10-07 10:26:46,513 — src.audio_info.audio_art — WARNING — set_album_art:499 — No album art set for D:\MusicProcessing\tests\Music\Daughtry\Leave This Town

2025-10-07 10:26:46,513 — src.audio_info.audio_art — WARNING — set_album_art:499 — No album art set for D:\MusicProcessing\tests\Music\Diamond Rio

2025-10-07 10:26:46,513 — src.audio_info.audio_art — WARNING — set_album_art:499 — No album art set for D:\MusicProcessing\tests\Music\Elton John\Goodbye Yellow Brick Road

2025-10-07 10:26:46,513 — src.audio_info.audio_art — INFO — set_album_art:483 — Found Folder.jpg in D:\MusicProcessing\tests\Music\Genesis\In Too Deep-I’d Rather Be You

2025-10-07 10:26:46,513 — src.audio_info.audio_art — WARNING — set_album_art:499 — No album art set for D:\MusicProcessing\tests\Music\Joshua Davis\The Voice Peformance

2025-10-07 10:26:46,513 — src.audio_info.audio_art — INFO — set_album_art:483 — Found Folder.jpg in D:\MusicProcessing\tests\Music\NoMetadata\Here

2025-10-07 10:26:46,513 — src.audio_info.audio_art — WARNING — set_album_art:499 — No album art set for D:\MusicProcessing\tests\Music\Sawyer Fredericks\A Good Storm

2025-10-07 10:26:46,513 — src.audio_info.audio_art — INFO — set_album_art:483 — Found Folder.jpg in D:\MusicProcessing\tests\Music\The Eagles\Desperado

2025-10-07 10:26:46,513 — src.audio_info.audio_art — WARNING — set_album_art:499 — No album art set for D:\MusicProcessing\tests\Music\The Lord of the Rings\The Return of the King

2025-10-07 10:26:46,513 — src.audio_info.audio_art — WARNING — set_album_art:499 — No album art set for D:\MusicProcessing\tests\Music\The Lord of the Rings\The Two Towers

2025-10-07 10:26:46,513 — src.audio_info.audio_art — WARNING — set_album_art:499 — No album art set for D:\MusicProcessing\tests\Music\X Ambassadors\VHS

2025-10-07 10:27:14,358 — src.audio_info.audio_metadata — WARNING — convert_file:286 — album directory D:\MusicProcessing\tests\Music\Crush\Here does not contain a Folder.jpg file.

2025-10-07 10:27:30,496 — src.audio_info.audio_metadata — WARNING — convert_walk:408 — Pattern .m3u is not for a valid audio file

2025-10-07 10:27:31,790 — src.audio_info.audio_metadata — WARNING — create_album_dirs:527 — D:\MusicProcessing\tests\PreppedMusic\NoMetadata\No_tag_Crush-Live.mp3 is missing album metadata

2025-10-07 10:27:32,946 — src.audio_info.audio_metadata — ERROR — get_media_tags:770 — JSONDecodeError decoding JSON output from ffprobe
Traceback (most recent call last):
  File "D:\MusicProcessing\src\audio_info\audio_metadata.py", line 764, in get_media_tags
    data = json.loads(result.stdout)
           ^^^^^^^^^^^^^^^^^^^^^^^^^
  File "c:\Users\gmanw\AppData\Local\Programs\Python\Python312\Lib\json\__init__.py", line 346, in loads
    return _default_decoder.decode(s)
           ^^^^^^^^^^^^^^^^^^^^^^^^^^
  File "c:\Users\gmanw\AppData\Local\Programs\Python\Python312\Lib\json\decoder.py", line 337, in decode
    obj, end = self.raw_decode(s, idx=_w(s, 0).end())
               ^^^^^^^^^^^^^^^^^^^^^^^^^^^^^^^^^^^^^^
  File "c:\Users\gmanw\AppData\Local\Programs\Python\Python312\Lib\json\decoder.py", line 353, in raw_decode
    obj, end = self.scan_once(s, idx)
               ^^^^^^^^^^^^^^^^^^^^^^
json.decoder.JSONDecodeError: Expecting ',' delimiter: line 18 column 1 (char 249)

2025-10-07 10:27:40,501 — src.audio_info.audio_metadata — ERROR — has_art_tag:940 — MusicProcessingError with file: D:\MusicProcessing\tests\Music\test has invalid extension: .m3u
NoneType: None

2025-10-07 10:27:40,523 — src.audio_info.audio_metadata — ERROR — load_any_file:986 — ValueError loading D:\MusicProcessing\tests\Music\test.m3u returned None
NoneType: None

2025-10-07 10:27:40,529 — src.audio_info.audio_metadata — ERROR — load_any_file:990 — MutagenError [Errno 2] No such file or directory: 'D:\\MusicProcessing\\tests\\Music\\Non-extant.wav' loading D:\MusicProcessing\tests\Music\Non-extant.wav
Traceback (most recent call last):
  File "c:\Users\gmanw\AppData\Local\Programs\Python\Python312\Lib\site-packages\mutagen\_util.py", line 251, in _openfile
    fileobj = open(filename, "rb+" if writable else "rb")
              ^^^^^^^^^^^^^^^^^^^^^^^^^^^^^^^^^^^^^^^^^^^
FileNotFoundError: [Errno 2] No such file or directory: 'D:\\MusicProcessing\\tests\\Music\\Non-extant.wav'

During handling of the above exception, another exception occurred:

Traceback (most recent call last):
  File "D:\MusicProcessing\src\audio_info\audio_metadata.py", line 982, in load_any_file
    audio_file = mutagen.File(file_path)
                 ^^^^^^^^^^^^^^^^^^^^^^^
  File "c:\Users\gmanw\AppData\Local\Programs\Python\Python312\Lib\site-packages\mutagen\_util.py", line 162, in wrapper_func
    with _openfile(None, filething, filename, fileobj,
  File "c:\Users\gmanw\AppData\Local\Programs\Python\Python312\Lib\contextlib.py", line 137, in __enter__
    return next(self.gen)
           ^^^^^^^^^^^^^^
  File "c:\Users\gmanw\AppData\Local\Programs\Python\Python312\Lib\site-packages\mutagen\_util.py", line 272, in _openfile
    raise MutagenError(e)
mutagen.MutagenError: [Errno 2] No such file or directory: 'D:\\MusicProcessing\\tests\\Music\\Non-extant.wav'

2025-10-07 10:29:39,322 — src.audio_normalize.audio_normalization — ERROR — get_bit_rate:328 — JSONDecodeError decoding JSON output from ffprobe on audio file: D:\MusicProcessing\tests\Music\Crush\Here\Crush-Live.mp3
Traceback (most recent call last):
  File "D:\MusicProcessing\src\audio_normalize\audio_normalization.py", line 319, in get_bit_rate
    data = json.loads(result.stdout)
           ^^^^^^^^^^^^^^^^^^^^^^^^^
  File "c:\Users\gmanw\AppData\Local\Programs\Python\Python312\Lib\json\__init__.py", line 346, in loads
    return _default_decoder.decode(s)
           ^^^^^^^^^^^^^^^^^^^^^^^^^^
  File "c:\Users\gmanw\AppData\Local\Programs\Python\Python312\Lib\json\decoder.py", line 337, in decode
    obj, end = self.raw_decode(s, idx=_w(s, 0).end())
               ^^^^^^^^^^^^^^^^^^^^^^^^^^^^^^^^^^^^^^
  File "c:\Users\gmanw\AppData\Local\Programs\Python\Python312\Lib\json\decoder.py", line 353, in raw_decode
    obj, end = self.scan_once(s, idx)
               ^^^^^^^^^^^^^^^^^^^^^^
json.decoder.JSONDecodeError: Expecting ',' delimiter: line 1 column 34 (char 33)

2025-10-07 10:29:39,374 — src.audio_normalize.audio_normalization — ERROR — get_sample_rate:377 — JSONDecodeError decoding JSON output from ffprobe on audio file: D:\MusicProcessing\tests\Music\Abba\Waterloo\ABBA-Waterloo.mp3
Traceback (most recent call last):
  File "D:\MusicProcessing\src\audio_normalize\audio_normalization.py", line 368, in get_sample_rate
    data = json.loads(result.stdout)
           ^^^^^^^^^^^^^^^^^^^^^^^^^
  File "c:\Users\gmanw\AppData\Local\Programs\Python\Python312\Lib\json\__init__.py", line 346, in loads
    return _default_decoder.decode(s)
           ^^^^^^^^^^^^^^^^^^^^^^^^^^
  File "c:\Users\gmanw\AppData\Local\Programs\Python\Python312\Lib\json\decoder.py", line 337, in decode
    obj, end = self.raw_decode(s, idx=_w(s, 0).end())
               ^^^^^^^^^^^^^^^^^^^^^^^^^^^^^^^^^^^^^^
  File "c:\Users\gmanw\AppData\Local\Programs\Python\Python312\Lib\json\decoder.py", line 353, in raw_decode
    obj, end = self.scan_once(s, idx)
               ^^^^^^^^^^^^^^^^^^^^^^
json.decoder.JSONDecodeError: Expecting ',' delimiter: line 1 column 76 (char 75)

2025-10-07 10:29:40,254 — src.subprocess_utils — ERROR — subprocess_run:233 — CalledProcessError returncode: 3199971767 on command ['ffmpeg', '-hide_banner', '-i', 'D:\\MusicProcessing\\tests\\Music\\test.m3u', '-filter:a', 'volumedetect', '-f', 'null', '-']
Traceback (most recent call last):
  File "D:\MusicProcessing\src\subprocess_utils.py", line 224, in subprocess_run
    process = subprocess.run(
              ^^^^^^^^^^^^^^^
  File "c:\Users\gmanw\AppData\Local\Programs\Python\Python312\Lib\subprocess.py", line 571, in run
    raise CalledProcessError(retcode, process.args,
subprocess.CalledProcessError: Command '['ffmpeg', '-hide_banner', '-i', 'D:\\MusicProcessing\\tests\\Music\\test.m3u', '-filter:a', 'volumedetect', '-f', 'null', '-']' returned non-zero exit status 3199971767.
Stack (most recent call last):
  File "c:\Users\gmanw\AppData\Local\Programs\Python\Python312\Lib\runpy.py", line 198, in _run_module_as_main
    return _run_code(code, main_globals, None,
  File "c:\Users\gmanw\AppData\Local\Programs\Python\Python312\Lib\runpy.py", line 88, in _run_code
    exec(code, run_globals)
  File "c:\Users\gmanw\.vscode\extensions\ms-python.debugpy-2025.10.0-win32-x64\bundled\libs\debugpy\launcher/../..\debugpy\__main__.py", line 71, in <module>
    cli.main()
  File "c:\Users\gmanw\.vscode\extensions\ms-python.debugpy-2025.10.0-win32-x64\bundled\libs\debugpy\launcher/../..\debugpy/..\debugpy\server\cli.py", line 501, in main
    run()
  File "c:\Users\gmanw\.vscode\extensions\ms-python.debugpy-2025.10.0-win32-x64\bundled\libs\debugpy\launcher/../..\debugpy/..\debugpy\server\cli.py", line 351, in run_file
    runpy.run_path(target, run_name="__main__")
  File "c:\Users\gmanw\.vscode\extensions\ms-python.debugpy-2025.10.0-win32-x64\bundled\libs\debugpy\_vendored\pydevd\_pydevd_bundle\pydevd_runpy.py", line 310, in run_path
    return _run_module_code(code, init_globals, run_name, pkg_name=pkg_name, script_name=fname)
  File "c:\Users\gmanw\.vscode\extensions\ms-python.debugpy-2025.10.0-win32-x64\bundled\libs\debugpy\_vendored\pydevd\_pydevd_bundle\pydevd_runpy.py", line 127, in _run_module_code
    _run_code(code, mod_globals, init_globals, mod_name, mod_spec, pkg_name, script_name)
  File "c:\Users\gmanw\.vscode\extensions\ms-python.debugpy-2025.10.0-win32-x64\bundled\libs\debugpy\_vendored\pydevd\_pydevd_bundle\pydevd_runpy.py", line 118, in _run_code
    exec(code, run_globals)
  File "D:\MusicProcessing\tests\test_audio_normalization.py", line 553, in <module>
    runner.run(suite)
  File "c:\Users\gmanw\AppData\Local\Programs\Python\Python312\Lib\unittest\runner.py", line 240, in run
    test(result)
  File "c:\Users\gmanw\AppData\Local\Programs\Python\Python312\Lib\unittest\suite.py", line 84, in __call__
    return self.run(*args, **kwds)
  File "c:\Users\gmanw\AppData\Local\Programs\Python\Python312\Lib\unittest\suite.py", line 122, in run
    test(result)
  File "c:\Users\gmanw\AppData\Local\Programs\Python\Python312\Lib\unittest\case.py", line 690, in __call__
    return self.run(*args, **kwds)
  File "c:\Users\gmanw\AppData\Local\Programs\Python\Python312\Lib\unittest\case.py", line 634, in run
    self._callTestMethod(testMethod)
  File "c:\Users\gmanw\AppData\Local\Programs\Python\Python312\Lib\unittest\case.py", line 589, in _callTestMethod
    if method() is not None:
  File "D:\MusicProcessing\tests\test_audio_normalization.py", line 323, in test_get_volume_info_invalid_file
    volumes = normalization.get_volume_info(self.vol_err_src)
  File "D:\MusicProcessing\src\audio_normalize\audio_normalization.py", line 414, in get_volume_info
    process = subprocess_utils.subprocess_run(command)
  File "D:\MusicProcessing\src\subprocess_utils.py", line 233, in subprocess_run
    logger.exception(f"CalledProcessError returncode: {cp_error.returncode} on command {cp_error.cmd}", stack_info=True)

2025-10-07 10:29:40,254 — src.audio_normalize.audio_normalization — ERROR — get_volume_info:432 — Exception CalledProcessError getting volume for file D:\MusicProcessing\tests\Music\test.m3u
Traceback (most recent call last):
  File "D:\MusicProcessing\src\audio_normalize\audio_normalization.py", line 414, in get_volume_info
    process = subprocess_utils.subprocess_run(command)
              ^^^^^^^^^^^^^^^^^^^^^^^^^^^^^^^^^^^^^^^^
  File "D:\MusicProcessing\src\subprocess_utils.py", line 234, in subprocess_run
    raise cp_error
  File "D:\MusicProcessing\src\subprocess_utils.py", line 224, in subprocess_run
    process = subprocess.run(
              ^^^^^^^^^^^^^^^
  File "c:\Users\gmanw\AppData\Local\Programs\Python\Python312\Lib\subprocess.py", line 571, in run
    raise CalledProcessError(retcode, process.args,
subprocess.CalledProcessError: Command '['ffmpeg', '-hide_banner', '-i', 'D:\\MusicProcessing\\tests\\Music\\test.m3u', '-filter:a', 'volumedetect', '-f', 'null', '-']' returned non-zero exit status 3199971767.
Stack (most recent call last):
  File "c:\Users\gmanw\AppData\Local\Programs\Python\Python312\Lib\runpy.py", line 198, in _run_module_as_main
    return _run_code(code, main_globals, None,
  File "c:\Users\gmanw\AppData\Local\Programs\Python\Python312\Lib\runpy.py", line 88, in _run_code
    exec(code, run_globals)
  File "c:\Users\gmanw\.vscode\extensions\ms-python.debugpy-2025.10.0-win32-x64\bundled\libs\debugpy\launcher/../..\debugpy\__main__.py", line 71, in <module>
    cli.main()
  File "c:\Users\gmanw\.vscode\extensions\ms-python.debugpy-2025.10.0-win32-x64\bundled\libs\debugpy\launcher/../..\debugpy/..\debugpy\server\cli.py", line 501, in main
    run()
  File "c:\Users\gmanw\.vscode\extensions\ms-python.debugpy-2025.10.0-win32-x64\bundled\libs\debugpy\launcher/../..\debugpy/..\debugpy\server\cli.py", line 351, in run_file
    runpy.run_path(target, run_name="__main__")
  File "c:\Users\gmanw\.vscode\extensions\ms-python.debugpy-2025.10.0-win32-x64\bundled\libs\debugpy\_vendored\pydevd\_pydevd_bundle\pydevd_runpy.py", line 310, in run_path
    return _run_module_code(code, init_globals, run_name, pkg_name=pkg_name, script_name=fname)
  File "c:\Users\gmanw\.vscode\extensions\ms-python.debugpy-2025.10.0-win32-x64\bundled\libs\debugpy\_vendored\pydevd\_pydevd_bundle\pydevd_runpy.py", line 127, in _run_module_code
    _run_code(code, mod_globals, init_globals, mod_name, mod_spec, pkg_name, script_name)
  File "c:\Users\gmanw\.vscode\extensions\ms-python.debugpy-2025.10.0-win32-x64\bundled\libs\debugpy\_vendored\pydevd\_pydevd_bundle\pydevd_runpy.py", line 118, in _run_code
    exec(code, run_globals)
  File "D:\MusicProcessing\tests\test_audio_normalization.py", line 553, in <module>
    runner.run(suite)
  File "c:\Users\gmanw\AppData\Local\Programs\Python\Python312\Lib\unittest\runner.py", line 240, in run
    test(result)
  File "c:\Users\gmanw\AppData\Local\Programs\Python\Python312\Lib\unittest\suite.py", line 84, in __call__
    return self.run(*args, **kwds)
  File "c:\Users\gmanw\AppData\Local\Programs\Python\Python312\Lib\unittest\suite.py", line 122, in run
    test(result)
  File "c:\Users\gmanw\AppData\Local\Programs\Python\Python312\Lib\unittest\case.py", line 690, in __call__
    return self.run(*args, **kwds)
  File "c:\Users\gmanw\AppData\Local\Programs\Python\Python312\Lib\unittest\case.py", line 634, in run
    self._callTestMethod(testMethod)
  File "c:\Users\gmanw\AppData\Local\Programs\Python\Python312\Lib\unittest\case.py", line 589, in _callTestMethod
    if method() is not None:
  File "D:\MusicProcessing\tests\test_audio_normalization.py", line 323, in test_get_volume_info_invalid_file
    volumes = normalization.get_volume_info(self.vol_err_src)
  File "D:\MusicProcessing\src\audio_normalize\audio_normalization.py", line 432, in get_volume_info
    logger.exception(f"Exception {type(e_error).__name__} getting volume for file {file_path}", stack_info=True)

2025-10-07 10:29:40,254 — src.audio_normalize.audio_normalization — ERROR — __loudnorm_json_parse:113 — JSONDecodeError parsing 
{
	"input_i" : "-16.52",
	"input_tp" : "-3.42",
	"input_lra" : "2.20",
	"input_thresh" : "-26.93",
	"output_i" : "-15.83",
	"output_tp" : "-2.00",
	"output_lra" : "1.40",
	"output_thresh" : "-26.03",
	"normalization_type" : "dynamic",
	"target_offset" : "-0.17"
}
}
Traceback (most recent call last):
  File "D:\MusicProcessing\src\audio_normalize\audio_normalization.py", line 110, in __loudnorm_json_parse
    output_data = json.loads(json_string)
                  ^^^^^^^^^^^^^^^^^^^^^^^
  File "c:\Users\gmanw\AppData\Local\Programs\Python\Python312\Lib\json\__init__.py", line 346, in loads
    return _default_decoder.decode(s)
           ^^^^^^^^^^^^^^^^^^^^^^^^^^
  File "c:\Users\gmanw\AppData\Local\Programs\Python\Python312\Lib\json\decoder.py", line 340, in decode
    raise JSONDecodeError("Extra data", s, end)
json.decoder.JSONDecodeError: Extra data: line 13 column 1 (char 264)

2025-10-07 10:29:40,254 — src.audio_normalize.audio_normalization — ERROR — __loudnorm_json_parse:107 — JSONOutputError could not find JSON output in subprocess stderr
{
	"input_i" : "-16.52",
	"input_tp" : "-3.42",
	"input_lra" : "2.20",
	"input_thresh" : "-26.93",
	"output_i" : "-15.83",
	"output_tp" : "-2.00",
	"output_lra" : "1.40",
	"output_thresh" : "-26.03",
	"normalization_type" : "dynamic",
	"target_offset" : "-0.17"

NoneType: None

2025-10-07 10:30:14,231 — src.audio_normalize.audio_normalization — WARNING — rms_normalize_file:643 — rms normalizing by -2.0 minus -21.00 equaling 19.00 with max volume -4 plus 19.0 will result in clipping amount: 15.0 dB in D:\MusicProcessing\src\generated_files\Music\Abba\Waterloo\ABBA-Waterloo.mp3

2025-10-07 10:30:14,567 — src.audio_normalize.audio_normalization — WARNING — rms_normalize_file:643 — rms normalizing by -2.0 minus -20.00 equaling 18.00 with max volume -7 plus 18.0 will result in clipping amount: 11.0 dB in D:\MusicProcessing\src\generated_files\Music\Crush\Here\Crush-Live.mp3

2025-10-07 10:30:37,040 — src.audio_info.audio_playlist — ERROR — get_audio_name:88 — PlaylistError no file delimiter in #EXTINF:0The Eagles-Desperado.m4a
NoneType: None
Stack (most recent call last):
  File "c:\Users\gmanw\AppData\Local\Programs\Python\Python312\Lib\runpy.py", line 198, in _run_module_as_main
    return _run_code(code, main_globals, None,
  File "c:\Users\gmanw\AppData\Local\Programs\Python\Python312\Lib\runpy.py", line 88, in _run_code
    exec(code, run_globals)
  File "c:\Users\gmanw\.vscode\extensions\ms-python.debugpy-2025.10.0-win32-x64\bundled\libs\debugpy\launcher/../..\debugpy\__main__.py", line 71, in <module>
    cli.main()
  File "c:\Users\gmanw\.vscode\extensions\ms-python.debugpy-2025.10.0-win32-x64\bundled\libs\debugpy\launcher/../..\debugpy/..\debugpy\server\cli.py", line 501, in main
    run()
  File "c:\Users\gmanw\.vscode\extensions\ms-python.debugpy-2025.10.0-win32-x64\bundled\libs\debugpy\launcher/../..\debugpy/..\debugpy\server\cli.py", line 351, in run_file
    runpy.run_path(target, run_name="__main__")
  File "c:\Users\gmanw\.vscode\extensions\ms-python.debugpy-2025.10.0-win32-x64\bundled\libs\debugpy\_vendored\pydevd\_pydevd_bundle\pydevd_runpy.py", line 310, in run_path
    return _run_module_code(code, init_globals, run_name, pkg_name=pkg_name, script_name=fname)
  File "c:\Users\gmanw\.vscode\extensions\ms-python.debugpy-2025.10.0-win32-x64\bundled\libs\debugpy\_vendored\pydevd\_pydevd_bundle\pydevd_runpy.py", line 127, in _run_module_code
    _run_code(code, mod_globals, init_globals, mod_name, mod_spec, pkg_name, script_name)
  File "c:\Users\gmanw\.vscode\extensions\ms-python.debugpy-2025.10.0-win32-x64\bundled\libs\debugpy\_vendored\pydevd\_pydevd_bundle\pydevd_runpy.py", line 118, in _run_code
    exec(code, run_globals)
  File "D:\MusicProcessing\tests\test_audio_playlist.py", line 160, in <module>
    runner.run(suite)
  File "c:\Users\gmanw\AppData\Local\Programs\Python\Python312\Lib\unittest\runner.py", line 240, in run
    test(result)
  File "c:\Users\gmanw\AppData\Local\Programs\Python\Python312\Lib\unittest\suite.py", line 84, in __call__
    return self.run(*args, **kwds)
  File "c:\Users\gmanw\AppData\Local\Programs\Python\Python312\Lib\unittest\suite.py", line 122, in run
    test(result)
  File "c:\Users\gmanw\AppData\Local\Programs\Python\Python312\Lib\unittest\case.py", line 690, in __call__
    return self.run(*args, **kwds)
  File "c:\Users\gmanw\AppData\Local\Programs\Python\Python312\Lib\unittest\case.py", line 634, in run
    self._callTestMethod(testMethod)
  File "c:\Users\gmanw\AppData\Local\Programs\Python\Python312\Lib\unittest\case.py", line 589, in _callTestMethod
    if method() is not None:
  File "D:\MusicProcessing\tests\test_audio_playlist.py", line 57, in test_get_audio_name_error
    audio = playlist.get_audio_name(line)
  File "D:\MusicProcessing\src\audio_info\audio_playlist.py", line 88, in get_audio_name
    logger.exception(f"PlaylistError no file delimiter in {line}", stack_info=True)

2025-10-07 10:30:37,077 — src.audio_info.audio_playlist — INFO — update_paths:175 — Updated test.m3u


2025-10-07 10:30:37,077 — src.audio_info.audio_playlist — ERROR — update_paths:130 — PlaylistError input file D:\MusicProcessing\tests\Music\Crush\Here\Crush-Live.mp3 is not a playlist
NoneType: None
Stack (most recent call last):
  File "c:\Users\gmanw\AppData\Local\Programs\Python\Python312\Lib\runpy.py", line 198, in _run_module_as_main
    return _run_code(code, main_globals, None,
  File "c:\Users\gmanw\AppData\Local\Programs\Python\Python312\Lib\runpy.py", line 88, in _run_code
    exec(code, run_globals)
  File "c:\Users\gmanw\.vscode\extensions\ms-python.debugpy-2025.10.0-win32-x64\bundled\libs\debugpy\launcher/../..\debugpy\__main__.py", line 71, in <module>
    cli.main()
  File "c:\Users\gmanw\.vscode\extensions\ms-python.debugpy-2025.10.0-win32-x64\bundled\libs\debugpy\launcher/../..\debugpy/..\debugpy\server\cli.py", line 501, in main
    run()
  File "c:\Users\gmanw\.vscode\extensions\ms-python.debugpy-2025.10.0-win32-x64\bundled\libs\debugpy\launcher/../..\debugpy/..\debugpy\server\cli.py", line 351, in run_file
    runpy.run_path(target, run_name="__main__")
  File "c:\Users\gmanw\.vscode\extensions\ms-python.debugpy-2025.10.0-win32-x64\bundled\libs\debugpy\_vendored\pydevd\_pydevd_bundle\pydevd_runpy.py", line 310, in run_path
    return _run_module_code(code, init_globals, run_name, pkg_name=pkg_name, script_name=fname)
  File "c:\Users\gmanw\.vscode\extensions\ms-python.debugpy-2025.10.0-win32-x64\bundled\libs\debugpy\_vendored\pydevd\_pydevd_bundle\pydevd_runpy.py", line 127, in _run_module_code
    _run_code(code, mod_globals, init_globals, mod_name, mod_spec, pkg_name, script_name)
  File "c:\Users\gmanw\.vscode\extensions\ms-python.debugpy-2025.10.0-win32-x64\bundled\libs\debugpy\_vendored\pydevd\_pydevd_bundle\pydevd_runpy.py", line 118, in _run_code
    exec(code, run_globals)
  File "D:\MusicProcessing\tests\test_audio_playlist.py", line 160, in <module>
    runner.run(suite)
  File "c:\Users\gmanw\AppData\Local\Programs\Python\Python312\Lib\unittest\runner.py", line 240, in run
    test(result)
  File "c:\Users\gmanw\AppData\Local\Programs\Python\Python312\Lib\unittest\suite.py", line 84, in __call__
    return self.run(*args, **kwds)
  File "c:\Users\gmanw\AppData\Local\Programs\Python\Python312\Lib\unittest\suite.py", line 122, in run
    test(result)
  File "c:\Users\gmanw\AppData\Local\Programs\Python\Python312\Lib\unittest\case.py", line 690, in __call__
    return self.run(*args, **kwds)
  File "c:\Users\gmanw\AppData\Local\Programs\Python\Python312\Lib\unittest\case.py", line 634, in run
    self._callTestMethod(testMethod)
  File "c:\Users\gmanw\AppData\Local\Programs\Python\Python312\Lib\unittest\case.py", line 589, in _callTestMethod
    if method() is not None:
  File "D:\MusicProcessing\tests\test_audio_playlist.py", line 130, in test_update_paths_fail
    playlist.update_paths(TESTS_TLD, TEST_MP3_CRUSH)
  File "D:\MusicProcessing\src\audio_info\audio_playlist.py", line 130, in update_paths
    logger.exception(f"PlaylistError input file {input_m3u} is not a playlist", stack_info=True)

2025-10-07 10:31:54,474 — src.subprocess_utils — ERROR — popen_pipe:77 — RuntimeError running command ffprobe -v quiet -show_format -show_streams 'D:\MusicProcessing\tests\Music\test.m3u'
NoneType: None

2025-10-07 10:31:54,802 — src.subprocess_utils — ERROR — subprocess_run:233 — CalledProcessError returncode: 1 on command ['ffprobe', '-hide_banner', '-select_streams', 'v:0', '-show_streams', '-of', 'json', 'D:\\MusicProcessing\\tests\\Music\\Non-extant.wav']
Traceback (most recent call last):
  File "D:\MusicProcessing\src\subprocess_utils.py", line 224, in subprocess_run
    process = subprocess.run(
              ^^^^^^^^^^^^^^^
  File "c:\Users\gmanw\AppData\Local\Programs\Python\Python312\Lib\subprocess.py", line 571, in run
    raise CalledProcessError(retcode, process.args,
subprocess.CalledProcessError: Command '['ffprobe', '-hide_banner', '-select_streams', 'v:0', '-show_streams', '-of', 'json', 'D:\\MusicProcessing\\tests\\Music\\Non-extant.wav']' returned non-zero exit status 1.
Stack (most recent call last):
  File "c:\Users\gmanw\AppData\Local\Programs\Python\Python312\Lib\runpy.py", line 198, in _run_module_as_main
    return _run_code(code, main_globals, None,
  File "c:\Users\gmanw\AppData\Local\Programs\Python\Python312\Lib\runpy.py", line 88, in _run_code
    exec(code, run_globals)
  File "c:\Users\gmanw\.vscode\extensions\ms-python.debugpy-2025.10.0-win32-x64\bundled\libs\debugpy\launcher/../..\debugpy\__main__.py", line 71, in <module>
    cli.main()
  File "c:\Users\gmanw\.vscode\extensions\ms-python.debugpy-2025.10.0-win32-x64\bundled\libs\debugpy\launcher/../..\debugpy/..\debugpy\server\cli.py", line 501, in main
    run()
  File "c:\Users\gmanw\.vscode\extensions\ms-python.debugpy-2025.10.0-win32-x64\bundled\libs\debugpy\launcher/../..\debugpy/..\debugpy\server\cli.py", line 351, in run_file
    runpy.run_path(target, run_name="__main__")
  File "c:\Users\gmanw\.vscode\extensions\ms-python.debugpy-2025.10.0-win32-x64\bundled\libs\debugpy\_vendored\pydevd\_pydevd_bundle\pydevd_runpy.py", line 310, in run_path
    return _run_module_code(code, init_globals, run_name, pkg_name=pkg_name, script_name=fname)
  File "c:\Users\gmanw\.vscode\extensions\ms-python.debugpy-2025.10.0-win32-x64\bundled\libs\debugpy\_vendored\pydevd\_pydevd_bundle\pydevd_runpy.py", line 127, in _run_module_code
    _run_code(code, mod_globals, init_globals, mod_name, mod_spec, pkg_name, script_name)
  File "c:\Users\gmanw\.vscode\extensions\ms-python.debugpy-2025.10.0-win32-x64\bundled\libs\debugpy\_vendored\pydevd\_pydevd_bundle\pydevd_runpy.py", line 118, in _run_code
    exec(code, run_globals)
  File "D:\MusicProcessing\tests\test_subprocess_utilities.py", line 142, in <module>
    runner.run(suite)
  File "c:\Users\gmanw\AppData\Local\Programs\Python\Python312\Lib\unittest\runner.py", line 240, in run
    test(result)
  File "c:\Users\gmanw\AppData\Local\Programs\Python\Python312\Lib\unittest\suite.py", line 84, in __call__
    return self.run(*args, **kwds)
  File "c:\Users\gmanw\AppData\Local\Programs\Python\Python312\Lib\unittest\suite.py", line 122, in run
    test(result)
  File "c:\Users\gmanw\AppData\Local\Programs\Python\Python312\Lib\unittest\case.py", line 690, in __call__
    return self.run(*args, **kwds)
  File "c:\Users\gmanw\AppData\Local\Programs\Python\Python312\Lib\unittest\case.py", line 634, in run
    self._callTestMethod(testMethod)
  File "c:\Users\gmanw\AppData\Local\Programs\Python\Python312\Lib\unittest\case.py", line 589, in _callTestMethod
    if method() is not None:
  File "D:\MusicProcessing\tests\test_subprocess_utilities.py", line 83, in test_subprocess_run_non_extant
    probe_process = subprocess_utils.subprocess_run(probe_command)
  File "D:\MusicProcessing\src\subprocess_utils.py", line 233, in subprocess_run
    logger.exception(f"CalledProcessError returncode: {cp_error.returncode} on command {cp_error.cmd}", stack_info=True)

2025-10-07 12:43:19,476 — src.dir_processing.directory_processing — INFO — remove_empty_album_dir:478 — removed 1 empty album directories

2025-10-07 12:47:41,076 — src.dir_processing.directory_processing — INFO — remove_empty_album_dir:478 — removed 1 empty album directories

2025-10-07 12:48:02,648 — src.dir_processing.directory_processing — INFO — remove_empty_album_dir:478 — removed 1 empty album directories

2025-10-07 12:53:27,650 — src.dir_processing.directory_processing — INFO — remove_empty_album_dir:478 — removed 1 empty album directories

2025-10-07 16:00:24,449 — src.dir_processing.directory_processing — INFO — remove_empty_album_dir:478 — removed 1 empty album directories

2025-10-07 16:02:55,649 — src.dir_processing.directory_processing — INFO — remove_empty_album_dir:478 — removed 1 empty album directories
