
2025-09-19 12:24:19,863 — src.subprocess_utils — ERROR — popen_pipe:77 — RuntimeError running command ffprobe -v quiet -show_format -show_streams 'D:\MusicProcessing\tests\Music\test.m3u'
NoneType: None

2025-09-19 12:24:25,416 — src.audio_info.audio_metadata — ERROR — get_media_info:628 — Exception getting media info for file D:\MusicProcessing\tests\Music\test.m3u
Traceback (most recent call last):
  File "D:\MusicProcessing\src\audio_info\audio_metadata.py", line 601, in get_media_info
    output = subprocess_utils.popen_pipe(command)
             ^^^^^^^^^^^^^^^^^^^^^^^^^^^^^^^^^^^^
  File "D:\MusicProcessing\src\subprocess_utils.py", line 81, in popen_pipe
    raise r_error
  File "D:\MusicProcessing\src\subprocess_utils.py", line 78, in popen_pipe
    raise RuntimeError(f"RuntimeError running command {shlex.join(command)}")
RuntimeError: RuntimeError running command ffprobe -v quiet -show_format -show_streams 'D:\MusicProcessing\tests\Music\test.m3u'

2025-09-19 18:00:38,444 — src.subprocess_utils — ERROR — popen_pipe:77 — RuntimeError running command ffprobe -v quiet -show_format -show_streams 'D:\MusicProcessing\tests\Music\test.m3u'
NoneType: None

2025-09-19 18:00:38,446 — src.audio_info.audio_metadata — ERROR — get_media_info:666 — Exception getting media info for file D:\MusicProcessing\tests\Music\test.m3u
Traceback (most recent call last):
  File "D:\MusicProcessing\src\audio_info\audio_metadata.py", line 605, in get_media_info
    '''
        
  File "D:\MusicProcessing\src\subprocess_utils.py", line 81, in popen_pipe
    raise r_error
  File "D:\MusicProcessing\src\subprocess_utils.py", line 78, in popen_pipe
    raise RuntimeError(f"RuntimeError running command {shlex.join(command)}")
RuntimeError: RuntimeError running command ffprobe -v quiet -show_format -show_streams 'D:\MusicProcessing\tests\Music\test.m3u'

2025-09-19 18:00:39,941 — src.audio_info.audio_metadata — ERROR — has_art_tag:936 — MusicProcessingError with file: D:\MusicProcessing\tests\Music\test has invalid extension: .m3u
NoneType: None

2025-09-19 18:00:39,979 — src.audio_info.audio_metadata — ERROR — load_any_file:982 — ValueError loading D:\MusicProcessing\tests\Music\test.m3u returned None
NoneType: None

2025-09-19 18:00:39,980 — src.audio_info.audio_metadata — ERROR — load_any_file:986 — MutagenError [Errno 2] No such file or directory: 'D:\\MusicProcessing\\tests\\Music\\Non-extant.wav' loading D:\MusicProcessing\tests\Music\Non-extant.wav
Traceback (most recent call last):
  File "c:\Users\gmanw\AppData\Local\Programs\Python\Python312\Lib\site-packages\mutagen\_util.py", line 251, in _openfile
    fileobj = open(filename, "rb+" if writable else "rb")
              ^^^^^^^^^^^^^^^^^^^^^^^^^^^^^^^^^^^^^^^^^^^
FileNotFoundError: [Errno 2] No such file or directory: 'D:\\MusicProcessing\\tests\\Music\\Non-extant.wav'

During handling of the above exception, another exception occurred:

Traceback (most recent call last):
  File "D:\MusicProcessing\src\audio_info\audio_metadata.py", line 978, in load_any_file
    audio_file = mutagen.File(file_path)
                 ^^^^^^^^^^^^^^^^^^^^^^^
  File "c:\Users\gmanw\AppData\Local\Programs\Python\Python312\Lib\site-packages\mutagen\_util.py", line 162, in wrapper_func
    with _openfile(None, filething, filename, fileobj,
  File "c:\Users\gmanw\AppData\Local\Programs\Python\Python312\Lib\contextlib.py", line 137, in __enter__
    return next(self.gen)
           ^^^^^^^^^^^^^^
  File "c:\Users\gmanw\AppData\Local\Programs\Python\Python312\Lib\site-packages\mutagen\_util.py", line 272, in _openfile
    raise MutagenError(e)
mutagen.MutagenError: [Errno 2] No such file or directory: 'D:\\MusicProcessing\\tests\\Music\\Non-extant.wav'

2025-09-23 17:20:52,899 — src.audio_info.audio_metadata — ERROR — has_art_tag:936 — MusicProcessingError with file: D:\MusicProcessing\tests\Music\test has invalid extension: .m3u
NoneType: None

2025-09-23 17:20:52,996 — src.audio_info.audio_metadata — ERROR — load_any_file:982 — ValueError loading D:\MusicProcessing\tests\Music\test.m3u returned None
NoneType: None

2025-09-23 17:20:52,998 — src.audio_info.audio_metadata — ERROR — load_any_file:986 — MutagenError [Errno 2] No such file or directory: 'D:\\MusicProcessing\\tests\\Music\\Non-extant.wav' loading D:\MusicProcessing\tests\Music\Non-extant.wav
Traceback (most recent call last):
  File "c:\Users\gmanw\AppData\Local\Programs\Python\Python312\Lib\site-packages\mutagen\_util.py", line 251, in _openfile
    fileobj = open(filename, "rb+" if writable else "rb")
              ^^^^^^^^^^^^^^^^^^^^^^^^^^^^^^^^^^^^^^^^^^^
FileNotFoundError: [Errno 2] No such file or directory: 'D:\\MusicProcessing\\tests\\Music\\Non-extant.wav'

During handling of the above exception, another exception occurred:

Traceback (most recent call last):
  File "D:\MusicProcessing\src\audio_info\audio_metadata.py", line 978, in load_any_file
    audio_file = mutagen.File(file_path)
                 ^^^^^^^^^^^^^^^^^^^^^^^
  File "c:\Users\gmanw\AppData\Local\Programs\Python\Python312\Lib\site-packages\mutagen\_util.py", line 162, in wrapper_func
    with _openfile(None, filething, filename, fileobj,
  File "c:\Users\gmanw\AppData\Local\Programs\Python\Python312\Lib\contextlib.py", line 137, in __enter__
    return next(self.gen)
           ^^^^^^^^^^^^^^
  File "c:\Users\gmanw\AppData\Local\Programs\Python\Python312\Lib\site-packages\mutagen\_util.py", line 272, in _openfile
    raise MutagenError(e)
mutagen.MutagenError: [Errno 2] No such file or directory: 'D:\\MusicProcessing\\tests\\Music\\Non-extant.wav'

2025-09-23 17:22:05,509 — src.audio_info.audio_metadata — ERROR — has_art_tag:936 — MusicProcessingError with file: D:\MusicProcessing\tests\Music\test has invalid extension: .m3u
NoneType: None

2025-09-23 17:22:05,537 — src.audio_info.audio_metadata — ERROR — load_any_file:982 — ValueError loading D:\MusicProcessing\tests\Music\test.m3u returned None
NoneType: None

2025-09-23 17:22:05,538 — src.audio_info.audio_metadata — ERROR — load_any_file:986 — MutagenError [Errno 2] No such file or directory: 'D:\\MusicProcessing\\tests\\Music\\Non-extant.wav' loading D:\MusicProcessing\tests\Music\Non-extant.wav
Traceback (most recent call last):
  File "c:\Users\gmanw\AppData\Local\Programs\Python\Python312\Lib\site-packages\mutagen\_util.py", line 251, in _openfile
    fileobj = open(filename, "rb+" if writable else "rb")
              ^^^^^^^^^^^^^^^^^^^^^^^^^^^^^^^^^^^^^^^^^^^
FileNotFoundError: [Errno 2] No such file or directory: 'D:\\MusicProcessing\\tests\\Music\\Non-extant.wav'

During handling of the above exception, another exception occurred:

Traceback (most recent call last):
  File "D:\MusicProcessing\src\audio_info\audio_metadata.py", line 978, in load_any_file
    audio_file = mutagen.File(file_path)
                 ^^^^^^^^^^^^^^^^^^^^^^^
  File "c:\Users\gmanw\AppData\Local\Programs\Python\Python312\Lib\site-packages\mutagen\_util.py", line 162, in wrapper_func
    with _openfile(None, filething, filename, fileobj,
  File "c:\Users\gmanw\AppData\Local\Programs\Python\Python312\Lib\contextlib.py", line 137, in __enter__
    return next(self.gen)
           ^^^^^^^^^^^^^^
  File "c:\Users\gmanw\AppData\Local\Programs\Python\Python312\Lib\site-packages\mutagen\_util.py", line 272, in _openfile
    raise MutagenError(e)
mutagen.MutagenError: [Errno 2] No such file or directory: 'D:\\MusicProcessing\\tests\\Music\\Non-extant.wav'

2025-09-23 17:29:38,037 — src.audio_info.audio_metadata — ERROR — has_art_tag:936 — MusicProcessingError with file: D:\MusicProcessing\tests\Music\test has invalid extension: .m3u
NoneType: None

2025-09-23 17:29:38,066 — src.audio_info.audio_metadata — ERROR — load_any_file:982 — ValueError loading D:\MusicProcessing\tests\Music\test.m3u returned None
NoneType: None

2025-09-23 17:29:38,067 — src.audio_info.audio_metadata — ERROR — load_any_file:986 — MutagenError [Errno 2] No such file or directory: 'D:\\MusicProcessing\\tests\\Music\\Non-extant.wav' loading D:\MusicProcessing\tests\Music\Non-extant.wav
Traceback (most recent call last):
  File "c:\Users\gmanw\AppData\Local\Programs\Python\Python312\Lib\site-packages\mutagen\_util.py", line 251, in _openfile
    fileobj = open(filename, "rb+" if writable else "rb")
              ^^^^^^^^^^^^^^^^^^^^^^^^^^^^^^^^^^^^^^^^^^^
FileNotFoundError: [Errno 2] No such file or directory: 'D:\\MusicProcessing\\tests\\Music\\Non-extant.wav'

During handling of the above exception, another exception occurred:

Traceback (most recent call last):
  File "D:\MusicProcessing\src\audio_info\audio_metadata.py", line 978, in load_any_file
    audio_file = mutagen.File(file_path)
                 ^^^^^^^^^^^^^^^^^^^^^^^
  File "c:\Users\gmanw\AppData\Local\Programs\Python\Python312\Lib\site-packages\mutagen\_util.py", line 162, in wrapper_func
    with _openfile(None, filething, filename, fileobj,
  File "c:\Users\gmanw\AppData\Local\Programs\Python\Python312\Lib\contextlib.py", line 137, in __enter__
    return next(self.gen)
           ^^^^^^^^^^^^^^
  File "c:\Users\gmanw\AppData\Local\Programs\Python\Python312\Lib\site-packages\mutagen\_util.py", line 272, in _openfile
    raise MutagenError(e)
mutagen.MutagenError: [Errno 2] No such file or directory: 'D:\\MusicProcessing\\tests\\Music\\Non-extant.wav'

2025-09-23 17:31:20,423 — src.audio_info.audio_metadata — ERROR — has_art_tag:936 — MusicProcessingError with file: D:\MusicProcessing\tests\Music\test has invalid extension: .m3u
NoneType: None

2025-09-23 17:31:20,452 — src.audio_info.audio_metadata — ERROR — load_any_file:982 — ValueError loading D:\MusicProcessing\tests\Music\test.m3u returned None
NoneType: None

2025-09-23 17:31:20,453 — src.audio_info.audio_metadata — ERROR — load_any_file:986 — MutagenError [Errno 2] No such file or directory: 'D:\\MusicProcessing\\tests\\Music\\Non-extant.wav' loading D:\MusicProcessing\tests\Music\Non-extant.wav
Traceback (most recent call last):
  File "c:\Users\gmanw\AppData\Local\Programs\Python\Python312\Lib\site-packages\mutagen\_util.py", line 251, in _openfile
    fileobj = open(filename, "rb+" if writable else "rb")
              ^^^^^^^^^^^^^^^^^^^^^^^^^^^^^^^^^^^^^^^^^^^
FileNotFoundError: [Errno 2] No such file or directory: 'D:\\MusicProcessing\\tests\\Music\\Non-extant.wav'

During handling of the above exception, another exception occurred:

Traceback (most recent call last):
  File "D:\MusicProcessing\src\audio_info\audio_metadata.py", line 978, in load_any_file
    audio_file = mutagen.File(file_path)
                 ^^^^^^^^^^^^^^^^^^^^^^^
  File "c:\Users\gmanw\AppData\Local\Programs\Python\Python312\Lib\site-packages\mutagen\_util.py", line 162, in wrapper_func
    with _openfile(None, filething, filename, fileobj,
  File "c:\Users\gmanw\AppData\Local\Programs\Python\Python312\Lib\contextlib.py", line 137, in __enter__
    return next(self.gen)
           ^^^^^^^^^^^^^^
  File "c:\Users\gmanw\AppData\Local\Programs\Python\Python312\Lib\site-packages\mutagen\_util.py", line 272, in _openfile
    raise MutagenError(e)
mutagen.MutagenError: [Errno 2] No such file or directory: 'D:\\MusicProcessing\\tests\\Music\\Non-extant.wav'

2025-09-23 17:36:12,988 — src.audio_info.audio_metadata — ERROR — has_art_tag:936 — MusicProcessingError with file: D:\MusicProcessing\tests\Music\test has invalid extension: .m3u
NoneType: None

2025-09-23 17:36:13,017 — src.audio_info.audio_metadata — ERROR — load_any_file:982 — ValueError loading D:\MusicProcessing\tests\Music\test.m3u returned None
NoneType: None

2025-09-23 17:36:13,018 — src.audio_info.audio_metadata — ERROR — load_any_file:986 — MutagenError [Errno 2] No such file or directory: 'D:\\MusicProcessing\\tests\\Music\\Non-extant.wav' loading D:\MusicProcessing\tests\Music\Non-extant.wav
Traceback (most recent call last):
  File "c:\Users\gmanw\AppData\Local\Programs\Python\Python312\Lib\site-packages\mutagen\_util.py", line 251, in _openfile
    fileobj = open(filename, "rb+" if writable else "rb")
              ^^^^^^^^^^^^^^^^^^^^^^^^^^^^^^^^^^^^^^^^^^^
FileNotFoundError: [Errno 2] No such file or directory: 'D:\\MusicProcessing\\tests\\Music\\Non-extant.wav'

During handling of the above exception, another exception occurred:

Traceback (most recent call last):
  File "D:\MusicProcessing\src\audio_info\audio_metadata.py", line 978, in load_any_file
    audio_file = mutagen.File(file_path)
                 ^^^^^^^^^^^^^^^^^^^^^^^
  File "c:\Users\gmanw\AppData\Local\Programs\Python\Python312\Lib\site-packages\mutagen\_util.py", line 162, in wrapper_func
    with _openfile(None, filething, filename, fileobj,
  File "c:\Users\gmanw\AppData\Local\Programs\Python\Python312\Lib\contextlib.py", line 137, in __enter__
    return next(self.gen)
           ^^^^^^^^^^^^^^
  File "c:\Users\gmanw\AppData\Local\Programs\Python\Python312\Lib\site-packages\mutagen\_util.py", line 272, in _openfile
    raise MutagenError(e)
mutagen.MutagenError: [Errno 2] No such file or directory: 'D:\\MusicProcessing\\tests\\Music\\Non-extant.wav'

2025-09-24 11:51:48,321 — src.subprocess_utils — ERROR — popen_pipe:77 — RuntimeError running command ffprobe -v quiet -show_format -show_streams 'D:\MusicProcessing\tests\Music\test.m3u'
NoneType: None

2025-09-24 11:51:48,322 — src.audio_info.audio_metadata — ERROR — get_media_info:666 — Exception getting media info for file D:\MusicProcessing\tests\Music\test.m3u
Traceback (most recent call last):
  File "D:\MusicProcessing\src\audio_info\audio_metadata.py", line 606, in get_media_info
    output = subprocess_utils.popen_pipe(command)
             ^^^^^^^^^^^^^^^^^^^^^^^^^^^^^^^^^^^^
  File "D:\MusicProcessing\src\subprocess_utils.py", line 81, in popen_pipe
    raise r_error
  File "D:\MusicProcessing\src\subprocess_utils.py", line 78, in popen_pipe
    raise RuntimeError(f"RuntimeError running command {shlex.join(command)}")
RuntimeError: RuntimeError running command ffprobe -v quiet -show_format -show_streams 'D:\MusicProcessing\tests\Music\test.m3u'

2025-09-24 11:51:48,653 — src.subprocess_utils — ERROR — subprocess_run:232 — CalledProcessError returncode: 1 on command ['ffprobe', '-v', 'quiet', '-of', 'json', '-show_entries', 'format_tags', 'D:\\MusicProcessing\\tests\\Music\\test.m3u']
Traceback (most recent call last):
  File "D:\MusicProcessing\src\subprocess_utils.py", line 223, in subprocess_run
    process = subprocess.run(
              ^^^^^^^^^^^^^^^
  File "c:\Users\gmanw\AppData\Local\Programs\Python\Python312\Lib\subprocess.py", line 571, in run
    raise CalledProcessError(retcode, process.args,
subprocess.CalledProcessError: Command '['ffprobe', '-v', 'quiet', '-of', 'json', '-show_entries', 'format_tags', 'D:\\MusicProcessing\\tests\\Music\\test.m3u']' returned non-zero exit status 1.
Stack (most recent call last):
  File "c:\Users\gmanw\AppData\Local\Programs\Python\Python312\Lib\runpy.py", line 198, in _run_module_as_main
    return _run_code(code, main_globals, None,
  File "c:\Users\gmanw\AppData\Local\Programs\Python\Python312\Lib\runpy.py", line 88, in _run_code
    exec(code, run_globals)
  File "c:\Users\gmanw\.vscode\extensions\ms-python.debugpy-2025.10.0-win32-x64\bundled\libs\debugpy\launcher/../..\debugpy\__main__.py", line 71, in <module>
    cli.main()
  File "c:\Users\gmanw\.vscode\extensions\ms-python.debugpy-2025.10.0-win32-x64\bundled\libs\debugpy\launcher/../..\debugpy/..\debugpy\server\cli.py", line 501, in main
    run()
  File "c:\Users\gmanw\.vscode\extensions\ms-python.debugpy-2025.10.0-win32-x64\bundled\libs\debugpy\launcher/../..\debugpy/..\debugpy\server\cli.py", line 351, in run_file
    runpy.run_path(target, run_name="__main__")
  File "c:\Users\gmanw\.vscode\extensions\ms-python.debugpy-2025.10.0-win32-x64\bundled\libs\debugpy\_vendored\pydevd\_pydevd_bundle\pydevd_runpy.py", line 310, in run_path
    return _run_module_code(code, init_globals, run_name, pkg_name=pkg_name, script_name=fname)
  File "c:\Users\gmanw\.vscode\extensions\ms-python.debugpy-2025.10.0-win32-x64\bundled\libs\debugpy\_vendored\pydevd\_pydevd_bundle\pydevd_runpy.py", line 127, in _run_module_code
    _run_code(code, mod_globals, init_globals, mod_name, mod_spec, pkg_name, script_name)
  File "c:\Users\gmanw\.vscode\extensions\ms-python.debugpy-2025.10.0-win32-x64\bundled\libs\debugpy\_vendored\pydevd\_pydevd_bundle\pydevd_runpy.py", line 118, in _run_code
    exec(code, run_globals)
  File "D:\MusicProcessing\tests\test_audio_metadata.py", line 854, in <module>
    runner.run(suite)
  File "c:\Users\gmanw\AppData\Local\Programs\Python\Python312\Lib\unittest\runner.py", line 240, in run
    test(result)
  File "c:\Users\gmanw\AppData\Local\Programs\Python\Python312\Lib\unittest\suite.py", line 84, in __call__
    return self.run(*args, **kwds)
  File "c:\Users\gmanw\AppData\Local\Programs\Python\Python312\Lib\unittest\suite.py", line 122, in run
    test(result)
  File "c:\Users\gmanw\AppData\Local\Programs\Python\Python312\Lib\unittest\case.py", line 690, in __call__
    return self.run(*args, **kwds)
  File "c:\Users\gmanw\AppData\Local\Programs\Python\Python312\Lib\unittest\case.py", line 634, in run
    self._callTestMethod(testMethod)
  File "c:\Users\gmanw\AppData\Local\Programs\Python\Python312\Lib\unittest\case.py", line 589, in _callTestMethod
    if method() is not None:
  File "D:\MusicProcessing\tests\test_audio_metadata.py", line 577, in test_get_media_tags_invalid_file
    media_tags = metadata.get_media_tags(TEST_M3U)
  File "D:\MusicProcessing\src\audio_info\audio_metadata.py", line 757, in get_media_tags
    result = subprocess_utils.subprocess_run(command)
  File "D:\MusicProcessing\src\subprocess_utils.py", line 232, in subprocess_run
    logger.exception(f"CalledProcessError returncode: {cp_error.returncode} on command {cp_error.cmd}", stack_info=True)

2025-09-24 11:51:48,654 — src.audio_info.audio_metadata — ERROR — get_media_tags:767 — Exception CalledProcessError getting media tags for file D:\MusicProcessing\tests\Music\test.m3u
Traceback (most recent call last):
  File "D:\MusicProcessing\src\audio_info\audio_metadata.py", line 757, in get_media_tags
    result = subprocess_utils.subprocess_run(command)
             ^^^^^^^^^^^^^^^^^^^^^^^^^^^^^^^^^^^^^^^^
  File "D:\MusicProcessing\src\subprocess_utils.py", line 233, in subprocess_run
    raise cp_error
  File "D:\MusicProcessing\src\subprocess_utils.py", line 223, in subprocess_run
    process = subprocess.run(
              ^^^^^^^^^^^^^^^
  File "c:\Users\gmanw\AppData\Local\Programs\Python\Python312\Lib\subprocess.py", line 571, in run
    raise CalledProcessError(retcode, process.args,
subprocess.CalledProcessError: Command '['ffprobe', '-v', 'quiet', '-of', 'json', '-show_entries', 'format_tags', 'D:\\MusicProcessing\\tests\\Music\\test.m3u']' returned non-zero exit status 1.
Stack (most recent call last):
  File "c:\Users\gmanw\AppData\Local\Programs\Python\Python312\Lib\runpy.py", line 198, in _run_module_as_main
    return _run_code(code, main_globals, None,
  File "c:\Users\gmanw\AppData\Local\Programs\Python\Python312\Lib\runpy.py", line 88, in _run_code
    exec(code, run_globals)
  File "c:\Users\gmanw\.vscode\extensions\ms-python.debugpy-2025.10.0-win32-x64\bundled\libs\debugpy\launcher/../..\debugpy\__main__.py", line 71, in <module>
    cli.main()
  File "c:\Users\gmanw\.vscode\extensions\ms-python.debugpy-2025.10.0-win32-x64\bundled\libs\debugpy\launcher/../..\debugpy/..\debugpy\server\cli.py", line 501, in main
    run()
  File "c:\Users\gmanw\.vscode\extensions\ms-python.debugpy-2025.10.0-win32-x64\bundled\libs\debugpy\launcher/../..\debugpy/..\debugpy\server\cli.py", line 351, in run_file
    runpy.run_path(target, run_name="__main__")
  File "c:\Users\gmanw\.vscode\extensions\ms-python.debugpy-2025.10.0-win32-x64\bundled\libs\debugpy\_vendored\pydevd\_pydevd_bundle\pydevd_runpy.py", line 310, in run_path
    return _run_module_code(code, init_globals, run_name, pkg_name=pkg_name, script_name=fname)
  File "c:\Users\gmanw\.vscode\extensions\ms-python.debugpy-2025.10.0-win32-x64\bundled\libs\debugpy\_vendored\pydevd\_pydevd_bundle\pydevd_runpy.py", line 127, in _run_module_code
    _run_code(code, mod_globals, init_globals, mod_name, mod_spec, pkg_name, script_name)
  File "c:\Users\gmanw\.vscode\extensions\ms-python.debugpy-2025.10.0-win32-x64\bundled\libs\debugpy\_vendored\pydevd\_pydevd_bundle\pydevd_runpy.py", line 118, in _run_code
    exec(code, run_globals)
  File "D:\MusicProcessing\tests\test_audio_metadata.py", line 854, in <module>
    runner.run(suite)
  File "c:\Users\gmanw\AppData\Local\Programs\Python\Python312\Lib\unittest\runner.py", line 240, in run
    test(result)
  File "c:\Users\gmanw\AppData\Local\Programs\Python\Python312\Lib\unittest\suite.py", line 84, in __call__
    return self.run(*args, **kwds)
  File "c:\Users\gmanw\AppData\Local\Programs\Python\Python312\Lib\unittest\suite.py", line 122, in run
    test(result)
  File "c:\Users\gmanw\AppData\Local\Programs\Python\Python312\Lib\unittest\case.py", line 690, in __call__
    return self.run(*args, **kwds)
  File "c:\Users\gmanw\AppData\Local\Programs\Python\Python312\Lib\unittest\case.py", line 634, in run
    self._callTestMethod(testMethod)
  File "c:\Users\gmanw\AppData\Local\Programs\Python\Python312\Lib\unittest\case.py", line 589, in _callTestMethod
    if method() is not None:
  File "D:\MusicProcessing\tests\test_audio_metadata.py", line 577, in test_get_media_tags_invalid_file
    media_tags = metadata.get_media_tags(TEST_M3U)
  File "D:\MusicProcessing\src\audio_info\audio_metadata.py", line 767, in get_media_tags
    logger.exception(f"Exception {type(e_error).__name__} getting media tags for file {file_path}", stack_info=True)

2025-09-24 11:51:49,687 — src.audio_info.audio_metadata — ERROR — has_art_tag:936 — MusicProcessingError with file: D:\MusicProcessing\tests\Music\test has invalid extension: .m3u
NoneType: None

2025-09-24 11:51:49,709 — src.audio_info.audio_metadata — ERROR — load_any_file:982 — ValueError loading D:\MusicProcessing\tests\Music\test.m3u returned None
NoneType: None

2025-09-24 11:51:49,713 — src.audio_info.audio_metadata — ERROR — load_any_file:986 — MutagenError [Errno 2] No such file or directory: 'D:\\MusicProcessing\\tests\\Music\\Non-extant.wav' loading D:\MusicProcessing\tests\Music\Non-extant.wav
Traceback (most recent call last):
  File "c:\Users\gmanw\AppData\Local\Programs\Python\Python312\Lib\site-packages\mutagen\_util.py", line 251, in _openfile
    fileobj = open(filename, "rb+" if writable else "rb")
              ^^^^^^^^^^^^^^^^^^^^^^^^^^^^^^^^^^^^^^^^^^^
FileNotFoundError: [Errno 2] No such file or directory: 'D:\\MusicProcessing\\tests\\Music\\Non-extant.wav'

During handling of the above exception, another exception occurred:

Traceback (most recent call last):
  File "D:\MusicProcessing\src\audio_info\audio_metadata.py", line 978, in load_any_file
    audio_file = mutagen.File(file_path)
                 ^^^^^^^^^^^^^^^^^^^^^^^
  File "c:\Users\gmanw\AppData\Local\Programs\Python\Python312\Lib\site-packages\mutagen\_util.py", line 162, in wrapper_func
    with _openfile(None, filething, filename, fileobj,
  File "c:\Users\gmanw\AppData\Local\Programs\Python\Python312\Lib\contextlib.py", line 137, in __enter__
    return next(self.gen)
           ^^^^^^^^^^^^^^
  File "c:\Users\gmanw\AppData\Local\Programs\Python\Python312\Lib\site-packages\mutagen\_util.py", line 272, in _openfile
    raise MutagenError(e)
mutagen.MutagenError: [Errno 2] No such file or directory: 'D:\\MusicProcessing\\tests\\Music\\Non-extant.wav'

2025-09-24 13:55:42,233 — src.subprocess_utils — ERROR — popen_pipe:77 — RuntimeError running command ffprobe -v quiet -show_format -show_streams 'D:\MusicProcessing\tests\Music\test.m3u'
NoneType: None

2025-09-24 13:55:42,233 — src.audio_info.audio_metadata — ERROR — get_media_info:666 — Exception getting media info for file D:\MusicProcessing\tests\Music\test.m3u
Traceback (most recent call last):
  File "D:\MusicProcessing\src\audio_info\audio_metadata.py", line 606, in get_media_info
    output = subprocess_utils.popen_pipe(command)
             ^^^^^^^^^^^^^^^^^^^^^^^^^^^^^^^^^^^^
  File "D:\MusicProcessing\src\subprocess_utils.py", line 81, in popen_pipe
    raise r_error
  File "D:\MusicProcessing\src\subprocess_utils.py", line 78, in popen_pipe
    raise RuntimeError(f"RuntimeError running command {shlex.join(command)}")
RuntimeError: RuntimeError running command ffprobe -v quiet -show_format -show_streams 'D:\MusicProcessing\tests\Music\test.m3u'

2025-09-24 13:55:43,408 — src.audio_info.audio_metadata — ERROR — has_art_tag:936 — MusicProcessingError with file: D:\MusicProcessing\tests\Music\test has invalid extension: .m3u
NoneType: None

2025-09-24 13:55:43,445 — src.audio_info.audio_metadata — ERROR — load_any_file:982 — ValueError loading D:\MusicProcessing\tests\Music\test.m3u returned None
NoneType: None

2025-09-24 13:55:43,446 — src.audio_info.audio_metadata — ERROR — load_any_file:986 — MutagenError [Errno 2] No such file or directory: 'D:\\MusicProcessing\\tests\\Music\\Non-extant.wav' loading D:\MusicProcessing\tests\Music\Non-extant.wav
Traceback (most recent call last):
  File "c:\Users\gmanw\AppData\Local\Programs\Python\Python312\Lib\site-packages\mutagen\_util.py", line 251, in _openfile
    fileobj = open(filename, "rb+" if writable else "rb")
              ^^^^^^^^^^^^^^^^^^^^^^^^^^^^^^^^^^^^^^^^^^^
FileNotFoundError: [Errno 2] No such file or directory: 'D:\\MusicProcessing\\tests\\Music\\Non-extant.wav'

During handling of the above exception, another exception occurred:

Traceback (most recent call last):
  File "D:\MusicProcessing\src\audio_info\audio_metadata.py", line 978, in load_any_file
    audio_file = mutagen.File(file_path)
                 ^^^^^^^^^^^^^^^^^^^^^^^
  File "c:\Users\gmanw\AppData\Local\Programs\Python\Python312\Lib\site-packages\mutagen\_util.py", line 162, in wrapper_func
    with _openfile(None, filething, filename, fileobj,
  File "c:\Users\gmanw\AppData\Local\Programs\Python\Python312\Lib\contextlib.py", line 137, in __enter__
    return next(self.gen)
           ^^^^^^^^^^^^^^
  File "c:\Users\gmanw\AppData\Local\Programs\Python\Python312\Lib\site-packages\mutagen\_util.py", line 272, in _openfile
    raise MutagenError(e)
mutagen.MutagenError: [Errno 2] No such file or directory: 'D:\\MusicProcessing\\tests\\Music\\Non-extant.wav'

2025-09-24 13:58:44,401 — src.subprocess_utils — ERROR — popen_pipe:77 — RuntimeError running command ffprobe -v quiet -show_format -show_streams 'D:\MusicProcessing\tests\Music\test.m3u'
NoneType: None

2025-09-24 13:58:44,402 — src.audio_info.audio_metadata — ERROR — get_media_info:666 — Exception getting media info for file D:\MusicProcessing\tests\Music\test.m3u
Traceback (most recent call last):
  File "D:\MusicProcessing\src\audio_info\audio_metadata.py", line 606, in get_media_info
    output = subprocess_utils.popen_pipe(command)
             ^^^^^^^^^^^^^^^^^^^^^^^^^^^^^^^^^^^^
  File "D:\MusicProcessing\src\subprocess_utils.py", line 81, in popen_pipe
    raise r_error
  File "D:\MusicProcessing\src\subprocess_utils.py", line 78, in popen_pipe
    raise RuntimeError(f"RuntimeError running command {shlex.join(command)}")
RuntimeError: RuntimeError running command ffprobe -v quiet -show_format -show_streams 'D:\MusicProcessing\tests\Music\test.m3u'

2025-09-24 13:58:44,658 — src.subprocess_utils — ERROR — subprocess_run:232 — CalledProcessError returncode: 1 on command ['ffprobe', '-v', 'quiet', '-of', 'json', '-show_entries', 'format_tags', 'D:\\MusicProcessing\\tests\\Music\\test.m3u']
Traceback (most recent call last):
  File "D:\MusicProcessing\src\subprocess_utils.py", line 223, in subprocess_run
    process = subprocess.run(
              ^^^^^^^^^^^^^^^
  File "c:\Users\gmanw\AppData\Local\Programs\Python\Python312\Lib\subprocess.py", line 571, in run
    raise CalledProcessError(retcode, process.args,
subprocess.CalledProcessError: Command '['ffprobe', '-v', 'quiet', '-of', 'json', '-show_entries', 'format_tags', 'D:\\MusicProcessing\\tests\\Music\\test.m3u']' returned non-zero exit status 1.
Stack (most recent call last):
  File "c:\Users\gmanw\AppData\Local\Programs\Python\Python312\Lib\runpy.py", line 198, in _run_module_as_main
    return _run_code(code, main_globals, None,
  File "c:\Users\gmanw\AppData\Local\Programs\Python\Python312\Lib\runpy.py", line 88, in _run_code
    exec(code, run_globals)
  File "c:\Users\gmanw\.vscode\extensions\ms-python.debugpy-2025.10.0-win32-x64\bundled\libs\debugpy\launcher/../..\debugpy\__main__.py", line 71, in <module>
    cli.main()
  File "c:\Users\gmanw\.vscode\extensions\ms-python.debugpy-2025.10.0-win32-x64\bundled\libs\debugpy\launcher/../..\debugpy/..\debugpy\server\cli.py", line 501, in main
    run()
  File "c:\Users\gmanw\.vscode\extensions\ms-python.debugpy-2025.10.0-win32-x64\bundled\libs\debugpy\launcher/../..\debugpy/..\debugpy\server\cli.py", line 351, in run_file
    runpy.run_path(target, run_name="__main__")
  File "c:\Users\gmanw\.vscode\extensions\ms-python.debugpy-2025.10.0-win32-x64\bundled\libs\debugpy\_vendored\pydevd\_pydevd_bundle\pydevd_runpy.py", line 310, in run_path
    return _run_module_code(code, init_globals, run_name, pkg_name=pkg_name, script_name=fname)
  File "c:\Users\gmanw\.vscode\extensions\ms-python.debugpy-2025.10.0-win32-x64\bundled\libs\debugpy\_vendored\pydevd\_pydevd_bundle\pydevd_runpy.py", line 127, in _run_module_code
    _run_code(code, mod_globals, init_globals, mod_name, mod_spec, pkg_name, script_name)
  File "c:\Users\gmanw\.vscode\extensions\ms-python.debugpy-2025.10.0-win32-x64\bundled\libs\debugpy\_vendored\pydevd\_pydevd_bundle\pydevd_runpy.py", line 118, in _run_code
    exec(code, run_globals)
  File "D:\MusicProcessing\tests\test_audio_metadata.py", line 853, in <module>
    runner.run(suite)
  File "c:\Users\gmanw\AppData\Local\Programs\Python\Python312\Lib\unittest\runner.py", line 240, in run
    test(result)
  File "c:\Users\gmanw\AppData\Local\Programs\Python\Python312\Lib\unittest\suite.py", line 84, in __call__
    return self.run(*args, **kwds)
  File "c:\Users\gmanw\AppData\Local\Programs\Python\Python312\Lib\unittest\suite.py", line 122, in run
    test(result)
  File "c:\Users\gmanw\AppData\Local\Programs\Python\Python312\Lib\unittest\case.py", line 690, in __call__
    return self.run(*args, **kwds)
  File "c:\Users\gmanw\AppData\Local\Programs\Python\Python312\Lib\unittest\case.py", line 634, in run
    self._callTestMethod(testMethod)
  File "c:\Users\gmanw\AppData\Local\Programs\Python\Python312\Lib\unittest\case.py", line 589, in _callTestMethod
    if method() is not None:
  File "D:\MusicProcessing\tests\test_audio_metadata.py", line 558, in test_get_media_tags_invalid_file
    media_tags = metadata.get_media_tags(TEST_M3U)
  File "D:\MusicProcessing\src\audio_info\audio_metadata.py", line 757, in get_media_tags
    result = subprocess_utils.subprocess_run(command)
  File "D:\MusicProcessing\src\subprocess_utils.py", line 232, in subprocess_run
    logger.exception(f"CalledProcessError returncode: {cp_error.returncode} on command {cp_error.cmd}", stack_info=True)

2025-09-24 13:58:44,658 — src.audio_info.audio_metadata — ERROR — get_media_tags:767 — Exception CalledProcessError getting media tags for file D:\MusicProcessing\tests\Music\test.m3u
Traceback (most recent call last):
  File "D:\MusicProcessing\src\audio_info\audio_metadata.py", line 757, in get_media_tags
    result = subprocess_utils.subprocess_run(command)
             ^^^^^^^^^^^^^^^^^^^^^^^^^^^^^^^^^^^^^^^^
  File "D:\MusicProcessing\src\subprocess_utils.py", line 233, in subprocess_run
    raise cp_error
  File "D:\MusicProcessing\src\subprocess_utils.py", line 223, in subprocess_run
    process = subprocess.run(
              ^^^^^^^^^^^^^^^
  File "c:\Users\gmanw\AppData\Local\Programs\Python\Python312\Lib\subprocess.py", line 571, in run
    raise CalledProcessError(retcode, process.args,
subprocess.CalledProcessError: Command '['ffprobe', '-v', 'quiet', '-of', 'json', '-show_entries', 'format_tags', 'D:\\MusicProcessing\\tests\\Music\\test.m3u']' returned non-zero exit status 1.
Stack (most recent call last):
  File "c:\Users\gmanw\AppData\Local\Programs\Python\Python312\Lib\runpy.py", line 198, in _run_module_as_main
    return _run_code(code, main_globals, None,
  File "c:\Users\gmanw\AppData\Local\Programs\Python\Python312\Lib\runpy.py", line 88, in _run_code
    exec(code, run_globals)
  File "c:\Users\gmanw\.vscode\extensions\ms-python.debugpy-2025.10.0-win32-x64\bundled\libs\debugpy\launcher/../..\debugpy\__main__.py", line 71, in <module>
    cli.main()
  File "c:\Users\gmanw\.vscode\extensions\ms-python.debugpy-2025.10.0-win32-x64\bundled\libs\debugpy\launcher/../..\debugpy/..\debugpy\server\cli.py", line 501, in main
    run()
  File "c:\Users\gmanw\.vscode\extensions\ms-python.debugpy-2025.10.0-win32-x64\bundled\libs\debugpy\launcher/../..\debugpy/..\debugpy\server\cli.py", line 351, in run_file
    runpy.run_path(target, run_name="__main__")
  File "c:\Users\gmanw\.vscode\extensions\ms-python.debugpy-2025.10.0-win32-x64\bundled\libs\debugpy\_vendored\pydevd\_pydevd_bundle\pydevd_runpy.py", line 310, in run_path
    return _run_module_code(code, init_globals, run_name, pkg_name=pkg_name, script_name=fname)
  File "c:\Users\gmanw\.vscode\extensions\ms-python.debugpy-2025.10.0-win32-x64\bundled\libs\debugpy\_vendored\pydevd\_pydevd_bundle\pydevd_runpy.py", line 127, in _run_module_code
    _run_code(code, mod_globals, init_globals, mod_name, mod_spec, pkg_name, script_name)
  File "c:\Users\gmanw\.vscode\extensions\ms-python.debugpy-2025.10.0-win32-x64\bundled\libs\debugpy\_vendored\pydevd\_pydevd_bundle\pydevd_runpy.py", line 118, in _run_code
    exec(code, run_globals)
  File "D:\MusicProcessing\tests\test_audio_metadata.py", line 853, in <module>
    runner.run(suite)
  File "c:\Users\gmanw\AppData\Local\Programs\Python\Python312\Lib\unittest\runner.py", line 240, in run
    test(result)
  File "c:\Users\gmanw\AppData\Local\Programs\Python\Python312\Lib\unittest\suite.py", line 84, in __call__
    return self.run(*args, **kwds)
  File "c:\Users\gmanw\AppData\Local\Programs\Python\Python312\Lib\unittest\suite.py", line 122, in run
    test(result)
  File "c:\Users\gmanw\AppData\Local\Programs\Python\Python312\Lib\unittest\case.py", line 690, in __call__
    return self.run(*args, **kwds)
  File "c:\Users\gmanw\AppData\Local\Programs\Python\Python312\Lib\unittest\case.py", line 634, in run
    self._callTestMethod(testMethod)
  File "c:\Users\gmanw\AppData\Local\Programs\Python\Python312\Lib\unittest\case.py", line 589, in _callTestMethod
    if method() is not None:
  File "D:\MusicProcessing\tests\test_audio_metadata.py", line 558, in test_get_media_tags_invalid_file
    media_tags = metadata.get_media_tags(TEST_M3U)
  File "D:\MusicProcessing\src\audio_info\audio_metadata.py", line 767, in get_media_tags
    logger.exception(f"Exception {type(e_error).__name__} getting media tags for file {file_path}", stack_info=True)

2025-09-24 13:58:45,655 — src.audio_info.audio_metadata — ERROR — has_art_tag:936 — MusicProcessingError with file: D:\MusicProcessing\tests\Music\test has invalid extension: .m3u
NoneType: None

2025-09-24 13:58:45,689 — src.audio_info.audio_metadata — ERROR — load_any_file:982 — ValueError loading D:\MusicProcessing\tests\Music\test.m3u returned None
NoneType: None

2025-09-24 13:58:45,690 — src.audio_info.audio_metadata — ERROR — load_any_file:986 — MutagenError [Errno 2] No such file or directory: 'D:\\MusicProcessing\\tests\\Music\\Non-extant.wav' loading D:\MusicProcessing\tests\Music\Non-extant.wav
Traceback (most recent call last):
  File "c:\Users\gmanw\AppData\Local\Programs\Python\Python312\Lib\site-packages\mutagen\_util.py", line 251, in _openfile
    fileobj = open(filename, "rb+" if writable else "rb")
              ^^^^^^^^^^^^^^^^^^^^^^^^^^^^^^^^^^^^^^^^^^^
FileNotFoundError: [Errno 2] No such file or directory: 'D:\\MusicProcessing\\tests\\Music\\Non-extant.wav'

During handling of the above exception, another exception occurred:

Traceback (most recent call last):
  File "D:\MusicProcessing\src\audio_info\audio_metadata.py", line 978, in load_any_file
    audio_file = mutagen.File(file_path)
                 ^^^^^^^^^^^^^^^^^^^^^^^
  File "c:\Users\gmanw\AppData\Local\Programs\Python\Python312\Lib\site-packages\mutagen\_util.py", line 162, in wrapper_func
    with _openfile(None, filething, filename, fileobj,
  File "c:\Users\gmanw\AppData\Local\Programs\Python\Python312\Lib\contextlib.py", line 137, in __enter__
    return next(self.gen)
           ^^^^^^^^^^^^^^
  File "c:\Users\gmanw\AppData\Local\Programs\Python\Python312\Lib\site-packages\mutagen\_util.py", line 272, in _openfile
    raise MutagenError(e)
mutagen.MutagenError: [Errno 2] No such file or directory: 'D:\\MusicProcessing\\tests\\Music\\Non-extant.wav'

2025-09-24 14:06:58,866 — src.subprocess_utils — ERROR — popen_pipe:77 — RuntimeError running command ffprobe -v quiet -show_format -show_streams 'D:\MusicProcessing\tests\Music\test.m3u'
NoneType: None

2025-09-24 14:06:58,866 — src.audio_info.audio_metadata — ERROR — get_media_info:666 — Exception getting media info for file D:\MusicProcessing\tests\Music\test.m3u
Traceback (most recent call last):
  File "D:\MusicProcessing\src\audio_info\audio_metadata.py", line 606, in get_media_info
    output = subprocess_utils.popen_pipe(command)
             ^^^^^^^^^^^^^^^^^^^^^^^^^^^^^^^^^^^^
  File "D:\MusicProcessing\src\subprocess_utils.py", line 81, in popen_pipe
    raise r_error
  File "D:\MusicProcessing\src\subprocess_utils.py", line 78, in popen_pipe
    raise RuntimeError(f"RuntimeError running command {shlex.join(command)}")
RuntimeError: RuntimeError running command ffprobe -v quiet -show_format -show_streams 'D:\MusicProcessing\tests\Music\test.m3u'

2025-09-24 14:06:59,120 — src.subprocess_utils — ERROR — subprocess_run:232 — CalledProcessError returncode: 1 on command ['ffprobe', '-v', 'quiet', '-of', 'json', '-show_entries', 'format_tags', 'D:\\MusicProcessing\\tests\\Music\\test.m3u']
Traceback (most recent call last):
  File "D:\MusicProcessing\src\subprocess_utils.py", line 223, in subprocess_run
    process = subprocess.run(
              ^^^^^^^^^^^^^^^
  File "c:\Users\gmanw\AppData\Local\Programs\Python\Python312\Lib\subprocess.py", line 571, in run
    raise CalledProcessError(retcode, process.args,
subprocess.CalledProcessError: Command '['ffprobe', '-v', 'quiet', '-of', 'json', '-show_entries', 'format_tags', 'D:\\MusicProcessing\\tests\\Music\\test.m3u']' returned non-zero exit status 1.
Stack (most recent call last):
  File "c:\Users\gmanw\AppData\Local\Programs\Python\Python312\Lib\runpy.py", line 198, in _run_module_as_main
    return _run_code(code, main_globals, None,
  File "c:\Users\gmanw\AppData\Local\Programs\Python\Python312\Lib\runpy.py", line 88, in _run_code
    exec(code, run_globals)
  File "c:\Users\gmanw\.vscode\extensions\ms-python.debugpy-2025.10.0-win32-x64\bundled\libs\debugpy\launcher/../..\debugpy\__main__.py", line 71, in <module>
    cli.main()
  File "c:\Users\gmanw\.vscode\extensions\ms-python.debugpy-2025.10.0-win32-x64\bundled\libs\debugpy\launcher/../..\debugpy/..\debugpy\server\cli.py", line 501, in main
    run()
  File "c:\Users\gmanw\.vscode\extensions\ms-python.debugpy-2025.10.0-win32-x64\bundled\libs\debugpy\launcher/../..\debugpy/..\debugpy\server\cli.py", line 351, in run_file
    runpy.run_path(target, run_name="__main__")
  File "c:\Users\gmanw\.vscode\extensions\ms-python.debugpy-2025.10.0-win32-x64\bundled\libs\debugpy\_vendored\pydevd\_pydevd_bundle\pydevd_runpy.py", line 310, in run_path
    return _run_module_code(code, init_globals, run_name, pkg_name=pkg_name, script_name=fname)
  File "c:\Users\gmanw\.vscode\extensions\ms-python.debugpy-2025.10.0-win32-x64\bundled\libs\debugpy\_vendored\pydevd\_pydevd_bundle\pydevd_runpy.py", line 127, in _run_module_code
    _run_code(code, mod_globals, init_globals, mod_name, mod_spec, pkg_name, script_name)
  File "c:\Users\gmanw\.vscode\extensions\ms-python.debugpy-2025.10.0-win32-x64\bundled\libs\debugpy\_vendored\pydevd\_pydevd_bundle\pydevd_runpy.py", line 118, in _run_code
    exec(code, run_globals)
  File "D:\MusicProcessing\tests\test_audio_metadata.py", line 853, in <module>
    runner.run(suite)
  File "c:\Users\gmanw\AppData\Local\Programs\Python\Python312\Lib\unittest\runner.py", line 240, in run
    test(result)
  File "c:\Users\gmanw\AppData\Local\Programs\Python\Python312\Lib\unittest\suite.py", line 84, in __call__
    return self.run(*args, **kwds)
  File "c:\Users\gmanw\AppData\Local\Programs\Python\Python312\Lib\unittest\suite.py", line 122, in run
    test(result)
  File "c:\Users\gmanw\AppData\Local\Programs\Python\Python312\Lib\unittest\case.py", line 690, in __call__
    return self.run(*args, **kwds)
  File "c:\Users\gmanw\AppData\Local\Programs\Python\Python312\Lib\unittest\case.py", line 634, in run
    self._callTestMethod(testMethod)
  File "c:\Users\gmanw\AppData\Local\Programs\Python\Python312\Lib\unittest\case.py", line 589, in _callTestMethod
    if method() is not None:
  File "D:\MusicProcessing\tests\test_audio_metadata.py", line 558, in test_get_media_tags_invalid_file
    media_tags = metadata.get_media_tags(TEST_M3U)
  File "D:\MusicProcessing\src\audio_info\audio_metadata.py", line 757, in get_media_tags
    result = subprocess_utils.subprocess_run(command)
  File "D:\MusicProcessing\src\subprocess_utils.py", line 232, in subprocess_run
    logger.exception(f"CalledProcessError returncode: {cp_error.returncode} on command {cp_error.cmd}", stack_info=True)

2025-09-24 14:06:59,120 — src.audio_info.audio_metadata — ERROR — get_media_tags:767 — Exception CalledProcessError getting media tags for file D:\MusicProcessing\tests\Music\test.m3u
Traceback (most recent call last):
  File "D:\MusicProcessing\src\audio_info\audio_metadata.py", line 757, in get_media_tags
    result = subprocess_utils.subprocess_run(command)
             ^^^^^^^^^^^^^^^^^^^^^^^^^^^^^^^^^^^^^^^^
  File "D:\MusicProcessing\src\subprocess_utils.py", line 233, in subprocess_run
    raise cp_error
  File "D:\MusicProcessing\src\subprocess_utils.py", line 223, in subprocess_run
    process = subprocess.run(
              ^^^^^^^^^^^^^^^
  File "c:\Users\gmanw\AppData\Local\Programs\Python\Python312\Lib\subprocess.py", line 571, in run
    raise CalledProcessError(retcode, process.args,
subprocess.CalledProcessError: Command '['ffprobe', '-v', 'quiet', '-of', 'json', '-show_entries', 'format_tags', 'D:\\MusicProcessing\\tests\\Music\\test.m3u']' returned non-zero exit status 1.
Stack (most recent call last):
  File "c:\Users\gmanw\AppData\Local\Programs\Python\Python312\Lib\runpy.py", line 198, in _run_module_as_main
    return _run_code(code, main_globals, None,
  File "c:\Users\gmanw\AppData\Local\Programs\Python\Python312\Lib\runpy.py", line 88, in _run_code
    exec(code, run_globals)
  File "c:\Users\gmanw\.vscode\extensions\ms-python.debugpy-2025.10.0-win32-x64\bundled\libs\debugpy\launcher/../..\debugpy\__main__.py", line 71, in <module>
    cli.main()
  File "c:\Users\gmanw\.vscode\extensions\ms-python.debugpy-2025.10.0-win32-x64\bundled\libs\debugpy\launcher/../..\debugpy/..\debugpy\server\cli.py", line 501, in main
    run()
  File "c:\Users\gmanw\.vscode\extensions\ms-python.debugpy-2025.10.0-win32-x64\bundled\libs\debugpy\launcher/../..\debugpy/..\debugpy\server\cli.py", line 351, in run_file
    runpy.run_path(target, run_name="__main__")
  File "c:\Users\gmanw\.vscode\extensions\ms-python.debugpy-2025.10.0-win32-x64\bundled\libs\debugpy\_vendored\pydevd\_pydevd_bundle\pydevd_runpy.py", line 310, in run_path
    return _run_module_code(code, init_globals, run_name, pkg_name=pkg_name, script_name=fname)
  File "c:\Users\gmanw\.vscode\extensions\ms-python.debugpy-2025.10.0-win32-x64\bundled\libs\debugpy\_vendored\pydevd\_pydevd_bundle\pydevd_runpy.py", line 127, in _run_module_code
    _run_code(code, mod_globals, init_globals, mod_name, mod_spec, pkg_name, script_name)
  File "c:\Users\gmanw\.vscode\extensions\ms-python.debugpy-2025.10.0-win32-x64\bundled\libs\debugpy\_vendored\pydevd\_pydevd_bundle\pydevd_runpy.py", line 118, in _run_code
    exec(code, run_globals)
  File "D:\MusicProcessing\tests\test_audio_metadata.py", line 853, in <module>
    runner.run(suite)
  File "c:\Users\gmanw\AppData\Local\Programs\Python\Python312\Lib\unittest\runner.py", line 240, in run
    test(result)
  File "c:\Users\gmanw\AppData\Local\Programs\Python\Python312\Lib\unittest\suite.py", line 84, in __call__
    return self.run(*args, **kwds)
  File "c:\Users\gmanw\AppData\Local\Programs\Python\Python312\Lib\unittest\suite.py", line 122, in run
    test(result)
  File "c:\Users\gmanw\AppData\Local\Programs\Python\Python312\Lib\unittest\case.py", line 690, in __call__
    return self.run(*args, **kwds)
  File "c:\Users\gmanw\AppData\Local\Programs\Python\Python312\Lib\unittest\case.py", line 634, in run
    self._callTestMethod(testMethod)
  File "c:\Users\gmanw\AppData\Local\Programs\Python\Python312\Lib\unittest\case.py", line 589, in _callTestMethod
    if method() is not None:
  File "D:\MusicProcessing\tests\test_audio_metadata.py", line 558, in test_get_media_tags_invalid_file
    media_tags = metadata.get_media_tags(TEST_M3U)
  File "D:\MusicProcessing\src\audio_info\audio_metadata.py", line 767, in get_media_tags
    logger.exception(f"Exception {type(e_error).__name__} getting media tags for file {file_path}", stack_info=True)

2025-09-24 14:07:00,077 — src.audio_info.audio_metadata — ERROR — has_art_tag:936 — MusicProcessingError with file: D:\MusicProcessing\tests\Music\test has invalid extension: .m3u
NoneType: None

2025-09-24 14:07:00,101 — src.audio_info.audio_metadata — ERROR — load_any_file:982 — ValueError loading D:\MusicProcessing\tests\Music\test.m3u returned None
NoneType: None

2025-09-24 14:07:00,104 — src.audio_info.audio_metadata — ERROR — load_any_file:986 — MutagenError [Errno 2] No such file or directory: 'D:\\MusicProcessing\\tests\\Music\\Non-extant.wav' loading D:\MusicProcessing\tests\Music\Non-extant.wav
Traceback (most recent call last):
  File "c:\Users\gmanw\AppData\Local\Programs\Python\Python312\Lib\site-packages\mutagen\_util.py", line 251, in _openfile
    fileobj = open(filename, "rb+" if writable else "rb")
              ^^^^^^^^^^^^^^^^^^^^^^^^^^^^^^^^^^^^^^^^^^^
FileNotFoundError: [Errno 2] No such file or directory: 'D:\\MusicProcessing\\tests\\Music\\Non-extant.wav'

During handling of the above exception, another exception occurred:

Traceback (most recent call last):
  File "D:\MusicProcessing\src\audio_info\audio_metadata.py", line 978, in load_any_file
    audio_file = mutagen.File(file_path)
                 ^^^^^^^^^^^^^^^^^^^^^^^
  File "c:\Users\gmanw\AppData\Local\Programs\Python\Python312\Lib\site-packages\mutagen\_util.py", line 162, in wrapper_func
    with _openfile(None, filething, filename, fileobj,
  File "c:\Users\gmanw\AppData\Local\Programs\Python\Python312\Lib\contextlib.py", line 137, in __enter__
    return next(self.gen)
           ^^^^^^^^^^^^^^
  File "c:\Users\gmanw\AppData\Local\Programs\Python\Python312\Lib\site-packages\mutagen\_util.py", line 272, in _openfile
    raise MutagenError(e)
mutagen.MutagenError: [Errno 2] No such file or directory: 'D:\\MusicProcessing\\tests\\Music\\Non-extant.wav'

2025-09-24 14:12:41,471 — src.subprocess_utils — ERROR — popen_pipe:77 — RuntimeError running command ffprobe -v quiet -show_format -show_streams 'D:\MusicProcessing\tests\Music\test.m3u'
NoneType: None

2025-09-24 14:12:41,471 — src.audio_info.audio_metadata — ERROR — get_media_info:666 — Exception getting media info for file D:\MusicProcessing\tests\Music\test.m3u
Traceback (most recent call last):
  File "D:\MusicProcessing\src\audio_info\audio_metadata.py", line 606, in get_media_info
    output = subprocess_utils.popen_pipe(command)
             ^^^^^^^^^^^^^^^^^^^^^^^^^^^^^^^^^^^^
  File "D:\MusicProcessing\src\subprocess_utils.py", line 81, in popen_pipe
    raise r_error
  File "D:\MusicProcessing\src\subprocess_utils.py", line 78, in popen_pipe
    raise RuntimeError(f"RuntimeError running command {shlex.join(command)}")
RuntimeError: RuntimeError running command ffprobe -v quiet -show_format -show_streams 'D:\MusicProcessing\tests\Music\test.m3u'

2025-09-24 14:12:41,737 — src.subprocess_utils — ERROR — subprocess_run:232 — CalledProcessError returncode: 1 on command ['ffprobe', '-v', 'quiet', '-of', 'json', '-show_entries', 'format_tags', 'D:\\MusicProcessing\\tests\\Music\\test.m3u']
Traceback (most recent call last):
  File "D:\MusicProcessing\src\subprocess_utils.py", line 223, in subprocess_run
    process = subprocess.run(
              ^^^^^^^^^^^^^^^
  File "c:\Users\gmanw\AppData\Local\Programs\Python\Python312\Lib\subprocess.py", line 571, in run
    raise CalledProcessError(retcode, process.args,
subprocess.CalledProcessError: Command '['ffprobe', '-v', 'quiet', '-of', 'json', '-show_entries', 'format_tags', 'D:\\MusicProcessing\\tests\\Music\\test.m3u']' returned non-zero exit status 1.
Stack (most recent call last):
  File "c:\Users\gmanw\AppData\Local\Programs\Python\Python312\Lib\runpy.py", line 198, in _run_module_as_main
    return _run_code(code, main_globals, None,
  File "c:\Users\gmanw\AppData\Local\Programs\Python\Python312\Lib\runpy.py", line 88, in _run_code
    exec(code, run_globals)
  File "c:\Users\gmanw\.vscode\extensions\ms-python.debugpy-2025.10.0-win32-x64\bundled\libs\debugpy\launcher/../..\debugpy\__main__.py", line 71, in <module>
    cli.main()
  File "c:\Users\gmanw\.vscode\extensions\ms-python.debugpy-2025.10.0-win32-x64\bundled\libs\debugpy\launcher/../..\debugpy/..\debugpy\server\cli.py", line 501, in main
    run()
  File "c:\Users\gmanw\.vscode\extensions\ms-python.debugpy-2025.10.0-win32-x64\bundled\libs\debugpy\launcher/../..\debugpy/..\debugpy\server\cli.py", line 351, in run_file
    runpy.run_path(target, run_name="__main__")
  File "c:\Users\gmanw\.vscode\extensions\ms-python.debugpy-2025.10.0-win32-x64\bundled\libs\debugpy\_vendored\pydevd\_pydevd_bundle\pydevd_runpy.py", line 310, in run_path
    return _run_module_code(code, init_globals, run_name, pkg_name=pkg_name, script_name=fname)
  File "c:\Users\gmanw\.vscode\extensions\ms-python.debugpy-2025.10.0-win32-x64\bundled\libs\debugpy\_vendored\pydevd\_pydevd_bundle\pydevd_runpy.py", line 127, in _run_module_code
    _run_code(code, mod_globals, init_globals, mod_name, mod_spec, pkg_name, script_name)
  File "c:\Users\gmanw\.vscode\extensions\ms-python.debugpy-2025.10.0-win32-x64\bundled\libs\debugpy\_vendored\pydevd\_pydevd_bundle\pydevd_runpy.py", line 118, in _run_code
    exec(code, run_globals)
  File "D:\MusicProcessing\tests\test_audio_metadata.py", line 853, in <module>
    runner.run(suite)
  File "c:\Users\gmanw\AppData\Local\Programs\Python\Python312\Lib\unittest\runner.py", line 240, in run
    test(result)
  File "c:\Users\gmanw\AppData\Local\Programs\Python\Python312\Lib\unittest\suite.py", line 84, in __call__
    return self.run(*args, **kwds)
  File "c:\Users\gmanw\AppData\Local\Programs\Python\Python312\Lib\unittest\suite.py", line 122, in run
    test(result)
  File "c:\Users\gmanw\AppData\Local\Programs\Python\Python312\Lib\unittest\case.py", line 690, in __call__
    return self.run(*args, **kwds)
  File "c:\Users\gmanw\AppData\Local\Programs\Python\Python312\Lib\unittest\case.py", line 634, in run
    self._callTestMethod(testMethod)
  File "c:\Users\gmanw\AppData\Local\Programs\Python\Python312\Lib\unittest\case.py", line 589, in _callTestMethod
    if method() is not None:
  File "D:\MusicProcessing\tests\test_audio_metadata.py", line 558, in test_get_media_tags_invalid_file
    media_tags = metadata.get_media_tags(TEST_M3U)
  File "D:\MusicProcessing\src\audio_info\audio_metadata.py", line 757, in get_media_tags
    result = subprocess_utils.subprocess_run(command)
  File "D:\MusicProcessing\src\subprocess_utils.py", line 232, in subprocess_run
    logger.exception(f"CalledProcessError returncode: {cp_error.returncode} on command {cp_error.cmd}", stack_info=True)

2025-09-24 14:12:41,737 — src.audio_info.audio_metadata — ERROR — get_media_tags:767 — Exception CalledProcessError getting media tags for file D:\MusicProcessing\tests\Music\test.m3u
Traceback (most recent call last):
  File "D:\MusicProcessing\src\audio_info\audio_metadata.py", line 757, in get_media_tags
    result = subprocess_utils.subprocess_run(command)
             ^^^^^^^^^^^^^^^^^^^^^^^^^^^^^^^^^^^^^^^^
  File "D:\MusicProcessing\src\subprocess_utils.py", line 233, in subprocess_run
    raise cp_error
  File "D:\MusicProcessing\src\subprocess_utils.py", line 223, in subprocess_run
    process = subprocess.run(
              ^^^^^^^^^^^^^^^
  File "c:\Users\gmanw\AppData\Local\Programs\Python\Python312\Lib\subprocess.py", line 571, in run
    raise CalledProcessError(retcode, process.args,
subprocess.CalledProcessError: Command '['ffprobe', '-v', 'quiet', '-of', 'json', '-show_entries', 'format_tags', 'D:\\MusicProcessing\\tests\\Music\\test.m3u']' returned non-zero exit status 1.
Stack (most recent call last):
  File "c:\Users\gmanw\AppData\Local\Programs\Python\Python312\Lib\runpy.py", line 198, in _run_module_as_main
    return _run_code(code, main_globals, None,
  File "c:\Users\gmanw\AppData\Local\Programs\Python\Python312\Lib\runpy.py", line 88, in _run_code
    exec(code, run_globals)
  File "c:\Users\gmanw\.vscode\extensions\ms-python.debugpy-2025.10.0-win32-x64\bundled\libs\debugpy\launcher/../..\debugpy\__main__.py", line 71, in <module>
    cli.main()
  File "c:\Users\gmanw\.vscode\extensions\ms-python.debugpy-2025.10.0-win32-x64\bundled\libs\debugpy\launcher/../..\debugpy/..\debugpy\server\cli.py", line 501, in main
    run()
  File "c:\Users\gmanw\.vscode\extensions\ms-python.debugpy-2025.10.0-win32-x64\bundled\libs\debugpy\launcher/../..\debugpy/..\debugpy\server\cli.py", line 351, in run_file
    runpy.run_path(target, run_name="__main__")
  File "c:\Users\gmanw\.vscode\extensions\ms-python.debugpy-2025.10.0-win32-x64\bundled\libs\debugpy\_vendored\pydevd\_pydevd_bundle\pydevd_runpy.py", line 310, in run_path
    return _run_module_code(code, init_globals, run_name, pkg_name=pkg_name, script_name=fname)
  File "c:\Users\gmanw\.vscode\extensions\ms-python.debugpy-2025.10.0-win32-x64\bundled\libs\debugpy\_vendored\pydevd\_pydevd_bundle\pydevd_runpy.py", line 127, in _run_module_code
    _run_code(code, mod_globals, init_globals, mod_name, mod_spec, pkg_name, script_name)
  File "c:\Users\gmanw\.vscode\extensions\ms-python.debugpy-2025.10.0-win32-x64\bundled\libs\debugpy\_vendored\pydevd\_pydevd_bundle\pydevd_runpy.py", line 118, in _run_code
    exec(code, run_globals)
  File "D:\MusicProcessing\tests\test_audio_metadata.py", line 853, in <module>
    runner.run(suite)
  File "c:\Users\gmanw\AppData\Local\Programs\Python\Python312\Lib\unittest\runner.py", line 240, in run
    test(result)
  File "c:\Users\gmanw\AppData\Local\Programs\Python\Python312\Lib\unittest\suite.py", line 84, in __call__
    return self.run(*args, **kwds)
  File "c:\Users\gmanw\AppData\Local\Programs\Python\Python312\Lib\unittest\suite.py", line 122, in run
    test(result)
  File "c:\Users\gmanw\AppData\Local\Programs\Python\Python312\Lib\unittest\case.py", line 690, in __call__
    return self.run(*args, **kwds)
  File "c:\Users\gmanw\AppData\Local\Programs\Python\Python312\Lib\unittest\case.py", line 634, in run
    self._callTestMethod(testMethod)
  File "c:\Users\gmanw\AppData\Local\Programs\Python\Python312\Lib\unittest\case.py", line 589, in _callTestMethod
    if method() is not None:
  File "D:\MusicProcessing\tests\test_audio_metadata.py", line 558, in test_get_media_tags_invalid_file
    media_tags = metadata.get_media_tags(TEST_M3U)
  File "D:\MusicProcessing\src\audio_info\audio_metadata.py", line 767, in get_media_tags
    logger.exception(f"Exception {type(e_error).__name__} getting media tags for file {file_path}", stack_info=True)

2025-09-24 14:12:42,648 — src.audio_info.audio_metadata — ERROR — has_art_tag:936 — MusicProcessingError with file: D:\MusicProcessing\tests\Music\test has invalid extension: .m3u
NoneType: None

2025-09-24 14:12:42,688 — src.audio_info.audio_metadata — ERROR — load_any_file:982 — ValueError loading D:\MusicProcessing\tests\Music\test.m3u returned None
NoneType: None

2025-09-24 14:12:42,689 — src.audio_info.audio_metadata — ERROR — load_any_file:986 — MutagenError [Errno 2] No such file or directory: 'D:\\MusicProcessing\\tests\\Music\\Non-extant.wav' loading D:\MusicProcessing\tests\Music\Non-extant.wav
Traceback (most recent call last):
  File "c:\Users\gmanw\AppData\Local\Programs\Python\Python312\Lib\site-packages\mutagen\_util.py", line 251, in _openfile
    fileobj = open(filename, "rb+" if writable else "rb")
              ^^^^^^^^^^^^^^^^^^^^^^^^^^^^^^^^^^^^^^^^^^^
FileNotFoundError: [Errno 2] No such file or directory: 'D:\\MusicProcessing\\tests\\Music\\Non-extant.wav'

During handling of the above exception, another exception occurred:

Traceback (most recent call last):
  File "D:\MusicProcessing\src\audio_info\audio_metadata.py", line 978, in load_any_file
    audio_file = mutagen.File(file_path)
                 ^^^^^^^^^^^^^^^^^^^^^^^
  File "c:\Users\gmanw\AppData\Local\Programs\Python\Python312\Lib\site-packages\mutagen\_util.py", line 162, in wrapper_func
    with _openfile(None, filething, filename, fileobj,
  File "c:\Users\gmanw\AppData\Local\Programs\Python\Python312\Lib\contextlib.py", line 137, in __enter__
    return next(self.gen)
           ^^^^^^^^^^^^^^
  File "c:\Users\gmanw\AppData\Local\Programs\Python\Python312\Lib\site-packages\mutagen\_util.py", line 272, in _openfile
    raise MutagenError(e)
mutagen.MutagenError: [Errno 2] No such file or directory: 'D:\\MusicProcessing\\tests\\Music\\Non-extant.wav'

2025-09-24 14:18:47,449 — src.subprocess_utils — ERROR — popen_pipe:77 — RuntimeError running command ffprobe -v quiet -show_format -show_streams 'D:\MusicProcessing\tests\Music\test.m3u'
NoneType: None

2025-09-24 14:18:47,450 — src.audio_info.audio_metadata — ERROR — get_media_info:666 — Exception getting media info for file D:\MusicProcessing\tests\Music\test.m3u
Traceback (most recent call last):
  File "D:\MusicProcessing\src\audio_info\audio_metadata.py", line 606, in get_media_info
    output = subprocess_utils.popen_pipe(command)
             ^^^^^^^^^^^^^^^^^^^^^^^^^^^^^^^^^^^^
  File "D:\MusicProcessing\src\subprocess_utils.py", line 81, in popen_pipe
    raise r_error
  File "D:\MusicProcessing\src\subprocess_utils.py", line 78, in popen_pipe
    raise RuntimeError(f"RuntimeError running command {shlex.join(command)}")
RuntimeError: RuntimeError running command ffprobe -v quiet -show_format -show_streams 'D:\MusicProcessing\tests\Music\test.m3u'

2025-09-24 14:18:47,699 — src.subprocess_utils — ERROR — subprocess_run:232 — CalledProcessError returncode: 1 on command ['ffprobe', '-v', 'quiet', '-of', 'json', '-show_entries', 'format_tags', 'D:\\MusicProcessing\\tests\\Music\\test.m3u']
Traceback (most recent call last):
  File "D:\MusicProcessing\src\subprocess_utils.py", line 223, in subprocess_run
    process = subprocess.run(
              ^^^^^^^^^^^^^^^
  File "c:\Users\gmanw\AppData\Local\Programs\Python\Python312\Lib\subprocess.py", line 571, in run
    raise CalledProcessError(retcode, process.args,
subprocess.CalledProcessError: Command '['ffprobe', '-v', 'quiet', '-of', 'json', '-show_entries', 'format_tags', 'D:\\MusicProcessing\\tests\\Music\\test.m3u']' returned non-zero exit status 1.
Stack (most recent call last):
  File "c:\Users\gmanw\AppData\Local\Programs\Python\Python312\Lib\runpy.py", line 198, in _run_module_as_main
    return _run_code(code, main_globals, None,
  File "c:\Users\gmanw\AppData\Local\Programs\Python\Python312\Lib\runpy.py", line 88, in _run_code
    exec(code, run_globals)
  File "c:\Users\gmanw\.vscode\extensions\ms-python.debugpy-2025.10.0-win32-x64\bundled\libs\debugpy\launcher/../..\debugpy\__main__.py", line 71, in <module>
    cli.main()
  File "c:\Users\gmanw\.vscode\extensions\ms-python.debugpy-2025.10.0-win32-x64\bundled\libs\debugpy\launcher/../..\debugpy/..\debugpy\server\cli.py", line 501, in main
    run()
  File "c:\Users\gmanw\.vscode\extensions\ms-python.debugpy-2025.10.0-win32-x64\bundled\libs\debugpy\launcher/../..\debugpy/..\debugpy\server\cli.py", line 351, in run_file
    runpy.run_path(target, run_name="__main__")
  File "c:\Users\gmanw\.vscode\extensions\ms-python.debugpy-2025.10.0-win32-x64\bundled\libs\debugpy\_vendored\pydevd\_pydevd_bundle\pydevd_runpy.py", line 310, in run_path
    return _run_module_code(code, init_globals, run_name, pkg_name=pkg_name, script_name=fname)
  File "c:\Users\gmanw\.vscode\extensions\ms-python.debugpy-2025.10.0-win32-x64\bundled\libs\debugpy\_vendored\pydevd\_pydevd_bundle\pydevd_runpy.py", line 127, in _run_module_code
    _run_code(code, mod_globals, init_globals, mod_name, mod_spec, pkg_name, script_name)
  File "c:\Users\gmanw\.vscode\extensions\ms-python.debugpy-2025.10.0-win32-x64\bundled\libs\debugpy\_vendored\pydevd\_pydevd_bundle\pydevd_runpy.py", line 118, in _run_code
    exec(code, run_globals)
  File "D:\MusicProcessing\tests\test_audio_metadata.py", line 853, in <module>
    runner.run(suite)
  File "c:\Users\gmanw\AppData\Local\Programs\Python\Python312\Lib\unittest\runner.py", line 240, in run
    test(result)
  File "c:\Users\gmanw\AppData\Local\Programs\Python\Python312\Lib\unittest\suite.py", line 84, in __call__
    return self.run(*args, **kwds)
  File "c:\Users\gmanw\AppData\Local\Programs\Python\Python312\Lib\unittest\suite.py", line 122, in run
    test(result)
  File "c:\Users\gmanw\AppData\Local\Programs\Python\Python312\Lib\unittest\case.py", line 690, in __call__
    return self.run(*args, **kwds)
  File "c:\Users\gmanw\AppData\Local\Programs\Python\Python312\Lib\unittest\case.py", line 634, in run
    self._callTestMethod(testMethod)
  File "c:\Users\gmanw\AppData\Local\Programs\Python\Python312\Lib\unittest\case.py", line 589, in _callTestMethod
    if method() is not None:
  File "D:\MusicProcessing\tests\test_audio_metadata.py", line 558, in test_get_media_tags_invalid_file
    media_tags = metadata.get_media_tags(TEST_M3U)
  File "D:\MusicProcessing\src\audio_info\audio_metadata.py", line 757, in get_media_tags
    result = subprocess_utils.subprocess_run(command)
  File "D:\MusicProcessing\src\subprocess_utils.py", line 232, in subprocess_run
    logger.exception(f"CalledProcessError returncode: {cp_error.returncode} on command {cp_error.cmd}", stack_info=True)

2025-09-24 14:18:47,702 — src.audio_info.audio_metadata — ERROR — get_media_tags:767 — Exception CalledProcessError getting media tags for file D:\MusicProcessing\tests\Music\test.m3u
Traceback (most recent call last):
  File "D:\MusicProcessing\src\audio_info\audio_metadata.py", line 757, in get_media_tags
    result = subprocess_utils.subprocess_run(command)
             ^^^^^^^^^^^^^^^^^^^^^^^^^^^^^^^^^^^^^^^^
  File "D:\MusicProcessing\src\subprocess_utils.py", line 233, in subprocess_run
    raise cp_error
  File "D:\MusicProcessing\src\subprocess_utils.py", line 223, in subprocess_run
    process = subprocess.run(
              ^^^^^^^^^^^^^^^
  File "c:\Users\gmanw\AppData\Local\Programs\Python\Python312\Lib\subprocess.py", line 571, in run
    raise CalledProcessError(retcode, process.args,
subprocess.CalledProcessError: Command '['ffprobe', '-v', 'quiet', '-of', 'json', '-show_entries', 'format_tags', 'D:\\MusicProcessing\\tests\\Music\\test.m3u']' returned non-zero exit status 1.
Stack (most recent call last):
  File "c:\Users\gmanw\AppData\Local\Programs\Python\Python312\Lib\runpy.py", line 198, in _run_module_as_main
    return _run_code(code, main_globals, None,
  File "c:\Users\gmanw\AppData\Local\Programs\Python\Python312\Lib\runpy.py", line 88, in _run_code
    exec(code, run_globals)
  File "c:\Users\gmanw\.vscode\extensions\ms-python.debugpy-2025.10.0-win32-x64\bundled\libs\debugpy\launcher/../..\debugpy\__main__.py", line 71, in <module>
    cli.main()
  File "c:\Users\gmanw\.vscode\extensions\ms-python.debugpy-2025.10.0-win32-x64\bundled\libs\debugpy\launcher/../..\debugpy/..\debugpy\server\cli.py", line 501, in main
    run()
  File "c:\Users\gmanw\.vscode\extensions\ms-python.debugpy-2025.10.0-win32-x64\bundled\libs\debugpy\launcher/../..\debugpy/..\debugpy\server\cli.py", line 351, in run_file
    runpy.run_path(target, run_name="__main__")
  File "c:\Users\gmanw\.vscode\extensions\ms-python.debugpy-2025.10.0-win32-x64\bundled\libs\debugpy\_vendored\pydevd\_pydevd_bundle\pydevd_runpy.py", line 310, in run_path
    return _run_module_code(code, init_globals, run_name, pkg_name=pkg_name, script_name=fname)
  File "c:\Users\gmanw\.vscode\extensions\ms-python.debugpy-2025.10.0-win32-x64\bundled\libs\debugpy\_vendored\pydevd\_pydevd_bundle\pydevd_runpy.py", line 127, in _run_module_code
    _run_code(code, mod_globals, init_globals, mod_name, mod_spec, pkg_name, script_name)
  File "c:\Users\gmanw\.vscode\extensions\ms-python.debugpy-2025.10.0-win32-x64\bundled\libs\debugpy\_vendored\pydevd\_pydevd_bundle\pydevd_runpy.py", line 118, in _run_code
    exec(code, run_globals)
  File "D:\MusicProcessing\tests\test_audio_metadata.py", line 853, in <module>
    runner.run(suite)
  File "c:\Users\gmanw\AppData\Local\Programs\Python\Python312\Lib\unittest\runner.py", line 240, in run
    test(result)
  File "c:\Users\gmanw\AppData\Local\Programs\Python\Python312\Lib\unittest\suite.py", line 84, in __call__
    return self.run(*args, **kwds)
  File "c:\Users\gmanw\AppData\Local\Programs\Python\Python312\Lib\unittest\suite.py", line 122, in run
    test(result)
  File "c:\Users\gmanw\AppData\Local\Programs\Python\Python312\Lib\unittest\case.py", line 690, in __call__
    return self.run(*args, **kwds)
  File "c:\Users\gmanw\AppData\Local\Programs\Python\Python312\Lib\unittest\case.py", line 634, in run
    self._callTestMethod(testMethod)
  File "c:\Users\gmanw\AppData\Local\Programs\Python\Python312\Lib\unittest\case.py", line 589, in _callTestMethod
    if method() is not None:
  File "D:\MusicProcessing\tests\test_audio_metadata.py", line 558, in test_get_media_tags_invalid_file
    media_tags = metadata.get_media_tags(TEST_M3U)
  File "D:\MusicProcessing\src\audio_info\audio_metadata.py", line 767, in get_media_tags
    logger.exception(f"Exception {type(e_error).__name__} getting media tags for file {file_path}", stack_info=True)

2025-09-24 14:18:48,609 — src.audio_info.audio_metadata — ERROR — has_art_tag:936 — MusicProcessingError with file: D:\MusicProcessing\tests\Music\test has invalid extension: .m3u
NoneType: None

2025-09-24 14:18:48,648 — src.audio_info.audio_metadata — ERROR — load_any_file:982 — ValueError loading D:\MusicProcessing\tests\Music\test.m3u returned None
NoneType: None

2025-09-24 14:18:48,649 — src.audio_info.audio_metadata — ERROR — load_any_file:986 — MutagenError [Errno 2] No such file or directory: 'D:\\MusicProcessing\\tests\\Music\\Non-extant.wav' loading D:\MusicProcessing\tests\Music\Non-extant.wav
Traceback (most recent call last):
  File "c:\Users\gmanw\AppData\Local\Programs\Python\Python312\Lib\site-packages\mutagen\_util.py", line 251, in _openfile
    fileobj = open(filename, "rb+" if writable else "rb")
              ^^^^^^^^^^^^^^^^^^^^^^^^^^^^^^^^^^^^^^^^^^^
FileNotFoundError: [Errno 2] No such file or directory: 'D:\\MusicProcessing\\tests\\Music\\Non-extant.wav'

During handling of the above exception, another exception occurred:

Traceback (most recent call last):
  File "D:\MusicProcessing\src\audio_info\audio_metadata.py", line 978, in load_any_file
    audio_file = mutagen.File(file_path)
                 ^^^^^^^^^^^^^^^^^^^^^^^
  File "c:\Users\gmanw\AppData\Local\Programs\Python\Python312\Lib\site-packages\mutagen\_util.py", line 162, in wrapper_func
    with _openfile(None, filething, filename, fileobj,
  File "c:\Users\gmanw\AppData\Local\Programs\Python\Python312\Lib\contextlib.py", line 137, in __enter__
    return next(self.gen)
           ^^^^^^^^^^^^^^
  File "c:\Users\gmanw\AppData\Local\Programs\Python\Python312\Lib\site-packages\mutagen\_util.py", line 272, in _openfile
    raise MutagenError(e)
mutagen.MutagenError: [Errno 2] No such file or directory: 'D:\\MusicProcessing\\tests\\Music\\Non-extant.wav'

2025-09-24 14:19:56,677 — src.subprocess_utils — ERROR — popen_pipe:77 — RuntimeError running command ffprobe -v quiet -show_format -show_streams 'D:\MusicProcessing\tests\Music\test.m3u'
NoneType: None

2025-09-24 14:19:56,678 — src.audio_info.audio_metadata — ERROR — get_media_info:666 — Exception getting media info for file D:\MusicProcessing\tests\Music\test.m3u
Traceback (most recent call last):
  File "D:\MusicProcessing\src\audio_info\audio_metadata.py", line 606, in get_media_info
    output = subprocess_utils.popen_pipe(command)
             ^^^^^^^^^^^^^^^^^^^^^^^^^^^^^^^^^^^^
  File "D:\MusicProcessing\src\subprocess_utils.py", line 81, in popen_pipe
    raise r_error
  File "D:\MusicProcessing\src\subprocess_utils.py", line 78, in popen_pipe
    raise RuntimeError(f"RuntimeError running command {shlex.join(command)}")
RuntimeError: RuntimeError running command ffprobe -v quiet -show_format -show_streams 'D:\MusicProcessing\tests\Music\test.m3u'

2025-09-24 14:19:56,928 — src.subprocess_utils — ERROR — subprocess_run:232 — CalledProcessError returncode: 1 on command ['ffprobe', '-v', 'quiet', '-of', 'json', '-show_entries', 'format_tags', 'D:\\MusicProcessing\\tests\\Music\\test.m3u']
Traceback (most recent call last):
  File "D:\MusicProcessing\src\subprocess_utils.py", line 223, in subprocess_run
    process = subprocess.run(
              ^^^^^^^^^^^^^^^
  File "c:\Users\gmanw\AppData\Local\Programs\Python\Python312\Lib\subprocess.py", line 571, in run
    raise CalledProcessError(retcode, process.args,
subprocess.CalledProcessError: Command '['ffprobe', '-v', 'quiet', '-of', 'json', '-show_entries', 'format_tags', 'D:\\MusicProcessing\\tests\\Music\\test.m3u']' returned non-zero exit status 1.
Stack (most recent call last):
  File "c:\Users\gmanw\AppData\Local\Programs\Python\Python312\Lib\runpy.py", line 198, in _run_module_as_main
    return _run_code(code, main_globals, None,
  File "c:\Users\gmanw\AppData\Local\Programs\Python\Python312\Lib\runpy.py", line 88, in _run_code
    exec(code, run_globals)
  File "c:\Users\gmanw\.vscode\extensions\ms-python.debugpy-2025.10.0-win32-x64\bundled\libs\debugpy\launcher/../..\debugpy\__main__.py", line 71, in <module>
    cli.main()
  File "c:\Users\gmanw\.vscode\extensions\ms-python.debugpy-2025.10.0-win32-x64\bundled\libs\debugpy\launcher/../..\debugpy/..\debugpy\server\cli.py", line 501, in main
    run()
  File "c:\Users\gmanw\.vscode\extensions\ms-python.debugpy-2025.10.0-win32-x64\bundled\libs\debugpy\launcher/../..\debugpy/..\debugpy\server\cli.py", line 351, in run_file
    runpy.run_path(target, run_name="__main__")
  File "c:\Users\gmanw\.vscode\extensions\ms-python.debugpy-2025.10.0-win32-x64\bundled\libs\debugpy\_vendored\pydevd\_pydevd_bundle\pydevd_runpy.py", line 310, in run_path
    return _run_module_code(code, init_globals, run_name, pkg_name=pkg_name, script_name=fname)
  File "c:\Users\gmanw\.vscode\extensions\ms-python.debugpy-2025.10.0-win32-x64\bundled\libs\debugpy\_vendored\pydevd\_pydevd_bundle\pydevd_runpy.py", line 127, in _run_module_code
    _run_code(code, mod_globals, init_globals, mod_name, mod_spec, pkg_name, script_name)
  File "c:\Users\gmanw\.vscode\extensions\ms-python.debugpy-2025.10.0-win32-x64\bundled\libs\debugpy\_vendored\pydevd\_pydevd_bundle\pydevd_runpy.py", line 118, in _run_code
    exec(code, run_globals)
  File "D:\MusicProcessing\tests\test_audio_metadata.py", line 853, in <module>
    runner.run(suite)
  File "c:\Users\gmanw\AppData\Local\Programs\Python\Python312\Lib\unittest\runner.py", line 240, in run
    test(result)
  File "c:\Users\gmanw\AppData\Local\Programs\Python\Python312\Lib\unittest\suite.py", line 84, in __call__
    return self.run(*args, **kwds)
  File "c:\Users\gmanw\AppData\Local\Programs\Python\Python312\Lib\unittest\suite.py", line 122, in run
    test(result)
  File "c:\Users\gmanw\AppData\Local\Programs\Python\Python312\Lib\unittest\case.py", line 690, in __call__
    return self.run(*args, **kwds)
  File "c:\Users\gmanw\AppData\Local\Programs\Python\Python312\Lib\unittest\case.py", line 634, in run
    self._callTestMethod(testMethod)
  File "c:\Users\gmanw\AppData\Local\Programs\Python\Python312\Lib\unittest\case.py", line 589, in _callTestMethod
    if method() is not None:
  File "D:\MusicProcessing\tests\test_audio_metadata.py", line 558, in test_get_media_tags_invalid_file
    media_tags = metadata.get_media_tags(TEST_M3U)
  File "D:\MusicProcessing\src\audio_info\audio_metadata.py", line 757, in get_media_tags
    result = subprocess_utils.subprocess_run(command)
  File "D:\MusicProcessing\src\subprocess_utils.py", line 232, in subprocess_run
    logger.exception(f"CalledProcessError returncode: {cp_error.returncode} on command {cp_error.cmd}", stack_info=True)

2025-09-24 14:19:56,931 — src.audio_info.audio_metadata — ERROR — get_media_tags:767 — Exception CalledProcessError getting media tags for file D:\MusicProcessing\tests\Music\test.m3u
Traceback (most recent call last):
  File "D:\MusicProcessing\src\audio_info\audio_metadata.py", line 757, in get_media_tags
    result = subprocess_utils.subprocess_run(command)
             ^^^^^^^^^^^^^^^^^^^^^^^^^^^^^^^^^^^^^^^^
  File "D:\MusicProcessing\src\subprocess_utils.py", line 233, in subprocess_run
    raise cp_error
  File "D:\MusicProcessing\src\subprocess_utils.py", line 223, in subprocess_run
    process = subprocess.run(
              ^^^^^^^^^^^^^^^
  File "c:\Users\gmanw\AppData\Local\Programs\Python\Python312\Lib\subprocess.py", line 571, in run
    raise CalledProcessError(retcode, process.args,
subprocess.CalledProcessError: Command '['ffprobe', '-v', 'quiet', '-of', 'json', '-show_entries', 'format_tags', 'D:\\MusicProcessing\\tests\\Music\\test.m3u']' returned non-zero exit status 1.
Stack (most recent call last):
  File "c:\Users\gmanw\AppData\Local\Programs\Python\Python312\Lib\runpy.py", line 198, in _run_module_as_main
    return _run_code(code, main_globals, None,
  File "c:\Users\gmanw\AppData\Local\Programs\Python\Python312\Lib\runpy.py", line 88, in _run_code
    exec(code, run_globals)
  File "c:\Users\gmanw\.vscode\extensions\ms-python.debugpy-2025.10.0-win32-x64\bundled\libs\debugpy\launcher/../..\debugpy\__main__.py", line 71, in <module>
    cli.main()
  File "c:\Users\gmanw\.vscode\extensions\ms-python.debugpy-2025.10.0-win32-x64\bundled\libs\debugpy\launcher/../..\debugpy/..\debugpy\server\cli.py", line 501, in main
    run()
  File "c:\Users\gmanw\.vscode\extensions\ms-python.debugpy-2025.10.0-win32-x64\bundled\libs\debugpy\launcher/../..\debugpy/..\debugpy\server\cli.py", line 351, in run_file
    runpy.run_path(target, run_name="__main__")
  File "c:\Users\gmanw\.vscode\extensions\ms-python.debugpy-2025.10.0-win32-x64\bundled\libs\debugpy\_vendored\pydevd\_pydevd_bundle\pydevd_runpy.py", line 310, in run_path
    return _run_module_code(code, init_globals, run_name, pkg_name=pkg_name, script_name=fname)
  File "c:\Users\gmanw\.vscode\extensions\ms-python.debugpy-2025.10.0-win32-x64\bundled\libs\debugpy\_vendored\pydevd\_pydevd_bundle\pydevd_runpy.py", line 127, in _run_module_code
    _run_code(code, mod_globals, init_globals, mod_name, mod_spec, pkg_name, script_name)
  File "c:\Users\gmanw\.vscode\extensions\ms-python.debugpy-2025.10.0-win32-x64\bundled\libs\debugpy\_vendored\pydevd\_pydevd_bundle\pydevd_runpy.py", line 118, in _run_code
    exec(code, run_globals)
  File "D:\MusicProcessing\tests\test_audio_metadata.py", line 853, in <module>
    runner.run(suite)
  File "c:\Users\gmanw\AppData\Local\Programs\Python\Python312\Lib\unittest\runner.py", line 240, in run
    test(result)
  File "c:\Users\gmanw\AppData\Local\Programs\Python\Python312\Lib\unittest\suite.py", line 84, in __call__
    return self.run(*args, **kwds)
  File "c:\Users\gmanw\AppData\Local\Programs\Python\Python312\Lib\unittest\suite.py", line 122, in run
    test(result)
  File "c:\Users\gmanw\AppData\Local\Programs\Python\Python312\Lib\unittest\case.py", line 690, in __call__
    return self.run(*args, **kwds)
  File "c:\Users\gmanw\AppData\Local\Programs\Python\Python312\Lib\unittest\case.py", line 634, in run
    self._callTestMethod(testMethod)
  File "c:\Users\gmanw\AppData\Local\Programs\Python\Python312\Lib\unittest\case.py", line 589, in _callTestMethod
    if method() is not None:
  File "D:\MusicProcessing\tests\test_audio_metadata.py", line 558, in test_get_media_tags_invalid_file
    media_tags = metadata.get_media_tags(TEST_M3U)
  File "D:\MusicProcessing\src\audio_info\audio_metadata.py", line 767, in get_media_tags
    logger.exception(f"Exception {type(e_error).__name__} getting media tags for file {file_path}", stack_info=True)

2025-09-24 14:19:57,844 — src.audio_info.audio_metadata — ERROR — has_art_tag:936 — MusicProcessingError with file: D:\MusicProcessing\tests\Music\test has invalid extension: .m3u
NoneType: None

2025-09-24 14:19:57,879 — src.audio_info.audio_metadata — ERROR — load_any_file:982 — ValueError loading D:\MusicProcessing\tests\Music\test.m3u returned None
NoneType: None

2025-09-24 14:19:57,880 — src.audio_info.audio_metadata — ERROR — load_any_file:986 — MutagenError [Errno 2] No such file or directory: 'D:\\MusicProcessing\\tests\\Music\\Non-extant.wav' loading D:\MusicProcessing\tests\Music\Non-extant.wav
Traceback (most recent call last):
  File "c:\Users\gmanw\AppData\Local\Programs\Python\Python312\Lib\site-packages\mutagen\_util.py", line 251, in _openfile
    fileobj = open(filename, "rb+" if writable else "rb")
              ^^^^^^^^^^^^^^^^^^^^^^^^^^^^^^^^^^^^^^^^^^^
FileNotFoundError: [Errno 2] No such file or directory: 'D:\\MusicProcessing\\tests\\Music\\Non-extant.wav'

During handling of the above exception, another exception occurred:

Traceback (most recent call last):
  File "D:\MusicProcessing\src\audio_info\audio_metadata.py", line 978, in load_any_file
    audio_file = mutagen.File(file_path)
                 ^^^^^^^^^^^^^^^^^^^^^^^
  File "c:\Users\gmanw\AppData\Local\Programs\Python\Python312\Lib\site-packages\mutagen\_util.py", line 162, in wrapper_func
    with _openfile(None, filething, filename, fileobj,
  File "c:\Users\gmanw\AppData\Local\Programs\Python\Python312\Lib\contextlib.py", line 137, in __enter__
    return next(self.gen)
           ^^^^^^^^^^^^^^
  File "c:\Users\gmanw\AppData\Local\Programs\Python\Python312\Lib\site-packages\mutagen\_util.py", line 272, in _openfile
    raise MutagenError(e)
mutagen.MutagenError: [Errno 2] No such file or directory: 'D:\\MusicProcessing\\tests\\Music\\Non-extant.wav'

2025-09-24 14:39:27,323 — src.subprocess_utils — ERROR — popen_pipe:77 — RuntimeError running command ffprobe -v quiet -show_format -show_streams 'D:\MusicProcessing\tests\Music\test.m3u'
NoneType: None

2025-09-24 14:39:27,323 — src.audio_info.audio_metadata — ERROR — get_media_info:666 — Exception getting media info for file D:\MusicProcessing\tests\Music\test.m3u
Traceback (most recent call last):
  File "D:\MusicProcessing\src\audio_info\audio_metadata.py", line 606, in get_media_info
    output = subprocess_utils.popen_pipe(command)
             ^^^^^^^^^^^^^^^^^^^^^^^^^^^^^^^^^^^^
  File "D:\MusicProcessing\src\subprocess_utils.py", line 81, in popen_pipe
    raise r_error
  File "D:\MusicProcessing\src\subprocess_utils.py", line 78, in popen_pipe
    raise RuntimeError(f"RuntimeError running command {shlex.join(command)}")
RuntimeError: RuntimeError running command ffprobe -v quiet -show_format -show_streams 'D:\MusicProcessing\tests\Music\test.m3u'

2025-09-24 14:39:46,909 — src.subprocess_utils — ERROR — subprocess_run:232 — CalledProcessError returncode: 1 on command ['ffprobe', '-v', 'quiet', '-of', 'json', '-show_entries', 'format_tags', 'D:\\MusicProcessing\\tests\\Music\\test.m3u']
Traceback (most recent call last):
  File "D:\MusicProcessing\src\subprocess_utils.py", line 223, in subprocess_run
    process = subprocess.run(
              ^^^^^^^^^^^^^^^
  File "c:\Users\gmanw\AppData\Local\Programs\Python\Python312\Lib\subprocess.py", line 571, in run
    raise CalledProcessError(retcode, process.args,
subprocess.CalledProcessError: Command '['ffprobe', '-v', 'quiet', '-of', 'json', '-show_entries', 'format_tags', 'D:\\MusicProcessing\\tests\\Music\\test.m3u']' returned non-zero exit status 1.
Stack (most recent call last):
  File "c:\Users\gmanw\AppData\Local\Programs\Python\Python312\Lib\runpy.py", line 198, in _run_module_as_main
    return _run_code(code, main_globals, None,
  File "c:\Users\gmanw\AppData\Local\Programs\Python\Python312\Lib\runpy.py", line 88, in _run_code
    exec(code, run_globals)
  File "c:\Users\gmanw\.vscode\extensions\ms-python.debugpy-2025.10.0-win32-x64\bundled\libs\debugpy\launcher/../..\debugpy\__main__.py", line 71, in <module>
    cli.main()
  File "c:\Users\gmanw\.vscode\extensions\ms-python.debugpy-2025.10.0-win32-x64\bundled\libs\debugpy\launcher/../..\debugpy/..\debugpy\server\cli.py", line 501, in main
    run()
  File "c:\Users\gmanw\.vscode\extensions\ms-python.debugpy-2025.10.0-win32-x64\bundled\libs\debugpy\launcher/../..\debugpy/..\debugpy\server\cli.py", line 351, in run_file
    runpy.run_path(target, run_name="__main__")
  File "c:\Users\gmanw\.vscode\extensions\ms-python.debugpy-2025.10.0-win32-x64\bundled\libs\debugpy\_vendored\pydevd\_pydevd_bundle\pydevd_runpy.py", line 310, in run_path
    return _run_module_code(code, init_globals, run_name, pkg_name=pkg_name, script_name=fname)
  File "c:\Users\gmanw\.vscode\extensions\ms-python.debugpy-2025.10.0-win32-x64\bundled\libs\debugpy\_vendored\pydevd\_pydevd_bundle\pydevd_runpy.py", line 127, in _run_module_code
    _run_code(code, mod_globals, init_globals, mod_name, mod_spec, pkg_name, script_name)
  File "c:\Users\gmanw\.vscode\extensions\ms-python.debugpy-2025.10.0-win32-x64\bundled\libs\debugpy\_vendored\pydevd\_pydevd_bundle\pydevd_runpy.py", line 118, in _run_code
    exec(code, run_globals)
  File "D:\MusicProcessing\tests\test_audio_metadata.py", line 853, in <module>
    runner.run(suite)
  File "c:\Users\gmanw\AppData\Local\Programs\Python\Python312\Lib\unittest\runner.py", line 240, in run
    test(result)
  File "c:\Users\gmanw\AppData\Local\Programs\Python\Python312\Lib\unittest\suite.py", line 84, in __call__
    return self.run(*args, **kwds)
  File "c:\Users\gmanw\AppData\Local\Programs\Python\Python312\Lib\unittest\suite.py", line 122, in run
    test(result)
  File "c:\Users\gmanw\AppData\Local\Programs\Python\Python312\Lib\unittest\case.py", line 690, in __call__
    return self.run(*args, **kwds)
  File "c:\Users\gmanw\AppData\Local\Programs\Python\Python312\Lib\unittest\case.py", line 634, in run
    self._callTestMethod(testMethod)
  File "c:\Users\gmanw\AppData\Local\Programs\Python\Python312\Lib\unittest\case.py", line 589, in _callTestMethod
    if method() is not None:
  File "D:\MusicProcessing\tests\test_audio_metadata.py", line 558, in test_get_media_tags_invalid_file
    media_tags = metadata.get_media_tags(TEST_M3U)
  File "D:\MusicProcessing\src\audio_info\audio_metadata.py", line 757, in get_media_tags
    result = subprocess_utils.subprocess_run(command)
  File "D:\MusicProcessing\src\subprocess_utils.py", line 232, in subprocess_run
    logger.exception(f"CalledProcessError returncode: {cp_error.returncode} on command {cp_error.cmd}", stack_info=True)

2025-09-24 14:39:46,911 — src.audio_info.audio_metadata — ERROR — get_media_tags:767 — Exception CalledProcessError getting media tags for file D:\MusicProcessing\tests\Music\test.m3u
Traceback (most recent call last):
  File "D:\MusicProcessing\src\audio_info\audio_metadata.py", line 757, in get_media_tags
    result = subprocess_utils.subprocess_run(command)
             ^^^^^^^^^^^^^^^^^^^^^^^^^^^^^^^^^^^^^^^^
  File "D:\MusicProcessing\src\subprocess_utils.py", line 233, in subprocess_run
    raise cp_error
  File "D:\MusicProcessing\src\subprocess_utils.py", line 223, in subprocess_run
    process = subprocess.run(
              ^^^^^^^^^^^^^^^
  File "c:\Users\gmanw\AppData\Local\Programs\Python\Python312\Lib\subprocess.py", line 571, in run
    raise CalledProcessError(retcode, process.args,
subprocess.CalledProcessError: Command '['ffprobe', '-v', 'quiet', '-of', 'json', '-show_entries', 'format_tags', 'D:\\MusicProcessing\\tests\\Music\\test.m3u']' returned non-zero exit status 1.
Stack (most recent call last):
  File "c:\Users\gmanw\AppData\Local\Programs\Python\Python312\Lib\runpy.py", line 198, in _run_module_as_main
    return _run_code(code, main_globals, None,
  File "c:\Users\gmanw\AppData\Local\Programs\Python\Python312\Lib\runpy.py", line 88, in _run_code
    exec(code, run_globals)
  File "c:\Users\gmanw\.vscode\extensions\ms-python.debugpy-2025.10.0-win32-x64\bundled\libs\debugpy\launcher/../..\debugpy\__main__.py", line 71, in <module>
    cli.main()
  File "c:\Users\gmanw\.vscode\extensions\ms-python.debugpy-2025.10.0-win32-x64\bundled\libs\debugpy\launcher/../..\debugpy/..\debugpy\server\cli.py", line 501, in main
    run()
  File "c:\Users\gmanw\.vscode\extensions\ms-python.debugpy-2025.10.0-win32-x64\bundled\libs\debugpy\launcher/../..\debugpy/..\debugpy\server\cli.py", line 351, in run_file
    runpy.run_path(target, run_name="__main__")
  File "c:\Users\gmanw\.vscode\extensions\ms-python.debugpy-2025.10.0-win32-x64\bundled\libs\debugpy\_vendored\pydevd\_pydevd_bundle\pydevd_runpy.py", line 310, in run_path
    return _run_module_code(code, init_globals, run_name, pkg_name=pkg_name, script_name=fname)
  File "c:\Users\gmanw\.vscode\extensions\ms-python.debugpy-2025.10.0-win32-x64\bundled\libs\debugpy\_vendored\pydevd\_pydevd_bundle\pydevd_runpy.py", line 127, in _run_module_code
    _run_code(code, mod_globals, init_globals, mod_name, mod_spec, pkg_name, script_name)
  File "c:\Users\gmanw\.vscode\extensions\ms-python.debugpy-2025.10.0-win32-x64\bundled\libs\debugpy\_vendored\pydevd\_pydevd_bundle\pydevd_runpy.py", line 118, in _run_code
    exec(code, run_globals)
  File "D:\MusicProcessing\tests\test_audio_metadata.py", line 853, in <module>
    runner.run(suite)
  File "c:\Users\gmanw\AppData\Local\Programs\Python\Python312\Lib\unittest\runner.py", line 240, in run
    test(result)
  File "c:\Users\gmanw\AppData\Local\Programs\Python\Python312\Lib\unittest\suite.py", line 84, in __call__
    return self.run(*args, **kwds)
  File "c:\Users\gmanw\AppData\Local\Programs\Python\Python312\Lib\unittest\suite.py", line 122, in run
    test(result)
  File "c:\Users\gmanw\AppData\Local\Programs\Python\Python312\Lib\unittest\case.py", line 690, in __call__
    return self.run(*args, **kwds)
  File "c:\Users\gmanw\AppData\Local\Programs\Python\Python312\Lib\unittest\case.py", line 634, in run
    self._callTestMethod(testMethod)
  File "c:\Users\gmanw\AppData\Local\Programs\Python\Python312\Lib\unittest\case.py", line 589, in _callTestMethod
    if method() is not None:
  File "D:\MusicProcessing\tests\test_audio_metadata.py", line 558, in test_get_media_tags_invalid_file
    media_tags = metadata.get_media_tags(TEST_M3U)
  File "D:\MusicProcessing\src\audio_info\audio_metadata.py", line 767, in get_media_tags
    logger.exception(f"Exception {type(e_error).__name__} getting media tags for file {file_path}", stack_info=True)

2025-09-24 14:39:47,905 — src.audio_info.audio_metadata — ERROR — has_art_tag:936 — MusicProcessingError with file: D:\MusicProcessing\tests\Music\test has invalid extension: .m3u
NoneType: None

2025-09-24 14:39:47,942 — src.audio_info.audio_metadata — ERROR — load_any_file:982 — ValueError loading D:\MusicProcessing\tests\Music\test.m3u returned None
NoneType: None

2025-09-24 14:39:47,944 — src.audio_info.audio_metadata — ERROR — load_any_file:986 — MutagenError [Errno 2] No such file or directory: 'D:\\MusicProcessing\\tests\\Music\\Non-extant.wav' loading D:\MusicProcessing\tests\Music\Non-extant.wav
Traceback (most recent call last):
  File "c:\Users\gmanw\AppData\Local\Programs\Python\Python312\Lib\site-packages\mutagen\_util.py", line 251, in _openfile
    fileobj = open(filename, "rb+" if writable else "rb")
              ^^^^^^^^^^^^^^^^^^^^^^^^^^^^^^^^^^^^^^^^^^^
FileNotFoundError: [Errno 2] No such file or directory: 'D:\\MusicProcessing\\tests\\Music\\Non-extant.wav'

During handling of the above exception, another exception occurred:

Traceback (most recent call last):
  File "D:\MusicProcessing\src\audio_info\audio_metadata.py", line 978, in load_any_file
    audio_file = mutagen.File(file_path)
                 ^^^^^^^^^^^^^^^^^^^^^^^
  File "c:\Users\gmanw\AppData\Local\Programs\Python\Python312\Lib\site-packages\mutagen\_util.py", line 162, in wrapper_func
    with _openfile(None, filething, filename, fileobj,
  File "c:\Users\gmanw\AppData\Local\Programs\Python\Python312\Lib\contextlib.py", line 137, in __enter__
    return next(self.gen)
           ^^^^^^^^^^^^^^
  File "c:\Users\gmanw\AppData\Local\Programs\Python\Python312\Lib\site-packages\mutagen\_util.py", line 272, in _openfile
    raise MutagenError(e)
mutagen.MutagenError: [Errno 2] No such file or directory: 'D:\\MusicProcessing\\tests\\Music\\Non-extant.wav'

2025-09-24 14:44:38,133 — src.subprocess_utils — ERROR — popen_pipe:77 — RuntimeError running command ffprobe -v quiet -show_format -show_streams 'D:\MusicProcessing\tests\Music\test.m3u'
NoneType: None

2025-09-24 14:44:38,133 — src.audio_info.audio_metadata — ERROR — get_media_info:666 — Exception getting media info for file D:\MusicProcessing\tests\Music\test.m3u
Traceback (most recent call last):
  File "D:\MusicProcessing\src\audio_info\audio_metadata.py", line 606, in get_media_info
    output = subprocess_utils.popen_pipe(command)
             ^^^^^^^^^^^^^^^^^^^^^^^^^^^^^^^^^^^^
  File "D:\MusicProcessing\src\subprocess_utils.py", line 81, in popen_pipe
    raise r_error
  File "D:\MusicProcessing\src\subprocess_utils.py", line 78, in popen_pipe
    raise RuntimeError(f"RuntimeError running command {shlex.join(command)}")
RuntimeError: RuntimeError running command ffprobe -v quiet -show_format -show_streams 'D:\MusicProcessing\tests\Music\test.m3u'

2025-09-24 14:50:48,866 — src.subprocess_utils — ERROR — popen_pipe:77 — RuntimeError running command ffprobe -v quiet -show_format -show_streams 'D:\MusicProcessing\tests\Music\test.m3u'
NoneType: None

2025-09-24 14:50:48,867 — src.audio_info.audio_metadata — ERROR — get_media_info:666 — Exception getting media info for file D:\MusicProcessing\tests\Music\test.m3u
Traceback (most recent call last):
  File "D:\MusicProcessing\src\audio_info\audio_metadata.py", line 606, in get_media_info
    output = subprocess_utils.popen_pipe(command)
             ^^^^^^^^^^^^^^^^^^^^^^^^^^^^^^^^^^^^
  File "D:\MusicProcessing\src\subprocess_utils.py", line 81, in popen_pipe
    raise r_error
  File "D:\MusicProcessing\src\subprocess_utils.py", line 78, in popen_pipe
    raise RuntimeError(f"RuntimeError running command {shlex.join(command)}")
RuntimeError: RuntimeError running command ffprobe -v quiet -show_format -show_streams 'D:\MusicProcessing\tests\Music\test.m3u'

2025-09-24 14:52:04,264 — src.subprocess_utils — ERROR — popen_pipe:77 — RuntimeError running command ffprobe -v quiet -show_format -show_streams 'D:\MusicProcessing\tests\Music\test.m3u'
NoneType: None

2025-09-24 14:52:04,265 — src.audio_info.audio_metadata — ERROR — get_media_info:666 — Exception getting media info for file D:\MusicProcessing\tests\Music\test.m3u
Traceback (most recent call last):
  File "D:\MusicProcessing\src\audio_info\audio_metadata.py", line 606, in get_media_info
    output = subprocess_utils.popen_pipe(command)
             ^^^^^^^^^^^^^^^^^^^^^^^^^^^^^^^^^^^^
  File "D:\MusicProcessing\src\subprocess_utils.py", line 81, in popen_pipe
    raise r_error
  File "D:\MusicProcessing\src\subprocess_utils.py", line 78, in popen_pipe
    raise RuntimeError(f"RuntimeError running command {shlex.join(command)}")
RuntimeError: RuntimeError running command ffprobe -v quiet -show_format -show_streams 'D:\MusicProcessing\tests\Music\test.m3u'

2025-09-24 15:01:52,821 — src.subprocess_utils — ERROR — popen_pipe:77 — RuntimeError running command ffprobe -v quiet -show_format -show_streams 'D:\MusicProcessing\tests\Music\test.m3u'
NoneType: None

2025-09-24 15:01:52,821 — src.audio_info.audio_metadata — ERROR — get_media_info:666 — Exception getting media info for file D:\MusicProcessing\tests\Music\test.m3u
Traceback (most recent call last):
  File "D:\MusicProcessing\src\audio_info\audio_metadata.py", line 606, in get_media_info
    output = subprocess_utils.popen_pipe(command)
             ^^^^^^^^^^^^^^^^^^^^^^^^^^^^^^^^^^^^
  File "D:\MusicProcessing\src\subprocess_utils.py", line 81, in popen_pipe
    raise r_error
  File "D:\MusicProcessing\src\subprocess_utils.py", line 78, in popen_pipe
    raise RuntimeError(f"RuntimeError running command {shlex.join(command)}")
RuntimeError: RuntimeError running command ffprobe -v quiet -show_format -show_streams 'D:\MusicProcessing\tests\Music\test.m3u'

2025-09-24 15:02:05,914 — src.subprocess_utils — ERROR — subprocess_run:232 — CalledProcessError returncode: 1 on command ['ffprobe', '-v', 'quiet', '-of', 'json', '-show_entries', 'format_tags', 'D:\\MusicProcessing\\tests\\Music\\test.m3u']
Traceback (most recent call last):
  File "D:\MusicProcessing\src\subprocess_utils.py", line 223, in subprocess_run
    process = subprocess.run(
              ^^^^^^^^^^^^^^^
  File "c:\Users\gmanw\AppData\Local\Programs\Python\Python312\Lib\subprocess.py", line 571, in run
    raise CalledProcessError(retcode, process.args,
subprocess.CalledProcessError: Command '['ffprobe', '-v', 'quiet', '-of', 'json', '-show_entries', 'format_tags', 'D:\\MusicProcessing\\tests\\Music\\test.m3u']' returned non-zero exit status 1.
Stack (most recent call last):
  File "c:\Users\gmanw\AppData\Local\Programs\Python\Python312\Lib\runpy.py", line 198, in _run_module_as_main
    return _run_code(code, main_globals, None,
  File "c:\Users\gmanw\AppData\Local\Programs\Python\Python312\Lib\runpy.py", line 88, in _run_code
    exec(code, run_globals)
  File "c:\Users\gmanw\.vscode\extensions\ms-python.debugpy-2025.10.0-win32-x64\bundled\libs\debugpy\launcher/../..\debugpy\__main__.py", line 71, in <module>
    cli.main()
  File "c:\Users\gmanw\.vscode\extensions\ms-python.debugpy-2025.10.0-win32-x64\bundled\libs\debugpy\launcher/../..\debugpy/..\debugpy\server\cli.py", line 501, in main
    run()
  File "c:\Users\gmanw\.vscode\extensions\ms-python.debugpy-2025.10.0-win32-x64\bundled\libs\debugpy\launcher/../..\debugpy/..\debugpy\server\cli.py", line 351, in run_file
    runpy.run_path(target, run_name="__main__")
  File "c:\Users\gmanw\.vscode\extensions\ms-python.debugpy-2025.10.0-win32-x64\bundled\libs\debugpy\_vendored\pydevd\_pydevd_bundle\pydevd_runpy.py", line 310, in run_path
    return _run_module_code(code, init_globals, run_name, pkg_name=pkg_name, script_name=fname)
  File "c:\Users\gmanw\.vscode\extensions\ms-python.debugpy-2025.10.0-win32-x64\bundled\libs\debugpy\_vendored\pydevd\_pydevd_bundle\pydevd_runpy.py", line 127, in _run_module_code
    _run_code(code, mod_globals, init_globals, mod_name, mod_spec, pkg_name, script_name)
  File "c:\Users\gmanw\.vscode\extensions\ms-python.debugpy-2025.10.0-win32-x64\bundled\libs\debugpy\_vendored\pydevd\_pydevd_bundle\pydevd_runpy.py", line 118, in _run_code
    exec(code, run_globals)
  File "D:\MusicProcessing\tests\test_audio_metadata.py", line 855, in <module>
    runner.run(suite)
  File "c:\Users\gmanw\AppData\Local\Programs\Python\Python312\Lib\unittest\runner.py", line 240, in run
    test(result)
  File "c:\Users\gmanw\AppData\Local\Programs\Python\Python312\Lib\unittest\suite.py", line 84, in __call__
    return self.run(*args, **kwds)
  File "c:\Users\gmanw\AppData\Local\Programs\Python\Python312\Lib\unittest\suite.py", line 122, in run
    test(result)
  File "c:\Users\gmanw\AppData\Local\Programs\Python\Python312\Lib\unittest\case.py", line 690, in __call__
    return self.run(*args, **kwds)
  File "c:\Users\gmanw\AppData\Local\Programs\Python\Python312\Lib\unittest\case.py", line 634, in run
    self._callTestMethod(testMethod)
  File "c:\Users\gmanw\AppData\Local\Programs\Python\Python312\Lib\unittest\case.py", line 589, in _callTestMethod
    if method() is not None:
  File "D:\MusicProcessing\tests\test_audio_metadata.py", line 560, in test_get_media_tags_invalid_file
    media_tags = metadata.get_media_tags(TEST_M3U)
  File "D:\MusicProcessing\src\audio_info\audio_metadata.py", line 757, in get_media_tags
    result = subprocess_utils.subprocess_run(command)
  File "D:\MusicProcessing\src\subprocess_utils.py", line 232, in subprocess_run
    logger.exception(f"CalledProcessError returncode: {cp_error.returncode} on command {cp_error.cmd}", stack_info=True)

2025-09-24 15:02:05,916 — src.audio_info.audio_metadata — ERROR — get_media_tags:767 — Exception CalledProcessError getting media tags for file D:\MusicProcessing\tests\Music\test.m3u
Traceback (most recent call last):
  File "D:\MusicProcessing\src\audio_info\audio_metadata.py", line 757, in get_media_tags
    result = subprocess_utils.subprocess_run(command)
             ^^^^^^^^^^^^^^^^^^^^^^^^^^^^^^^^^^^^^^^^
  File "D:\MusicProcessing\src\subprocess_utils.py", line 233, in subprocess_run
    raise cp_error
  File "D:\MusicProcessing\src\subprocess_utils.py", line 223, in subprocess_run
    process = subprocess.run(
              ^^^^^^^^^^^^^^^
  File "c:\Users\gmanw\AppData\Local\Programs\Python\Python312\Lib\subprocess.py", line 571, in run
    raise CalledProcessError(retcode, process.args,
subprocess.CalledProcessError: Command '['ffprobe', '-v', 'quiet', '-of', 'json', '-show_entries', 'format_tags', 'D:\\MusicProcessing\\tests\\Music\\test.m3u']' returned non-zero exit status 1.
Stack (most recent call last):
  File "c:\Users\gmanw\AppData\Local\Programs\Python\Python312\Lib\runpy.py", line 198, in _run_module_as_main
    return _run_code(code, main_globals, None,
  File "c:\Users\gmanw\AppData\Local\Programs\Python\Python312\Lib\runpy.py", line 88, in _run_code
    exec(code, run_globals)
  File "c:\Users\gmanw\.vscode\extensions\ms-python.debugpy-2025.10.0-win32-x64\bundled\libs\debugpy\launcher/../..\debugpy\__main__.py", line 71, in <module>
    cli.main()
  File "c:\Users\gmanw\.vscode\extensions\ms-python.debugpy-2025.10.0-win32-x64\bundled\libs\debugpy\launcher/../..\debugpy/..\debugpy\server\cli.py", line 501, in main
    run()
  File "c:\Users\gmanw\.vscode\extensions\ms-python.debugpy-2025.10.0-win32-x64\bundled\libs\debugpy\launcher/../..\debugpy/..\debugpy\server\cli.py", line 351, in run_file
    runpy.run_path(target, run_name="__main__")
  File "c:\Users\gmanw\.vscode\extensions\ms-python.debugpy-2025.10.0-win32-x64\bundled\libs\debugpy\_vendored\pydevd\_pydevd_bundle\pydevd_runpy.py", line 310, in run_path
    return _run_module_code(code, init_globals, run_name, pkg_name=pkg_name, script_name=fname)
  File "c:\Users\gmanw\.vscode\extensions\ms-python.debugpy-2025.10.0-win32-x64\bundled\libs\debugpy\_vendored\pydevd\_pydevd_bundle\pydevd_runpy.py", line 127, in _run_module_code
    _run_code(code, mod_globals, init_globals, mod_name, mod_spec, pkg_name, script_name)
  File "c:\Users\gmanw\.vscode\extensions\ms-python.debugpy-2025.10.0-win32-x64\bundled\libs\debugpy\_vendored\pydevd\_pydevd_bundle\pydevd_runpy.py", line 118, in _run_code
    exec(code, run_globals)
  File "D:\MusicProcessing\tests\test_audio_metadata.py", line 855, in <module>
    runner.run(suite)
  File "c:\Users\gmanw\AppData\Local\Programs\Python\Python312\Lib\unittest\runner.py", line 240, in run
    test(result)
  File "c:\Users\gmanw\AppData\Local\Programs\Python\Python312\Lib\unittest\suite.py", line 84, in __call__
    return self.run(*args, **kwds)
  File "c:\Users\gmanw\AppData\Local\Programs\Python\Python312\Lib\unittest\suite.py", line 122, in run
    test(result)
  File "c:\Users\gmanw\AppData\Local\Programs\Python\Python312\Lib\unittest\case.py", line 690, in __call__
    return self.run(*args, **kwds)
  File "c:\Users\gmanw\AppData\Local\Programs\Python\Python312\Lib\unittest\case.py", line 634, in run
    self._callTestMethod(testMethod)
  File "c:\Users\gmanw\AppData\Local\Programs\Python\Python312\Lib\unittest\case.py", line 589, in _callTestMethod
    if method() is not None:
  File "D:\MusicProcessing\tests\test_audio_metadata.py", line 560, in test_get_media_tags_invalid_file
    media_tags = metadata.get_media_tags(TEST_M3U)
  File "D:\MusicProcessing\src\audio_info\audio_metadata.py", line 767, in get_media_tags
    logger.exception(f"Exception {type(e_error).__name__} getting media tags for file {file_path}", stack_info=True)

2025-09-24 15:02:06,877 — src.audio_info.audio_metadata — ERROR — has_art_tag:936 — MusicProcessingError with file: D:\MusicProcessing\tests\Music\test has invalid extension: .m3u
NoneType: None

2025-09-24 15:02:06,908 — src.audio_info.audio_metadata — ERROR — load_any_file:982 — ValueError loading D:\MusicProcessing\tests\Music\test.m3u returned None
NoneType: None

2025-09-24 15:02:06,909 — src.audio_info.audio_metadata — ERROR — load_any_file:986 — MutagenError [Errno 2] No such file or directory: 'D:\\MusicProcessing\\tests\\Music\\Non-extant.wav' loading D:\MusicProcessing\tests\Music\Non-extant.wav
Traceback (most recent call last):
  File "c:\Users\gmanw\AppData\Local\Programs\Python\Python312\Lib\site-packages\mutagen\_util.py", line 251, in _openfile
    fileobj = open(filename, "rb+" if writable else "rb")
              ^^^^^^^^^^^^^^^^^^^^^^^^^^^^^^^^^^^^^^^^^^^
FileNotFoundError: [Errno 2] No such file or directory: 'D:\\MusicProcessing\\tests\\Music\\Non-extant.wav'

During handling of the above exception, another exception occurred:

Traceback (most recent call last):
  File "D:\MusicProcessing\src\audio_info\audio_metadata.py", line 978, in load_any_file
    audio_file = mutagen.File(file_path)
                 ^^^^^^^^^^^^^^^^^^^^^^^
  File "c:\Users\gmanw\AppData\Local\Programs\Python\Python312\Lib\site-packages\mutagen\_util.py", line 162, in wrapper_func
    with _openfile(None, filething, filename, fileobj,
  File "c:\Users\gmanw\AppData\Local\Programs\Python\Python312\Lib\contextlib.py", line 137, in __enter__
    return next(self.gen)
           ^^^^^^^^^^^^^^
  File "c:\Users\gmanw\AppData\Local\Programs\Python\Python312\Lib\site-packages\mutagen\_util.py", line 272, in _openfile
    raise MutagenError(e)
mutagen.MutagenError: [Errno 2] No such file or directory: 'D:\\MusicProcessing\\tests\\Music\\Non-extant.wav'

2025-09-24 15:27:21,113 — src.subprocess_utils — ERROR — popen_pipe:77 — RuntimeError running command ffprobe -v quiet -show_format -show_streams 'D:\MusicProcessing\tests\Music\test.m3u'
NoneType: None

2025-09-24 15:27:21,113 — src.audio_info.audio_metadata — ERROR — get_media_info:666 — Exception getting media info for file D:\MusicProcessing\tests\Music\test.m3u
Traceback (most recent call last):
  File "D:\MusicProcessing\src\audio_info\audio_metadata.py", line 606, in get_media_info
    output = subprocess_utils.popen_pipe(command)
             ^^^^^^^^^^^^^^^^^^^^^^^^^^^^^^^^^^^^
  File "D:\MusicProcessing\src\subprocess_utils.py", line 81, in popen_pipe
    raise r_error
  File "D:\MusicProcessing\src\subprocess_utils.py", line 78, in popen_pipe
    raise RuntimeError(f"RuntimeError running command {shlex.join(command)}")
RuntimeError: RuntimeError running command ffprobe -v quiet -show_format -show_streams 'D:\MusicProcessing\tests\Music\test.m3u'

2025-09-24 15:39:54,213 — src.subprocess_utils — ERROR — subprocess_run:232 — CalledProcessError returncode: 1 on command ['ffprobe', '-v', 'quiet', '-of', 'json', '-show_entries', 'format_tags', 'D:\\MusicProcessing\\tests\\Music\\test.m3u']
Traceback (most recent call last):
  File "D:\MusicProcessing\src\subprocess_utils.py", line 223, in subprocess_run
    process = subprocess.run(
              ^^^^^^^^^^^^^^^
  File "c:\Users\gmanw\AppData\Local\Programs\Python\Python312\Lib\subprocess.py", line 571, in run
    raise CalledProcessError(retcode, process.args,
subprocess.CalledProcessError: Command '['ffprobe', '-v', 'quiet', '-of', 'json', '-show_entries', 'format_tags', 'D:\\MusicProcessing\\tests\\Music\\test.m3u']' returned non-zero exit status 1.
Stack (most recent call last):
  File "c:\Users\gmanw\AppData\Local\Programs\Python\Python312\Lib\runpy.py", line 198, in _run_module_as_main
    return _run_code(code, main_globals, None,
  File "c:\Users\gmanw\AppData\Local\Programs\Python\Python312\Lib\runpy.py", line 88, in _run_code
    exec(code, run_globals)
  File "c:\Users\gmanw\.vscode\extensions\ms-python.debugpy-2025.10.0-win32-x64\bundled\libs\debugpy\launcher/../..\debugpy\__main__.py", line 71, in <module>
    cli.main()
  File "c:\Users\gmanw\.vscode\extensions\ms-python.debugpy-2025.10.0-win32-x64\bundled\libs\debugpy\launcher/../..\debugpy/..\debugpy\server\cli.py", line 501, in main
    run()
  File "c:\Users\gmanw\.vscode\extensions\ms-python.debugpy-2025.10.0-win32-x64\bundled\libs\debugpy\launcher/../..\debugpy/..\debugpy\server\cli.py", line 351, in run_file
    runpy.run_path(target, run_name="__main__")
  File "c:\Users\gmanw\.vscode\extensions\ms-python.debugpy-2025.10.0-win32-x64\bundled\libs\debugpy\_vendored\pydevd\_pydevd_bundle\pydevd_runpy.py", line 310, in run_path
    return _run_module_code(code, init_globals, run_name, pkg_name=pkg_name, script_name=fname)
  File "c:\Users\gmanw\.vscode\extensions\ms-python.debugpy-2025.10.0-win32-x64\bundled\libs\debugpy\_vendored\pydevd\_pydevd_bundle\pydevd_runpy.py", line 127, in _run_module_code
    _run_code(code, mod_globals, init_globals, mod_name, mod_spec, pkg_name, script_name)
  File "c:\Users\gmanw\.vscode\extensions\ms-python.debugpy-2025.10.0-win32-x64\bundled\libs\debugpy\_vendored\pydevd\_pydevd_bundle\pydevd_runpy.py", line 118, in _run_code
    exec(code, run_globals)
  File "D:\MusicProcessing\tests\test_audio_metadata.py", line 851, in <module>
    runner.run(suite)
  File "c:\Users\gmanw\AppData\Local\Programs\Python\Python312\Lib\unittest\runner.py", line 240, in run
    test(result)
  File "c:\Users\gmanw\AppData\Local\Programs\Python\Python312\Lib\unittest\suite.py", line 84, in __call__
    return self.run(*args, **kwds)
  File "c:\Users\gmanw\AppData\Local\Programs\Python\Python312\Lib\unittest\suite.py", line 122, in run
    test(result)
  File "c:\Users\gmanw\AppData\Local\Programs\Python\Python312\Lib\unittest\case.py", line 690, in __call__
    return self.run(*args, **kwds)
  File "c:\Users\gmanw\AppData\Local\Programs\Python\Python312\Lib\unittest\case.py", line 634, in run
    self._callTestMethod(testMethod)
  File "c:\Users\gmanw\AppData\Local\Programs\Python\Python312\Lib\unittest\case.py", line 589, in _callTestMethod
    if method() is not None:
  File "D:\MusicProcessing\tests\test_audio_metadata.py", line 553, in test_get_media_tags_invalid_file
    media_tags = metadata.get_media_tags(TEST_M3U)
  File "D:\MusicProcessing\src\audio_info\audio_metadata.py", line 757, in get_media_tags
    result = subprocess_utils.subprocess_run(command)
  File "D:\MusicProcessing\src\subprocess_utils.py", line 232, in subprocess_run
    logger.exception(f"CalledProcessError returncode: {cp_error.returncode} on command {cp_error.cmd}", stack_info=True)

2025-09-24 15:39:54,217 — src.audio_info.audio_metadata — ERROR — get_media_tags:767 — Exception CalledProcessError getting media tags for file D:\MusicProcessing\tests\Music\test.m3u
Traceback (most recent call last):
  File "D:\MusicProcessing\src\audio_info\audio_metadata.py", line 757, in get_media_tags
    result = subprocess_utils.subprocess_run(command)
             ^^^^^^^^^^^^^^^^^^^^^^^^^^^^^^^^^^^^^^^^
  File "D:\MusicProcessing\src\subprocess_utils.py", line 233, in subprocess_run
    raise cp_error
  File "D:\MusicProcessing\src\subprocess_utils.py", line 223, in subprocess_run
    process = subprocess.run(
              ^^^^^^^^^^^^^^^
  File "c:\Users\gmanw\AppData\Local\Programs\Python\Python312\Lib\subprocess.py", line 571, in run
    raise CalledProcessError(retcode, process.args,
subprocess.CalledProcessError: Command '['ffprobe', '-v', 'quiet', '-of', 'json', '-show_entries', 'format_tags', 'D:\\MusicProcessing\\tests\\Music\\test.m3u']' returned non-zero exit status 1.
Stack (most recent call last):
  File "c:\Users\gmanw\AppData\Local\Programs\Python\Python312\Lib\runpy.py", line 198, in _run_module_as_main
    return _run_code(code, main_globals, None,
  File "c:\Users\gmanw\AppData\Local\Programs\Python\Python312\Lib\runpy.py", line 88, in _run_code
    exec(code, run_globals)
  File "c:\Users\gmanw\.vscode\extensions\ms-python.debugpy-2025.10.0-win32-x64\bundled\libs\debugpy\launcher/../..\debugpy\__main__.py", line 71, in <module>
    cli.main()
  File "c:\Users\gmanw\.vscode\extensions\ms-python.debugpy-2025.10.0-win32-x64\bundled\libs\debugpy\launcher/../..\debugpy/..\debugpy\server\cli.py", line 501, in main
    run()
  File "c:\Users\gmanw\.vscode\extensions\ms-python.debugpy-2025.10.0-win32-x64\bundled\libs\debugpy\launcher/../..\debugpy/..\debugpy\server\cli.py", line 351, in run_file
    runpy.run_path(target, run_name="__main__")
  File "c:\Users\gmanw\.vscode\extensions\ms-python.debugpy-2025.10.0-win32-x64\bundled\libs\debugpy\_vendored\pydevd\_pydevd_bundle\pydevd_runpy.py", line 310, in run_path
    return _run_module_code(code, init_globals, run_name, pkg_name=pkg_name, script_name=fname)
  File "c:\Users\gmanw\.vscode\extensions\ms-python.debugpy-2025.10.0-win32-x64\bundled\libs\debugpy\_vendored\pydevd\_pydevd_bundle\pydevd_runpy.py", line 127, in _run_module_code
    _run_code(code, mod_globals, init_globals, mod_name, mod_spec, pkg_name, script_name)
  File "c:\Users\gmanw\.vscode\extensions\ms-python.debugpy-2025.10.0-win32-x64\bundled\libs\debugpy\_vendored\pydevd\_pydevd_bundle\pydevd_runpy.py", line 118, in _run_code
    exec(code, run_globals)
  File "D:\MusicProcessing\tests\test_audio_metadata.py", line 851, in <module>
    runner.run(suite)
  File "c:\Users\gmanw\AppData\Local\Programs\Python\Python312\Lib\unittest\runner.py", line 240, in run
    test(result)
  File "c:\Users\gmanw\AppData\Local\Programs\Python\Python312\Lib\unittest\suite.py", line 84, in __call__
    return self.run(*args, **kwds)
  File "c:\Users\gmanw\AppData\Local\Programs\Python\Python312\Lib\unittest\suite.py", line 122, in run
    test(result)
  File "c:\Users\gmanw\AppData\Local\Programs\Python\Python312\Lib\unittest\case.py", line 690, in __call__
    return self.run(*args, **kwds)
  File "c:\Users\gmanw\AppData\Local\Programs\Python\Python312\Lib\unittest\case.py", line 634, in run
    self._callTestMethod(testMethod)
  File "c:\Users\gmanw\AppData\Local\Programs\Python\Python312\Lib\unittest\case.py", line 589, in _callTestMethod
    if method() is not None:
  File "D:\MusicProcessing\tests\test_audio_metadata.py", line 553, in test_get_media_tags_invalid_file
    media_tags = metadata.get_media_tags(TEST_M3U)
  File "D:\MusicProcessing\src\audio_info\audio_metadata.py", line 767, in get_media_tags
    logger.exception(f"Exception {type(e_error).__name__} getting media tags for file {file_path}", stack_info=True)

2025-09-24 15:40:01,638 — src.audio_info.audio_metadata — ERROR — has_art_tag:936 — MusicProcessingError with file: D:\MusicProcessing\tests\Music\test has invalid extension: .m3u
NoneType: None

2025-09-24 15:40:01,681 — src.audio_info.audio_metadata — ERROR — load_any_file:982 — ValueError loading D:\MusicProcessing\tests\Music\test.m3u returned None
NoneType: None

2025-09-24 15:40:01,682 — src.audio_info.audio_metadata — ERROR — load_any_file:986 — MutagenError [Errno 2] No such file or directory: 'D:\\MusicProcessing\\tests\\Music\\Non-extant.wav' loading D:\MusicProcessing\tests\Music\Non-extant.wav
Traceback (most recent call last):
  File "c:\Users\gmanw\AppData\Local\Programs\Python\Python312\Lib\site-packages\mutagen\_util.py", line 251, in _openfile
    fileobj = open(filename, "rb+" if writable else "rb")
              ^^^^^^^^^^^^^^^^^^^^^^^^^^^^^^^^^^^^^^^^^^^
FileNotFoundError: [Errno 2] No such file or directory: 'D:\\MusicProcessing\\tests\\Music\\Non-extant.wav'

During handling of the above exception, another exception occurred:

Traceback (most recent call last):
  File "D:\MusicProcessing\src\audio_info\audio_metadata.py", line 978, in load_any_file
    audio_file = mutagen.File(file_path)
                 ^^^^^^^^^^^^^^^^^^^^^^^
  File "c:\Users\gmanw\AppData\Local\Programs\Python\Python312\Lib\site-packages\mutagen\_util.py", line 162, in wrapper_func
    with _openfile(None, filething, filename, fileobj,
  File "c:\Users\gmanw\AppData\Local\Programs\Python\Python312\Lib\contextlib.py", line 137, in __enter__
    return next(self.gen)
           ^^^^^^^^^^^^^^
  File "c:\Users\gmanw\AppData\Local\Programs\Python\Python312\Lib\site-packages\mutagen\_util.py", line 272, in _openfile
    raise MutagenError(e)
mutagen.MutagenError: [Errno 2] No such file or directory: 'D:\\MusicProcessing\\tests\\Music\\Non-extant.wav'

2025-09-24 16:28:10,197 — src.subprocess_utils — ERROR — popen_pipe:77 — RuntimeError running command ffprobe -v quiet -show_format -show_streams 'D:\MusicProcessing\tests\Music\test.m3u'
NoneType: None

2025-09-24 16:28:10,198 — src.audio_info.audio_metadata — ERROR — get_media_info:666 — Exception getting media info for file D:\MusicProcessing\tests\Music\test.m3u
Traceback (most recent call last):
  File "D:\MusicProcessing\src\audio_info\audio_metadata.py", line 606, in get_media_info
    output = subprocess_utils.popen_pipe(command)
             ^^^^^^^^^^^^^^^^^^^^^^^^^^^^^^^^^^^^
  File "D:\MusicProcessing\src\subprocess_utils.py", line 81, in popen_pipe
    raise r_error
  File "D:\MusicProcessing\src\subprocess_utils.py", line 78, in popen_pipe
    raise RuntimeError(f"RuntimeError running command {shlex.join(command)}")
RuntimeError: RuntimeError running command ffprobe -v quiet -show_format -show_streams 'D:\MusicProcessing\tests\Music\test.m3u'

2025-09-24 16:29:50,426 — src.subprocess_utils — ERROR — popen_pipe:77 — RuntimeError running command ffprobe -v quiet -show_format -show_streams 'D:\MusicProcessing\tests\Music\test.m3u'
NoneType: None

2025-09-24 16:29:50,426 — src.audio_info.audio_metadata — ERROR — get_media_info:666 — Exception getting media info for file D:\MusicProcessing\tests\Music\test.m3u
Traceback (most recent call last):
  File "D:\MusicProcessing\src\audio_info\audio_metadata.py", line 606, in get_media_info
    output = subprocess_utils.popen_pipe(command)
             ^^^^^^^^^^^^^^^^^^^^^^^^^^^^^^^^^^^^
  File "D:\MusicProcessing\src\subprocess_utils.py", line 81, in popen_pipe
    raise r_error
  File "D:\MusicProcessing\src\subprocess_utils.py", line 78, in popen_pipe
    raise RuntimeError(f"RuntimeError running command {shlex.join(command)}")
RuntimeError: RuntimeError running command ffprobe -v quiet -show_format -show_streams 'D:\MusicProcessing\tests\Music\test.m3u'

2025-09-24 16:29:50,698 — src.subprocess_utils — ERROR — subprocess_run:232 — CalledProcessError returncode: 1 on command ['ffprobe', '-v', 'quiet', '-of', 'json', '-show_entries', 'format_tags', 'D:\\MusicProcessing\\tests\\Music\\test.m3u']
Traceback (most recent call last):
  File "D:\MusicProcessing\src\subprocess_utils.py", line 223, in subprocess_run
    process = subprocess.run(
              ^^^^^^^^^^^^^^^
  File "c:\Users\gmanw\AppData\Local\Programs\Python\Python312\Lib\subprocess.py", line 571, in run
    raise CalledProcessError(retcode, process.args,
subprocess.CalledProcessError: Command '['ffprobe', '-v', 'quiet', '-of', 'json', '-show_entries', 'format_tags', 'D:\\MusicProcessing\\tests\\Music\\test.m3u']' returned non-zero exit status 1.
Stack (most recent call last):
  File "c:\Users\gmanw\AppData\Local\Programs\Python\Python312\Lib\runpy.py", line 198, in _run_module_as_main
    return _run_code(code, main_globals, None,
  File "c:\Users\gmanw\AppData\Local\Programs\Python\Python312\Lib\runpy.py", line 88, in _run_code
    exec(code, run_globals)
  File "c:\Users\gmanw\.vscode\extensions\ms-python.debugpy-2025.10.0-win32-x64\bundled\libs\debugpy\launcher/../..\debugpy\__main__.py", line 71, in <module>
    cli.main()
  File "c:\Users\gmanw\.vscode\extensions\ms-python.debugpy-2025.10.0-win32-x64\bundled\libs\debugpy\launcher/../..\debugpy/..\debugpy\server\cli.py", line 501, in main
    run()
  File "c:\Users\gmanw\.vscode\extensions\ms-python.debugpy-2025.10.0-win32-x64\bundled\libs\debugpy\launcher/../..\debugpy/..\debugpy\server\cli.py", line 351, in run_file
    runpy.run_path(target, run_name="__main__")
  File "c:\Users\gmanw\.vscode\extensions\ms-python.debugpy-2025.10.0-win32-x64\bundled\libs\debugpy\_vendored\pydevd\_pydevd_bundle\pydevd_runpy.py", line 310, in run_path
    return _run_module_code(code, init_globals, run_name, pkg_name=pkg_name, script_name=fname)
  File "c:\Users\gmanw\.vscode\extensions\ms-python.debugpy-2025.10.0-win32-x64\bundled\libs\debugpy\_vendored\pydevd\_pydevd_bundle\pydevd_runpy.py", line 127, in _run_module_code
    _run_code(code, mod_globals, init_globals, mod_name, mod_spec, pkg_name, script_name)
  File "c:\Users\gmanw\.vscode\extensions\ms-python.debugpy-2025.10.0-win32-x64\bundled\libs\debugpy\_vendored\pydevd\_pydevd_bundle\pydevd_runpy.py", line 118, in _run_code
    exec(code, run_globals)
  File "D:\MusicProcessing\tests\test_audio_metadata.py", line 874, in <module>
    runner.run(suite)
  File "c:\Users\gmanw\AppData\Local\Programs\Python\Python312\Lib\unittest\runner.py", line 240, in run
    test(result)
  File "c:\Users\gmanw\AppData\Local\Programs\Python\Python312\Lib\unittest\suite.py", line 84, in __call__
    return self.run(*args, **kwds)
  File "c:\Users\gmanw\AppData\Local\Programs\Python\Python312\Lib\unittest\suite.py", line 122, in run
    test(result)
  File "c:\Users\gmanw\AppData\Local\Programs\Python\Python312\Lib\unittest\case.py", line 690, in __call__
    return self.run(*args, **kwds)
  File "c:\Users\gmanw\AppData\Local\Programs\Python\Python312\Lib\unittest\case.py", line 634, in run
    self._callTestMethod(testMethod)
  File "c:\Users\gmanw\AppData\Local\Programs\Python\Python312\Lib\unittest\case.py", line 589, in _callTestMethod
    if method() is not None:
  File "D:\MusicProcessing\tests\test_audio_metadata.py", line 554, in test_get_media_tags_invalid_file
    media_tags = metadata.get_media_tags(TEST_M3U)
  File "D:\MusicProcessing\src\audio_info\audio_metadata.py", line 757, in get_media_tags
    result = subprocess_utils.subprocess_run(command)
  File "D:\MusicProcessing\src\subprocess_utils.py", line 232, in subprocess_run
    logger.exception(f"CalledProcessError returncode: {cp_error.returncode} on command {cp_error.cmd}", stack_info=True)

2025-09-24 16:29:50,700 — src.audio_info.audio_metadata — ERROR — get_media_tags:767 — Exception CalledProcessError getting media tags for file D:\MusicProcessing\tests\Music\test.m3u
Traceback (most recent call last):
  File "D:\MusicProcessing\src\audio_info\audio_metadata.py", line 757, in get_media_tags
    result = subprocess_utils.subprocess_run(command)
             ^^^^^^^^^^^^^^^^^^^^^^^^^^^^^^^^^^^^^^^^
  File "D:\MusicProcessing\src\subprocess_utils.py", line 233, in subprocess_run
    raise cp_error
  File "D:\MusicProcessing\src\subprocess_utils.py", line 223, in subprocess_run
    process = subprocess.run(
              ^^^^^^^^^^^^^^^
  File "c:\Users\gmanw\AppData\Local\Programs\Python\Python312\Lib\subprocess.py", line 571, in run
    raise CalledProcessError(retcode, process.args,
subprocess.CalledProcessError: Command '['ffprobe', '-v', 'quiet', '-of', 'json', '-show_entries', 'format_tags', 'D:\\MusicProcessing\\tests\\Music\\test.m3u']' returned non-zero exit status 1.
Stack (most recent call last):
  File "c:\Users\gmanw\AppData\Local\Programs\Python\Python312\Lib\runpy.py", line 198, in _run_module_as_main
    return _run_code(code, main_globals, None,
  File "c:\Users\gmanw\AppData\Local\Programs\Python\Python312\Lib\runpy.py", line 88, in _run_code
    exec(code, run_globals)
  File "c:\Users\gmanw\.vscode\extensions\ms-python.debugpy-2025.10.0-win32-x64\bundled\libs\debugpy\launcher/../..\debugpy\__main__.py", line 71, in <module>
    cli.main()
  File "c:\Users\gmanw\.vscode\extensions\ms-python.debugpy-2025.10.0-win32-x64\bundled\libs\debugpy\launcher/../..\debugpy/..\debugpy\server\cli.py", line 501, in main
    run()
  File "c:\Users\gmanw\.vscode\extensions\ms-python.debugpy-2025.10.0-win32-x64\bundled\libs\debugpy\launcher/../..\debugpy/..\debugpy\server\cli.py", line 351, in run_file
    runpy.run_path(target, run_name="__main__")
  File "c:\Users\gmanw\.vscode\extensions\ms-python.debugpy-2025.10.0-win32-x64\bundled\libs\debugpy\_vendored\pydevd\_pydevd_bundle\pydevd_runpy.py", line 310, in run_path
    return _run_module_code(code, init_globals, run_name, pkg_name=pkg_name, script_name=fname)
  File "c:\Users\gmanw\.vscode\extensions\ms-python.debugpy-2025.10.0-win32-x64\bundled\libs\debugpy\_vendored\pydevd\_pydevd_bundle\pydevd_runpy.py", line 127, in _run_module_code
    _run_code(code, mod_globals, init_globals, mod_name, mod_spec, pkg_name, script_name)
  File "c:\Users\gmanw\.vscode\extensions\ms-python.debugpy-2025.10.0-win32-x64\bundled\libs\debugpy\_vendored\pydevd\_pydevd_bundle\pydevd_runpy.py", line 118, in _run_code
    exec(code, run_globals)
  File "D:\MusicProcessing\tests\test_audio_metadata.py", line 874, in <module>
    runner.run(suite)
  File "c:\Users\gmanw\AppData\Local\Programs\Python\Python312\Lib\unittest\runner.py", line 240, in run
    test(result)
  File "c:\Users\gmanw\AppData\Local\Programs\Python\Python312\Lib\unittest\suite.py", line 84, in __call__
    return self.run(*args, **kwds)
  File "c:\Users\gmanw\AppData\Local\Programs\Python\Python312\Lib\unittest\suite.py", line 122, in run
    test(result)
  File "c:\Users\gmanw\AppData\Local\Programs\Python\Python312\Lib\unittest\case.py", line 690, in __call__
    return self.run(*args, **kwds)
  File "c:\Users\gmanw\AppData\Local\Programs\Python\Python312\Lib\unittest\case.py", line 634, in run
    self._callTestMethod(testMethod)
  File "c:\Users\gmanw\AppData\Local\Programs\Python\Python312\Lib\unittest\case.py", line 589, in _callTestMethod
    if method() is not None:
  File "D:\MusicProcessing\tests\test_audio_metadata.py", line 554, in test_get_media_tags_invalid_file
    media_tags = metadata.get_media_tags(TEST_M3U)
  File "D:\MusicProcessing\src\audio_info\audio_metadata.py", line 767, in get_media_tags
    logger.exception(f"Exception {type(e_error).__name__} getting media tags for file {file_path}", stack_info=True)

2025-09-24 16:30:49,674 — src.subprocess_utils — ERROR — popen_pipe:77 — RuntimeError running command ffprobe -v quiet -show_format -show_streams 'D:\MusicProcessing\tests\Music\test.m3u'
NoneType: None

2025-09-24 16:30:49,675 — src.audio_info.audio_metadata — ERROR — get_media_info:666 — Exception getting media info for file D:\MusicProcessing\tests\Music\test.m3u
Traceback (most recent call last):
  File "D:\MusicProcessing\src\audio_info\audio_metadata.py", line 606, in get_media_info
    output = subprocess_utils.popen_pipe(command)
             ^^^^^^^^^^^^^^^^^^^^^^^^^^^^^^^^^^^^
  File "D:\MusicProcessing\src\subprocess_utils.py", line 81, in popen_pipe
    raise r_error
  File "D:\MusicProcessing\src\subprocess_utils.py", line 78, in popen_pipe
    raise RuntimeError(f"RuntimeError running command {shlex.join(command)}")
RuntimeError: RuntimeError running command ffprobe -v quiet -show_format -show_streams 'D:\MusicProcessing\tests\Music\test.m3u'

2025-09-24 16:30:49,924 — src.subprocess_utils — ERROR — subprocess_run:232 — CalledProcessError returncode: 1 on command ['ffprobe', '-v', 'quiet', '-of', 'json', '-show_entries', 'format_tags', 'D:\\MusicProcessing\\tests\\Music\\test.m3u']
Traceback (most recent call last):
  File "D:\MusicProcessing\src\subprocess_utils.py", line 223, in subprocess_run
    process = subprocess.run(
              ^^^^^^^^^^^^^^^
  File "c:\Users\gmanw\AppData\Local\Programs\Python\Python312\Lib\subprocess.py", line 571, in run
    raise CalledProcessError(retcode, process.args,
subprocess.CalledProcessError: Command '['ffprobe', '-v', 'quiet', '-of', 'json', '-show_entries', 'format_tags', 'D:\\MusicProcessing\\tests\\Music\\test.m3u']' returned non-zero exit status 1.
Stack (most recent call last):
  File "c:\Users\gmanw\AppData\Local\Programs\Python\Python312\Lib\runpy.py", line 198, in _run_module_as_main
    return _run_code(code, main_globals, None,
  File "c:\Users\gmanw\AppData\Local\Programs\Python\Python312\Lib\runpy.py", line 88, in _run_code
    exec(code, run_globals)
  File "c:\Users\gmanw\.vscode\extensions\ms-python.debugpy-2025.10.0-win32-x64\bundled\libs\debugpy\launcher/../..\debugpy\__main__.py", line 71, in <module>
    cli.main()
  File "c:\Users\gmanw\.vscode\extensions\ms-python.debugpy-2025.10.0-win32-x64\bundled\libs\debugpy\launcher/../..\debugpy/..\debugpy\server\cli.py", line 501, in main
    run()
  File "c:\Users\gmanw\.vscode\extensions\ms-python.debugpy-2025.10.0-win32-x64\bundled\libs\debugpy\launcher/../..\debugpy/..\debugpy\server\cli.py", line 351, in run_file
    runpy.run_path(target, run_name="__main__")
  File "c:\Users\gmanw\.vscode\extensions\ms-python.debugpy-2025.10.0-win32-x64\bundled\libs\debugpy\_vendored\pydevd\_pydevd_bundle\pydevd_runpy.py", line 310, in run_path
    return _run_module_code(code, init_globals, run_name, pkg_name=pkg_name, script_name=fname)
  File "c:\Users\gmanw\.vscode\extensions\ms-python.debugpy-2025.10.0-win32-x64\bundled\libs\debugpy\_vendored\pydevd\_pydevd_bundle\pydevd_runpy.py", line 127, in _run_module_code
    _run_code(code, mod_globals, init_globals, mod_name, mod_spec, pkg_name, script_name)
  File "c:\Users\gmanw\.vscode\extensions\ms-python.debugpy-2025.10.0-win32-x64\bundled\libs\debugpy\_vendored\pydevd\_pydevd_bundle\pydevd_runpy.py", line 118, in _run_code
    exec(code, run_globals)
  File "D:\MusicProcessing\tests\test_audio_metadata.py", line 873, in <module>
    runner.run(suite)
  File "c:\Users\gmanw\AppData\Local\Programs\Python\Python312\Lib\unittest\runner.py", line 240, in run
    test(result)
  File "c:\Users\gmanw\AppData\Local\Programs\Python\Python312\Lib\unittest\suite.py", line 84, in __call__
    return self.run(*args, **kwds)
  File "c:\Users\gmanw\AppData\Local\Programs\Python\Python312\Lib\unittest\suite.py", line 122, in run
    test(result)
  File "c:\Users\gmanw\AppData\Local\Programs\Python\Python312\Lib\unittest\case.py", line 690, in __call__
    return self.run(*args, **kwds)
  File "c:\Users\gmanw\AppData\Local\Programs\Python\Python312\Lib\unittest\case.py", line 634, in run
    self._callTestMethod(testMethod)
  File "c:\Users\gmanw\AppData\Local\Programs\Python\Python312\Lib\unittest\case.py", line 589, in _callTestMethod
    if method() is not None:
  File "D:\MusicProcessing\tests\test_audio_metadata.py", line 554, in test_get_media_tags_invalid_file
    media_tags = metadata.get_media_tags(TEST_M3U)
  File "D:\MusicProcessing\src\audio_info\audio_metadata.py", line 757, in get_media_tags
    result = subprocess_utils.subprocess_run(command)
  File "D:\MusicProcessing\src\subprocess_utils.py", line 232, in subprocess_run
    logger.exception(f"CalledProcessError returncode: {cp_error.returncode} on command {cp_error.cmd}", stack_info=True)

2025-09-24 16:30:49,931 — src.audio_info.audio_metadata — ERROR — get_media_tags:767 — Exception CalledProcessError getting media tags for file D:\MusicProcessing\tests\Music\test.m3u
Traceback (most recent call last):
  File "D:\MusicProcessing\src\audio_info\audio_metadata.py", line 757, in get_media_tags
    result = subprocess_utils.subprocess_run(command)
             ^^^^^^^^^^^^^^^^^^^^^^^^^^^^^^^^^^^^^^^^
  File "D:\MusicProcessing\src\subprocess_utils.py", line 233, in subprocess_run
    raise cp_error
  File "D:\MusicProcessing\src\subprocess_utils.py", line 223, in subprocess_run
    process = subprocess.run(
              ^^^^^^^^^^^^^^^
  File "c:\Users\gmanw\AppData\Local\Programs\Python\Python312\Lib\subprocess.py", line 571, in run
    raise CalledProcessError(retcode, process.args,
subprocess.CalledProcessError: Command '['ffprobe', '-v', 'quiet', '-of', 'json', '-show_entries', 'format_tags', 'D:\\MusicProcessing\\tests\\Music\\test.m3u']' returned non-zero exit status 1.
Stack (most recent call last):
  File "c:\Users\gmanw\AppData\Local\Programs\Python\Python312\Lib\runpy.py", line 198, in _run_module_as_main
    return _run_code(code, main_globals, None,
  File "c:\Users\gmanw\AppData\Local\Programs\Python\Python312\Lib\runpy.py", line 88, in _run_code
    exec(code, run_globals)
  File "c:\Users\gmanw\.vscode\extensions\ms-python.debugpy-2025.10.0-win32-x64\bundled\libs\debugpy\launcher/../..\debugpy\__main__.py", line 71, in <module>
    cli.main()
  File "c:\Users\gmanw\.vscode\extensions\ms-python.debugpy-2025.10.0-win32-x64\bundled\libs\debugpy\launcher/../..\debugpy/..\debugpy\server\cli.py", line 501, in main
    run()
  File "c:\Users\gmanw\.vscode\extensions\ms-python.debugpy-2025.10.0-win32-x64\bundled\libs\debugpy\launcher/../..\debugpy/..\debugpy\server\cli.py", line 351, in run_file
    runpy.run_path(target, run_name="__main__")
  File "c:\Users\gmanw\.vscode\extensions\ms-python.debugpy-2025.10.0-win32-x64\bundled\libs\debugpy\_vendored\pydevd\_pydevd_bundle\pydevd_runpy.py", line 310, in run_path
    return _run_module_code(code, init_globals, run_name, pkg_name=pkg_name, script_name=fname)
  File "c:\Users\gmanw\.vscode\extensions\ms-python.debugpy-2025.10.0-win32-x64\bundled\libs\debugpy\_vendored\pydevd\_pydevd_bundle\pydevd_runpy.py", line 127, in _run_module_code
    _run_code(code, mod_globals, init_globals, mod_name, mod_spec, pkg_name, script_name)
  File "c:\Users\gmanw\.vscode\extensions\ms-python.debugpy-2025.10.0-win32-x64\bundled\libs\debugpy\_vendored\pydevd\_pydevd_bundle\pydevd_runpy.py", line 118, in _run_code
    exec(code, run_globals)
  File "D:\MusicProcessing\tests\test_audio_metadata.py", line 873, in <module>
    runner.run(suite)
  File "c:\Users\gmanw\AppData\Local\Programs\Python\Python312\Lib\unittest\runner.py", line 240, in run
    test(result)
  File "c:\Users\gmanw\AppData\Local\Programs\Python\Python312\Lib\unittest\suite.py", line 84, in __call__
    return self.run(*args, **kwds)
  File "c:\Users\gmanw\AppData\Local\Programs\Python\Python312\Lib\unittest\suite.py", line 122, in run
    test(result)
  File "c:\Users\gmanw\AppData\Local\Programs\Python\Python312\Lib\unittest\case.py", line 690, in __call__
    return self.run(*args, **kwds)
  File "c:\Users\gmanw\AppData\Local\Programs\Python\Python312\Lib\unittest\case.py", line 634, in run
    self._callTestMethod(testMethod)
  File "c:\Users\gmanw\AppData\Local\Programs\Python\Python312\Lib\unittest\case.py", line 589, in _callTestMethod
    if method() is not None:
  File "D:\MusicProcessing\tests\test_audio_metadata.py", line 554, in test_get_media_tags_invalid_file
    media_tags = metadata.get_media_tags(TEST_M3U)
  File "D:\MusicProcessing\src\audio_info\audio_metadata.py", line 767, in get_media_tags
    logger.exception(f"Exception {type(e_error).__name__} getting media tags for file {file_path}", stack_info=True)

2025-09-24 16:31:36,411 — src.audio_info.audio_metadata — ERROR — get_media_tags:764 — JSONDecodeError decoding JSON output from ffprobe
Traceback (most recent call last):
  File "D:\MusicProcessing\src\audio_info\audio_metadata.py", line 758, in get_media_tags
    data = json.loads(result.stdout)
           ^^^^^^^^^^^^^^^^^^^^^^^^^
  File "c:\Users\gmanw\AppData\Local\Programs\Python\Python312\Lib\json\__init__.py", line 346, in loads
    return _default_decoder.decode(s)
           ^^^^^^^^^^^^^^^^^^^^^^^^^^
  File "c:\Users\gmanw\AppData\Local\Programs\Python\Python312\Lib\json\decoder.py", line 337, in decode
    obj, end = self.raw_decode(s, idx=_w(s, 0).end())
               ^^^^^^^^^^^^^^^^^^^^^^^^^^^^^^^^^^^^^^
  File "c:\Users\gmanw\AppData\Local\Programs\Python\Python312\Lib\json\decoder.py", line 353, in raw_decode
    obj, end = self.scan_once(s, idx)
               ^^^^^^^^^^^^^^^^^^^^^^
json.decoder.JSONDecodeError: Expecting ',' delimiter: line 22 column 1 (char 320)

2025-09-24 16:37:31,181 — src.subprocess_utils — ERROR — popen_pipe:77 — RuntimeError running command ffprobe -v quiet -show_format -show_streams 'D:\MusicProcessing\tests\Music\test.m3u'
NoneType: None

2025-09-24 16:37:31,181 — src.audio_info.audio_metadata — ERROR — get_media_info:666 — Exception getting media info for file D:\MusicProcessing\tests\Music\test.m3u
Traceback (most recent call last):
  File "D:\MusicProcessing\src\audio_info\audio_metadata.py", line 606, in get_media_info
    output = subprocess_utils.popen_pipe(command)
             ^^^^^^^^^^^^^^^^^^^^^^^^^^^^^^^^^^^^
  File "D:\MusicProcessing\src\subprocess_utils.py", line 81, in popen_pipe
    raise r_error
  File "D:\MusicProcessing\src\subprocess_utils.py", line 78, in popen_pipe
    raise RuntimeError(f"RuntimeError running command {shlex.join(command)}")
RuntimeError: RuntimeError running command ffprobe -v quiet -show_format -show_streams 'D:\MusicProcessing\tests\Music\test.m3u'

2025-09-24 16:37:31,445 — src.subprocess_utils — ERROR — subprocess_run:232 — CalledProcessError returncode: 1 on command ['ffprobe', '-v', 'quiet', '-of', 'json', '-show_entries', 'format_tags', 'D:\\MusicProcessing\\tests\\Music\\test.m3u']
Traceback (most recent call last):
  File "D:\MusicProcessing\src\subprocess_utils.py", line 223, in subprocess_run
    process = subprocess.run(
              ^^^^^^^^^^^^^^^
  File "c:\Users\gmanw\AppData\Local\Programs\Python\Python312\Lib\subprocess.py", line 571, in run
    raise CalledProcessError(retcode, process.args,
subprocess.CalledProcessError: Command '['ffprobe', '-v', 'quiet', '-of', 'json', '-show_entries', 'format_tags', 'D:\\MusicProcessing\\tests\\Music\\test.m3u']' returned non-zero exit status 1.
Stack (most recent call last):
  File "c:\Users\gmanw\AppData\Local\Programs\Python\Python312\Lib\runpy.py", line 198, in _run_module_as_main
    return _run_code(code, main_globals, None,
  File "c:\Users\gmanw\AppData\Local\Programs\Python\Python312\Lib\runpy.py", line 88, in _run_code
    exec(code, run_globals)
  File "c:\Users\gmanw\.vscode\extensions\ms-python.debugpy-2025.10.0-win32-x64\bundled\libs\debugpy\launcher/../..\debugpy\__main__.py", line 71, in <module>
    cli.main()
  File "c:\Users\gmanw\.vscode\extensions\ms-python.debugpy-2025.10.0-win32-x64\bundled\libs\debugpy\launcher/../..\debugpy/..\debugpy\server\cli.py", line 501, in main
    run()
  File "c:\Users\gmanw\.vscode\extensions\ms-python.debugpy-2025.10.0-win32-x64\bundled\libs\debugpy\launcher/../..\debugpy/..\debugpy\server\cli.py", line 351, in run_file
    runpy.run_path(target, run_name="__main__")
  File "c:\Users\gmanw\.vscode\extensions\ms-python.debugpy-2025.10.0-win32-x64\bundled\libs\debugpy\_vendored\pydevd\_pydevd_bundle\pydevd_runpy.py", line 310, in run_path
    return _run_module_code(code, init_globals, run_name, pkg_name=pkg_name, script_name=fname)
  File "c:\Users\gmanw\.vscode\extensions\ms-python.debugpy-2025.10.0-win32-x64\bundled\libs\debugpy\_vendored\pydevd\_pydevd_bundle\pydevd_runpy.py", line 127, in _run_module_code
    _run_code(code, mod_globals, init_globals, mod_name, mod_spec, pkg_name, script_name)
  File "c:\Users\gmanw\.vscode\extensions\ms-python.debugpy-2025.10.0-win32-x64\bundled\libs\debugpy\_vendored\pydevd\_pydevd_bundle\pydevd_runpy.py", line 118, in _run_code
    exec(code, run_globals)
  File "D:\MusicProcessing\tests\test_audio_metadata.py", line 873, in <module>
    runner.run(suite)
  File "c:\Users\gmanw\AppData\Local\Programs\Python\Python312\Lib\unittest\runner.py", line 240, in run
    test(result)
  File "c:\Users\gmanw\AppData\Local\Programs\Python\Python312\Lib\unittest\suite.py", line 84, in __call__
    return self.run(*args, **kwds)
  File "c:\Users\gmanw\AppData\Local\Programs\Python\Python312\Lib\unittest\suite.py", line 122, in run
    test(result)
  File "c:\Users\gmanw\AppData\Local\Programs\Python\Python312\Lib\unittest\case.py", line 690, in __call__
    return self.run(*args, **kwds)
  File "c:\Users\gmanw\AppData\Local\Programs\Python\Python312\Lib\unittest\case.py", line 634, in run
    self._callTestMethod(testMethod)
  File "c:\Users\gmanw\AppData\Local\Programs\Python\Python312\Lib\unittest\case.py", line 589, in _callTestMethod
    if method() is not None:
  File "D:\MusicProcessing\tests\test_audio_metadata.py", line 554, in test_get_media_tags_invalid_file
    media_tags = metadata.get_media_tags(TEST_M3U)
  File "D:\MusicProcessing\src\audio_info\audio_metadata.py", line 757, in get_media_tags
    result = subprocess_utils.subprocess_run(command)
  File "D:\MusicProcessing\src\subprocess_utils.py", line 232, in subprocess_run
    logger.exception(f"CalledProcessError returncode: {cp_error.returncode} on command {cp_error.cmd}", stack_info=True)

2025-09-24 16:37:31,447 — src.audio_info.audio_metadata — ERROR — get_media_tags:767 — Exception CalledProcessError getting media tags for file D:\MusicProcessing\tests\Music\test.m3u
Traceback (most recent call last):
  File "D:\MusicProcessing\src\audio_info\audio_metadata.py", line 757, in get_media_tags
    result = subprocess_utils.subprocess_run(command)
             ^^^^^^^^^^^^^^^^^^^^^^^^^^^^^^^^^^^^^^^^
  File "D:\MusicProcessing\src\subprocess_utils.py", line 233, in subprocess_run
    raise cp_error
  File "D:\MusicProcessing\src\subprocess_utils.py", line 223, in subprocess_run
    process = subprocess.run(
              ^^^^^^^^^^^^^^^
  File "c:\Users\gmanw\AppData\Local\Programs\Python\Python312\Lib\subprocess.py", line 571, in run
    raise CalledProcessError(retcode, process.args,
subprocess.CalledProcessError: Command '['ffprobe', '-v', 'quiet', '-of', 'json', '-show_entries', 'format_tags', 'D:\\MusicProcessing\\tests\\Music\\test.m3u']' returned non-zero exit status 1.
Stack (most recent call last):
  File "c:\Users\gmanw\AppData\Local\Programs\Python\Python312\Lib\runpy.py", line 198, in _run_module_as_main
    return _run_code(code, main_globals, None,
  File "c:\Users\gmanw\AppData\Local\Programs\Python\Python312\Lib\runpy.py", line 88, in _run_code
    exec(code, run_globals)
  File "c:\Users\gmanw\.vscode\extensions\ms-python.debugpy-2025.10.0-win32-x64\bundled\libs\debugpy\launcher/../..\debugpy\__main__.py", line 71, in <module>
    cli.main()
  File "c:\Users\gmanw\.vscode\extensions\ms-python.debugpy-2025.10.0-win32-x64\bundled\libs\debugpy\launcher/../..\debugpy/..\debugpy\server\cli.py", line 501, in main
    run()
  File "c:\Users\gmanw\.vscode\extensions\ms-python.debugpy-2025.10.0-win32-x64\bundled\libs\debugpy\launcher/../..\debugpy/..\debugpy\server\cli.py", line 351, in run_file
    runpy.run_path(target, run_name="__main__")
  File "c:\Users\gmanw\.vscode\extensions\ms-python.debugpy-2025.10.0-win32-x64\bundled\libs\debugpy\_vendored\pydevd\_pydevd_bundle\pydevd_runpy.py", line 310, in run_path
    return _run_module_code(code, init_globals, run_name, pkg_name=pkg_name, script_name=fname)
  File "c:\Users\gmanw\.vscode\extensions\ms-python.debugpy-2025.10.0-win32-x64\bundled\libs\debugpy\_vendored\pydevd\_pydevd_bundle\pydevd_runpy.py", line 127, in _run_module_code
    _run_code(code, mod_globals, init_globals, mod_name, mod_spec, pkg_name, script_name)
  File "c:\Users\gmanw\.vscode\extensions\ms-python.debugpy-2025.10.0-win32-x64\bundled\libs\debugpy\_vendored\pydevd\_pydevd_bundle\pydevd_runpy.py", line 118, in _run_code
    exec(code, run_globals)
  File "D:\MusicProcessing\tests\test_audio_metadata.py", line 873, in <module>
    runner.run(suite)
  File "c:\Users\gmanw\AppData\Local\Programs\Python\Python312\Lib\unittest\runner.py", line 240, in run
    test(result)
  File "c:\Users\gmanw\AppData\Local\Programs\Python\Python312\Lib\unittest\suite.py", line 84, in __call__
    return self.run(*args, **kwds)
  File "c:\Users\gmanw\AppData\Local\Programs\Python\Python312\Lib\unittest\suite.py", line 122, in run
    test(result)
  File "c:\Users\gmanw\AppData\Local\Programs\Python\Python312\Lib\unittest\case.py", line 690, in __call__
    return self.run(*args, **kwds)
  File "c:\Users\gmanw\AppData\Local\Programs\Python\Python312\Lib\unittest\case.py", line 634, in run
    self._callTestMethod(testMethod)
  File "c:\Users\gmanw\AppData\Local\Programs\Python\Python312\Lib\unittest\case.py", line 589, in _callTestMethod
    if method() is not None:
  File "D:\MusicProcessing\tests\test_audio_metadata.py", line 554, in test_get_media_tags_invalid_file
    media_tags = metadata.get_media_tags(TEST_M3U)
  File "D:\MusicProcessing\src\audio_info\audio_metadata.py", line 767, in get_media_tags
    logger.exception(f"Exception {type(e_error).__name__} getting media tags for file {file_path}", stack_info=True)

2025-09-24 16:38:06,632 — src.audio_info.audio_metadata — ERROR — get_media_tags:764 — JSONDecodeError decoding JSON output from ffprobe
Traceback (most recent call last):
  File "D:\MusicProcessing\src\audio_info\audio_metadata.py", line 758, in get_media_tags
    data = json.loads(result.stdout)
           ^^^^^^^^^^^^^^^^^^^^^^^^^
  File "c:\Users\gmanw\AppData\Local\Programs\Python\Python312\Lib\json\__init__.py", line 346, in loads
    return _default_decoder.decode(s)
           ^^^^^^^^^^^^^^^^^^^^^^^^^^
  File "c:\Users\gmanw\AppData\Local\Programs\Python\Python312\Lib\json\decoder.py", line 337, in decode
    obj, end = self.raw_decode(s, idx=_w(s, 0).end())
               ^^^^^^^^^^^^^^^^^^^^^^^^^^^^^^^^^^^^^^
  File "c:\Users\gmanw\AppData\Local\Programs\Python\Python312\Lib\json\decoder.py", line 353, in raw_decode
    obj, end = self.scan_once(s, idx)
               ^^^^^^^^^^^^^^^^^^^^^^
json.decoder.JSONDecodeError: Expecting ',' delimiter: line 22 column 1 (char 320)

2025-09-24 16:38:08,033 — src.audio_info.audio_metadata — ERROR — has_art_tag:936 — MusicProcessingError with file: D:\MusicProcessing\tests\Music\test has invalid extension: .m3u
NoneType: None

2025-09-24 16:38:08,065 — src.audio_info.audio_metadata — ERROR — load_any_file:982 — ValueError loading D:\MusicProcessing\tests\Music\test.m3u returned None
NoneType: None

2025-09-24 16:38:08,066 — src.audio_info.audio_metadata — ERROR — load_any_file:986 — MutagenError [Errno 2] No such file or directory: 'D:\\MusicProcessing\\tests\\Music\\Non-extant.wav' loading D:\MusicProcessing\tests\Music\Non-extant.wav
Traceback (most recent call last):
  File "c:\Users\gmanw\AppData\Local\Programs\Python\Python312\Lib\site-packages\mutagen\_util.py", line 251, in _openfile
    fileobj = open(filename, "rb+" if writable else "rb")
              ^^^^^^^^^^^^^^^^^^^^^^^^^^^^^^^^^^^^^^^^^^^
FileNotFoundError: [Errno 2] No such file or directory: 'D:\\MusicProcessing\\tests\\Music\\Non-extant.wav'

During handling of the above exception, another exception occurred:

Traceback (most recent call last):
  File "D:\MusicProcessing\src\audio_info\audio_metadata.py", line 978, in load_any_file
    audio_file = mutagen.File(file_path)
                 ^^^^^^^^^^^^^^^^^^^^^^^
  File "c:\Users\gmanw\AppData\Local\Programs\Python\Python312\Lib\site-packages\mutagen\_util.py", line 162, in wrapper_func
    with _openfile(None, filething, filename, fileobj,
  File "c:\Users\gmanw\AppData\Local\Programs\Python\Python312\Lib\contextlib.py", line 137, in __enter__
    return next(self.gen)
           ^^^^^^^^^^^^^^
  File "c:\Users\gmanw\AppData\Local\Programs\Python\Python312\Lib\site-packages\mutagen\_util.py", line 272, in _openfile
    raise MutagenError(e)
mutagen.MutagenError: [Errno 2] No such file or directory: 'D:\\MusicProcessing\\tests\\Music\\Non-extant.wav'

2025-09-24 16:42:34,634 — src.subprocess_utils — ERROR — popen_pipe:77 — RuntimeError running command ffprobe -v quiet -show_format -show_streams 'D:\MusicProcessing\tests\Music\test.m3u'
NoneType: None

2025-09-24 16:42:34,654 — src.audio_info.audio_metadata — ERROR — get_media_info:666 — Exception getting media info for file D:\MusicProcessing\tests\Music\test.m3u
Traceback (most recent call last):
  File "D:\MusicProcessing\src\audio_info\audio_metadata.py", line 606, in get_media_info
    output = subprocess_utils.popen_pipe(command)
             ^^^^^^^^^^^^^^^^^^^^^^^^^^^^^^^^^^^^
  File "D:\MusicProcessing\src\subprocess_utils.py", line 81, in popen_pipe
    raise r_error
  File "D:\MusicProcessing\src\subprocess_utils.py", line 78, in popen_pipe
    raise RuntimeError(f"RuntimeError running command {shlex.join(command)}")
RuntimeError: RuntimeError running command ffprobe -v quiet -show_format -show_streams 'D:\MusicProcessing\tests\Music\test.m3u'

2025-09-24 16:42:34,903 — src.subprocess_utils — ERROR — subprocess_run:232 — CalledProcessError returncode: 1 on command ['ffprobe', '-v', 'quiet', '-of', 'json', '-show_entries', 'format_tags', 'D:\\MusicProcessing\\tests\\Music\\test.m3u']
Traceback (most recent call last):
  File "D:\MusicProcessing\src\subprocess_utils.py", line 223, in subprocess_run
    process = subprocess.run(
              ^^^^^^^^^^^^^^^
  File "c:\Users\gmanw\AppData\Local\Programs\Python\Python312\Lib\subprocess.py", line 571, in run
    raise CalledProcessError(retcode, process.args,
subprocess.CalledProcessError: Command '['ffprobe', '-v', 'quiet', '-of', 'json', '-show_entries', 'format_tags', 'D:\\MusicProcessing\\tests\\Music\\test.m3u']' returned non-zero exit status 1.
Stack (most recent call last):
  File "c:\Users\gmanw\AppData\Local\Programs\Python\Python312\Lib\runpy.py", line 198, in _run_module_as_main
    return _run_code(code, main_globals, None,
  File "c:\Users\gmanw\AppData\Local\Programs\Python\Python312\Lib\runpy.py", line 88, in _run_code
    exec(code, run_globals)
  File "c:\Users\gmanw\.vscode\extensions\ms-python.debugpy-2025.10.0-win32-x64\bundled\libs\debugpy\launcher/../..\debugpy\__main__.py", line 71, in <module>
    cli.main()
  File "c:\Users\gmanw\.vscode\extensions\ms-python.debugpy-2025.10.0-win32-x64\bundled\libs\debugpy\launcher/../..\debugpy/..\debugpy\server\cli.py", line 501, in main
    run()
  File "c:\Users\gmanw\.vscode\extensions\ms-python.debugpy-2025.10.0-win32-x64\bundled\libs\debugpy\launcher/../..\debugpy/..\debugpy\server\cli.py", line 351, in run_file
    runpy.run_path(target, run_name="__main__")
  File "c:\Users\gmanw\.vscode\extensions\ms-python.debugpy-2025.10.0-win32-x64\bundled\libs\debugpy\_vendored\pydevd\_pydevd_bundle\pydevd_runpy.py", line 310, in run_path
    return _run_module_code(code, init_globals, run_name, pkg_name=pkg_name, script_name=fname)
  File "c:\Users\gmanw\.vscode\extensions\ms-python.debugpy-2025.10.0-win32-x64\bundled\libs\debugpy\_vendored\pydevd\_pydevd_bundle\pydevd_runpy.py", line 127, in _run_module_code
    _run_code(code, mod_globals, init_globals, mod_name, mod_spec, pkg_name, script_name)
  File "c:\Users\gmanw\.vscode\extensions\ms-python.debugpy-2025.10.0-win32-x64\bundled\libs\debugpy\_vendored\pydevd\_pydevd_bundle\pydevd_runpy.py", line 118, in _run_code
    exec(code, run_globals)
  File "D:\MusicProcessing\tests\test_audio_metadata.py", line 870, in <module>
    runner.run(suite)
  File "c:\Users\gmanw\AppData\Local\Programs\Python\Python312\Lib\unittest\runner.py", line 240, in run
    test(result)
  File "c:\Users\gmanw\AppData\Local\Programs\Python\Python312\Lib\unittest\suite.py", line 84, in __call__
    return self.run(*args, **kwds)
  File "c:\Users\gmanw\AppData\Local\Programs\Python\Python312\Lib\unittest\suite.py", line 122, in run
    test(result)
  File "c:\Users\gmanw\AppData\Local\Programs\Python\Python312\Lib\unittest\case.py", line 690, in __call__
    return self.run(*args, **kwds)
  File "c:\Users\gmanw\AppData\Local\Programs\Python\Python312\Lib\unittest\case.py", line 634, in run
    self._callTestMethod(testMethod)
  File "c:\Users\gmanw\AppData\Local\Programs\Python\Python312\Lib\unittest\case.py", line 589, in _callTestMethod
    if method() is not None:
  File "D:\MusicProcessing\tests\test_audio_metadata.py", line 554, in test_get_media_tags_invalid_file
    media_tags = metadata.get_media_tags(TEST_M3U)
  File "D:\MusicProcessing\src\audio_info\audio_metadata.py", line 757, in get_media_tags
    result = subprocess_utils.subprocess_run(command)
  File "D:\MusicProcessing\src\subprocess_utils.py", line 232, in subprocess_run
    logger.exception(f"CalledProcessError returncode: {cp_error.returncode} on command {cp_error.cmd}", stack_info=True)

2025-09-24 16:42:34,913 — src.audio_info.audio_metadata — ERROR — get_media_tags:767 — Exception CalledProcessError getting media tags for file D:\MusicProcessing\tests\Music\test.m3u
Traceback (most recent call last):
  File "D:\MusicProcessing\src\audio_info\audio_metadata.py", line 757, in get_media_tags
    result = subprocess_utils.subprocess_run(command)
             ^^^^^^^^^^^^^^^^^^^^^^^^^^^^^^^^^^^^^^^^
  File "D:\MusicProcessing\src\subprocess_utils.py", line 233, in subprocess_run
    raise cp_error
  File "D:\MusicProcessing\src\subprocess_utils.py", line 223, in subprocess_run
    process = subprocess.run(
              ^^^^^^^^^^^^^^^
  File "c:\Users\gmanw\AppData\Local\Programs\Python\Python312\Lib\subprocess.py", line 571, in run
    raise CalledProcessError(retcode, process.args,
subprocess.CalledProcessError: Command '['ffprobe', '-v', 'quiet', '-of', 'json', '-show_entries', 'format_tags', 'D:\\MusicProcessing\\tests\\Music\\test.m3u']' returned non-zero exit status 1.
Stack (most recent call last):
  File "c:\Users\gmanw\AppData\Local\Programs\Python\Python312\Lib\runpy.py", line 198, in _run_module_as_main
    return _run_code(code, main_globals, None,
  File "c:\Users\gmanw\AppData\Local\Programs\Python\Python312\Lib\runpy.py", line 88, in _run_code
    exec(code, run_globals)
  File "c:\Users\gmanw\.vscode\extensions\ms-python.debugpy-2025.10.0-win32-x64\bundled\libs\debugpy\launcher/../..\debugpy\__main__.py", line 71, in <module>
    cli.main()
  File "c:\Users\gmanw\.vscode\extensions\ms-python.debugpy-2025.10.0-win32-x64\bundled\libs\debugpy\launcher/../..\debugpy/..\debugpy\server\cli.py", line 501, in main
    run()
  File "c:\Users\gmanw\.vscode\extensions\ms-python.debugpy-2025.10.0-win32-x64\bundled\libs\debugpy\launcher/../..\debugpy/..\debugpy\server\cli.py", line 351, in run_file
    runpy.run_path(target, run_name="__main__")
  File "c:\Users\gmanw\.vscode\extensions\ms-python.debugpy-2025.10.0-win32-x64\bundled\libs\debugpy\_vendored\pydevd\_pydevd_bundle\pydevd_runpy.py", line 310, in run_path
    return _run_module_code(code, init_globals, run_name, pkg_name=pkg_name, script_name=fname)
  File "c:\Users\gmanw\.vscode\extensions\ms-python.debugpy-2025.10.0-win32-x64\bundled\libs\debugpy\_vendored\pydevd\_pydevd_bundle\pydevd_runpy.py", line 127, in _run_module_code
    _run_code(code, mod_globals, init_globals, mod_name, mod_spec, pkg_name, script_name)
  File "c:\Users\gmanw\.vscode\extensions\ms-python.debugpy-2025.10.0-win32-x64\bundled\libs\debugpy\_vendored\pydevd\_pydevd_bundle\pydevd_runpy.py", line 118, in _run_code
    exec(code, run_globals)
  File "D:\MusicProcessing\tests\test_audio_metadata.py", line 870, in <module>
    runner.run(suite)
  File "c:\Users\gmanw\AppData\Local\Programs\Python\Python312\Lib\unittest\runner.py", line 240, in run
    test(result)
  File "c:\Users\gmanw\AppData\Local\Programs\Python\Python312\Lib\unittest\suite.py", line 84, in __call__
    return self.run(*args, **kwds)
  File "c:\Users\gmanw\AppData\Local\Programs\Python\Python312\Lib\unittest\suite.py", line 122, in run
    test(result)
  File "c:\Users\gmanw\AppData\Local\Programs\Python\Python312\Lib\unittest\case.py", line 690, in __call__
    return self.run(*args, **kwds)
  File "c:\Users\gmanw\AppData\Local\Programs\Python\Python312\Lib\unittest\case.py", line 634, in run
    self._callTestMethod(testMethod)
  File "c:\Users\gmanw\AppData\Local\Programs\Python\Python312\Lib\unittest\case.py", line 589, in _callTestMethod
    if method() is not None:
  File "D:\MusicProcessing\tests\test_audio_metadata.py", line 554, in test_get_media_tags_invalid_file
    media_tags = metadata.get_media_tags(TEST_M3U)
  File "D:\MusicProcessing\src\audio_info\audio_metadata.py", line 767, in get_media_tags
    logger.exception(f"Exception {type(e_error).__name__} getting media tags for file {file_path}", stack_info=True)

2025-09-24 16:43:05,925 — src.audio_info.audio_metadata — ERROR — get_media_tags:764 — JSONDecodeError decoding JSON output from ffprobe
Traceback (most recent call last):
  File "D:\MusicProcessing\src\audio_info\audio_metadata.py", line 758, in get_media_tags
    data = json.loads(result.stdout)
           ^^^^^^^^^^^^^^^^^^^^^^^^^
  File "c:\Users\gmanw\AppData\Local\Programs\Python\Python312\Lib\json\__init__.py", line 346, in loads
    return _default_decoder.decode(s)
           ^^^^^^^^^^^^^^^^^^^^^^^^^^
  File "c:\Users\gmanw\AppData\Local\Programs\Python\Python312\Lib\json\decoder.py", line 337, in decode
    obj, end = self.raw_decode(s, idx=_w(s, 0).end())
               ^^^^^^^^^^^^^^^^^^^^^^^^^^^^^^^^^^^^^^
  File "c:\Users\gmanw\AppData\Local\Programs\Python\Python312\Lib\json\decoder.py", line 353, in raw_decode
    obj, end = self.scan_once(s, idx)
               ^^^^^^^^^^^^^^^^^^^^^^
json.decoder.JSONDecodeError: Expecting ',' delimiter: line 19 column 1 (char 273)

2025-09-24 16:43:07,176 — src.audio_info.audio_metadata — ERROR — has_art_tag:936 — MusicProcessingError with file: D:\MusicProcessing\tests\Music\test has invalid extension: .m3u
NoneType: None

2025-09-24 16:43:07,206 — src.audio_info.audio_metadata — ERROR — load_any_file:982 — ValueError loading D:\MusicProcessing\tests\Music\test.m3u returned None
NoneType: None

2025-09-24 16:43:07,210 — src.audio_info.audio_metadata — ERROR — load_any_file:986 — MutagenError [Errno 2] No such file or directory: 'D:\\MusicProcessing\\tests\\Music\\Non-extant.wav' loading D:\MusicProcessing\tests\Music\Non-extant.wav
Traceback (most recent call last):
  File "c:\Users\gmanw\AppData\Local\Programs\Python\Python312\Lib\site-packages\mutagen\_util.py", line 251, in _openfile
    fileobj = open(filename, "rb+" if writable else "rb")
              ^^^^^^^^^^^^^^^^^^^^^^^^^^^^^^^^^^^^^^^^^^^
FileNotFoundError: [Errno 2] No such file or directory: 'D:\\MusicProcessing\\tests\\Music\\Non-extant.wav'

During handling of the above exception, another exception occurred:

Traceback (most recent call last):
  File "D:\MusicProcessing\src\audio_info\audio_metadata.py", line 978, in load_any_file
    audio_file = mutagen.File(file_path)
                 ^^^^^^^^^^^^^^^^^^^^^^^
  File "c:\Users\gmanw\AppData\Local\Programs\Python\Python312\Lib\site-packages\mutagen\_util.py", line 162, in wrapper_func
    with _openfile(None, filething, filename, fileobj,
  File "c:\Users\gmanw\AppData\Local\Programs\Python\Python312\Lib\contextlib.py", line 137, in __enter__
    return next(self.gen)
           ^^^^^^^^^^^^^^
  File "c:\Users\gmanw\AppData\Local\Programs\Python\Python312\Lib\site-packages\mutagen\_util.py", line 272, in _openfile
    raise MutagenError(e)
mutagen.MutagenError: [Errno 2] No such file or directory: 'D:\\MusicProcessing\\tests\\Music\\Non-extant.wav'

2025-09-24 17:01:51,971 — src.subprocess_utils — ERROR — subprocess_run:232 — CalledProcessError returncode: 1 on command ['ffprobe', '-hide_banner', '-select_streams', 'v:0', '-show_streams', '-of', 'json', 'D:\\MusicProcessing\\tests\\Music\\Non-extant.wav']
Traceback (most recent call last):
  File "D:\MusicProcessing\src\subprocess_utils.py", line 223, in subprocess_run
    process = subprocess.run(
              ^^^^^^^^^^^^^^^
  File "c:\Users\gmanw\AppData\Local\Programs\Python\Python312\Lib\subprocess.py", line 571, in run
    raise CalledProcessError(retcode, process.args,
subprocess.CalledProcessError: Command '['ffprobe', '-hide_banner', '-select_streams', 'v:0', '-show_streams', '-of', 'json', 'D:\\MusicProcessing\\tests\\Music\\Non-extant.wav']' returned non-zero exit status 1.
Stack (most recent call last):
  File "c:\Users\gmanw\AppData\Local\Programs\Python\Python312\Lib\runpy.py", line 198, in _run_module_as_main
    return _run_code(code, main_globals, None,
  File "c:\Users\gmanw\AppData\Local\Programs\Python\Python312\Lib\runpy.py", line 88, in _run_code
    exec(code, run_globals)
  File "c:\Users\gmanw\.vscode\extensions\ms-python.debugpy-2025.10.0-win32-x64\bundled\libs\debugpy\launcher/../..\debugpy\__main__.py", line 71, in <module>
    cli.main()
  File "c:\Users\gmanw\.vscode\extensions\ms-python.debugpy-2025.10.0-win32-x64\bundled\libs\debugpy\launcher/../..\debugpy/..\debugpy\server\cli.py", line 501, in main
    run()
  File "c:\Users\gmanw\.vscode\extensions\ms-python.debugpy-2025.10.0-win32-x64\bundled\libs\debugpy\launcher/../..\debugpy/..\debugpy\server\cli.py", line 351, in run_file
    runpy.run_path(target, run_name="__main__")
  File "c:\Users\gmanw\.vscode\extensions\ms-python.debugpy-2025.10.0-win32-x64\bundled\libs\debugpy\_vendored\pydevd\_pydevd_bundle\pydevd_runpy.py", line 310, in run_path
    return _run_module_code(code, init_globals, run_name, pkg_name=pkg_name, script_name=fname)
  File "c:\Users\gmanw\.vscode\extensions\ms-python.debugpy-2025.10.0-win32-x64\bundled\libs\debugpy\_vendored\pydevd\_pydevd_bundle\pydevd_runpy.py", line 127, in _run_module_code
    _run_code(code, mod_globals, init_globals, mod_name, mod_spec, pkg_name, script_name)
  File "c:\Users\gmanw\.vscode\extensions\ms-python.debugpy-2025.10.0-win32-x64\bundled\libs\debugpy\_vendored\pydevd\_pydevd_bundle\pydevd_runpy.py", line 118, in _run_code
    exec(code, run_globals)
  File "D:\MusicProcessing\tests\test_subprocess_utilities.py", line 136, in <module>
    runner.run(suite)
  File "c:\Users\gmanw\AppData\Local\Programs\Python\Python312\Lib\unittest\runner.py", line 240, in run
    test(result)
  File "c:\Users\gmanw\AppData\Local\Programs\Python\Python312\Lib\unittest\suite.py", line 84, in __call__
    return self.run(*args, **kwds)
  File "c:\Users\gmanw\AppData\Local\Programs\Python\Python312\Lib\unittest\suite.py", line 122, in run
    test(result)
  File "c:\Users\gmanw\AppData\Local\Programs\Python\Python312\Lib\unittest\case.py", line 690, in __call__
    return self.run(*args, **kwds)
  File "c:\Users\gmanw\AppData\Local\Programs\Python\Python312\Lib\unittest\case.py", line 634, in run
    self._callTestMethod(testMethod)
  File "c:\Users\gmanw\AppData\Local\Programs\Python\Python312\Lib\unittest\case.py", line 589, in _callTestMethod
    if method() is not None:
  File "D:\MusicProcessing\tests\test_subprocess_utilities.py", line 104, in test_subprocess_run_non_extant
    probe_process = subprocess_utils.subprocess_run(probe_command)
  File "D:\MusicProcessing\src\subprocess_utils.py", line 232, in subprocess_run
    logger.exception(f"CalledProcessError returncode: {cp_error.returncode} on command {cp_error.cmd}", stack_info=True)

2025-09-24 17:02:06,886 — src.subprocess_utils — ERROR — popen_pipe:77 — RuntimeError running command ffprobe -v quiet -show_format -show_streams 'D:\MusicProcessing\tests\Music\test.m3u'
NoneType: None

2025-09-24 17:02:06,927 — src.subprocess_utils — ERROR — subprocess_run:232 — CalledProcessError returncode: 1 on command ['ffprobe', '-hide_banner', '-select_streams', 'v:0', '-show_streams', '-of', 'json', 'D:\\MusicProcessing\\tests\\Music\\Non-extant.wav']
Traceback (most recent call last):
  File "D:\MusicProcessing\src\subprocess_utils.py", line 223, in subprocess_run
    process = subprocess.run(
              ^^^^^^^^^^^^^^^
  File "c:\Users\gmanw\AppData\Local\Programs\Python\Python312\Lib\subprocess.py", line 571, in run
    raise CalledProcessError(retcode, process.args,
subprocess.CalledProcessError: Command '['ffprobe', '-hide_banner', '-select_streams', 'v:0', '-show_streams', '-of', 'json', 'D:\\MusicProcessing\\tests\\Music\\Non-extant.wav']' returned non-zero exit status 1.
Stack (most recent call last):
  File "c:\Users\gmanw\AppData\Local\Programs\Python\Python312\Lib\runpy.py", line 198, in _run_module_as_main
    return _run_code(code, main_globals, None,
  File "c:\Users\gmanw\AppData\Local\Programs\Python\Python312\Lib\runpy.py", line 88, in _run_code
    exec(code, run_globals)
  File "c:\Users\gmanw\.vscode\extensions\ms-python.debugpy-2025.10.0-win32-x64\bundled\libs\debugpy\launcher/../..\debugpy\__main__.py", line 71, in <module>
    cli.main()
  File "c:\Users\gmanw\.vscode\extensions\ms-python.debugpy-2025.10.0-win32-x64\bundled\libs\debugpy\launcher/../..\debugpy/..\debugpy\server\cli.py", line 501, in main
    run()
  File "c:\Users\gmanw\.vscode\extensions\ms-python.debugpy-2025.10.0-win32-x64\bundled\libs\debugpy\launcher/../..\debugpy/..\debugpy\server\cli.py", line 351, in run_file
    runpy.run_path(target, run_name="__main__")
  File "c:\Users\gmanw\.vscode\extensions\ms-python.debugpy-2025.10.0-win32-x64\bundled\libs\debugpy\_vendored\pydevd\_pydevd_bundle\pydevd_runpy.py", line 310, in run_path
    return _run_module_code(code, init_globals, run_name, pkg_name=pkg_name, script_name=fname)
  File "c:\Users\gmanw\.vscode\extensions\ms-python.debugpy-2025.10.0-win32-x64\bundled\libs\debugpy\_vendored\pydevd\_pydevd_bundle\pydevd_runpy.py", line 127, in _run_module_code
    _run_code(code, mod_globals, init_globals, mod_name, mod_spec, pkg_name, script_name)
  File "c:\Users\gmanw\.vscode\extensions\ms-python.debugpy-2025.10.0-win32-x64\bundled\libs\debugpy\_vendored\pydevd\_pydevd_bundle\pydevd_runpy.py", line 118, in _run_code
    exec(code, run_globals)
  File "D:\MusicProcessing\tests\test_subprocess_utilities.py", line 135, in <module>
    runner.run(suite)
  File "c:\Users\gmanw\AppData\Local\Programs\Python\Python312\Lib\unittest\runner.py", line 240, in run
    test(result)
  File "c:\Users\gmanw\AppData\Local\Programs\Python\Python312\Lib\unittest\suite.py", line 84, in __call__
    return self.run(*args, **kwds)
  File "c:\Users\gmanw\AppData\Local\Programs\Python\Python312\Lib\unittest\suite.py", line 122, in run
    test(result)
  File "c:\Users\gmanw\AppData\Local\Programs\Python\Python312\Lib\unittest\case.py", line 690, in __call__
    return self.run(*args, **kwds)
  File "c:\Users\gmanw\AppData\Local\Programs\Python\Python312\Lib\unittest\case.py", line 634, in run
    self._callTestMethod(testMethod)
  File "c:\Users\gmanw\AppData\Local\Programs\Python\Python312\Lib\unittest\case.py", line 589, in _callTestMethod
    if method() is not None:
  File "D:\MusicProcessing\tests\test_subprocess_utilities.py", line 103, in test_subprocess_run_non_extant
    probe_process = subprocess_utils.subprocess_run(probe_command)
  File "D:\MusicProcessing\src\subprocess_utils.py", line 232, in subprocess_run
    logger.exception(f"CalledProcessError returncode: {cp_error.returncode} on command {cp_error.cmd}", stack_info=True)

2025-09-24 17:02:25,143 — src.subprocess_utils — ERROR — popen_pipe:77 — RuntimeError running command ffprobe -v quiet -show_format -show_streams 'D:\MusicProcessing\tests\Music\test.m3u'
NoneType: None

2025-09-24 17:02:25,187 — src.subprocess_utils — ERROR — subprocess_run:232 — CalledProcessError returncode: 1 on command ['ffprobe', '-hide_banner', '-select_streams', 'v:0', '-show_streams', '-of', 'json', 'D:\\MusicProcessing\\tests\\Music\\Non-extant.wav']
Traceback (most recent call last):
  File "D:\MusicProcessing\src\subprocess_utils.py", line 223, in subprocess_run
    process = subprocess.run(
              ^^^^^^^^^^^^^^^
  File "c:\Users\gmanw\AppData\Local\Programs\Python\Python312\Lib\subprocess.py", line 571, in run
    raise CalledProcessError(retcode, process.args,
subprocess.CalledProcessError: Command '['ffprobe', '-hide_banner', '-select_streams', 'v:0', '-show_streams', '-of', 'json', 'D:\\MusicProcessing\\tests\\Music\\Non-extant.wav']' returned non-zero exit status 1.
Stack (most recent call last):
  File "c:\Users\gmanw\AppData\Local\Programs\Python\Python312\Lib\runpy.py", line 198, in _run_module_as_main
    return _run_code(code, main_globals, None,
  File "c:\Users\gmanw\AppData\Local\Programs\Python\Python312\Lib\runpy.py", line 88, in _run_code
    exec(code, run_globals)
  File "c:\Users\gmanw\.vscode\extensions\ms-python.debugpy-2025.10.0-win32-x64\bundled\libs\debugpy\launcher/../..\debugpy\__main__.py", line 71, in <module>
    cli.main()
  File "c:\Users\gmanw\.vscode\extensions\ms-python.debugpy-2025.10.0-win32-x64\bundled\libs\debugpy\launcher/../..\debugpy/..\debugpy\server\cli.py", line 501, in main
    run()
  File "c:\Users\gmanw\.vscode\extensions\ms-python.debugpy-2025.10.0-win32-x64\bundled\libs\debugpy\launcher/../..\debugpy/..\debugpy\server\cli.py", line 351, in run_file
    runpy.run_path(target, run_name="__main__")
  File "c:\Users\gmanw\.vscode\extensions\ms-python.debugpy-2025.10.0-win32-x64\bundled\libs\debugpy\_vendored\pydevd\_pydevd_bundle\pydevd_runpy.py", line 310, in run_path
    return _run_module_code(code, init_globals, run_name, pkg_name=pkg_name, script_name=fname)
  File "c:\Users\gmanw\.vscode\extensions\ms-python.debugpy-2025.10.0-win32-x64\bundled\libs\debugpy\_vendored\pydevd\_pydevd_bundle\pydevd_runpy.py", line 127, in _run_module_code
    _run_code(code, mod_globals, init_globals, mod_name, mod_spec, pkg_name, script_name)
  File "c:\Users\gmanw\.vscode\extensions\ms-python.debugpy-2025.10.0-win32-x64\bundled\libs\debugpy\_vendored\pydevd\_pydevd_bundle\pydevd_runpy.py", line 118, in _run_code
    exec(code, run_globals)
  File "D:\MusicProcessing\tests\test_subprocess_utilities.py", line 135, in <module>
    runner.run(suite)
  File "c:\Users\gmanw\AppData\Local\Programs\Python\Python312\Lib\unittest\runner.py", line 240, in run
    test(result)
  File "c:\Users\gmanw\AppData\Local\Programs\Python\Python312\Lib\unittest\suite.py", line 84, in __call__
    return self.run(*args, **kwds)
  File "c:\Users\gmanw\AppData\Local\Programs\Python\Python312\Lib\unittest\suite.py", line 122, in run
    test(result)
  File "c:\Users\gmanw\AppData\Local\Programs\Python\Python312\Lib\unittest\case.py", line 690, in __call__
    return self.run(*args, **kwds)
  File "c:\Users\gmanw\AppData\Local\Programs\Python\Python312\Lib\unittest\case.py", line 634, in run
    self._callTestMethod(testMethod)
  File "c:\Users\gmanw\AppData\Local\Programs\Python\Python312\Lib\unittest\case.py", line 589, in _callTestMethod
    if method() is not None:
  File "D:\MusicProcessing\tests\test_subprocess_utilities.py", line 103, in test_subprocess_run_non_extant
    probe_process = subprocess_utils.subprocess_run(probe_command)
  File "D:\MusicProcessing\src\subprocess_utils.py", line 232, in subprocess_run
    logger.exception(f"CalledProcessError returncode: {cp_error.returncode} on command {cp_error.cmd}", stack_info=True)

2025-09-25 16:10:45,838 — src.subprocess_utils — ERROR — subprocess_run:233 — CalledProcessError returncode: 3199971767 on command ['ffmpeg', '-hide_banner', '-i', 'D:\\MusicProcessing\\tests\\Music\\test.m3u', '-filter:a', 'volumedetect', '-f', 'null', '-']
Traceback (most recent call last):
  File "D:\MusicProcessing\src\subprocess_utils.py", line 224, in subprocess_run
    process = subprocess.run(
              ^^^^^^^^^^^^^^^
  File "c:\Users\gmanw\AppData\Local\Programs\Python\Python312\Lib\subprocess.py", line 571, in run
    raise CalledProcessError(retcode, process.args,
subprocess.CalledProcessError: Command '['ffmpeg', '-hide_banner', '-i', 'D:\\MusicProcessing\\tests\\Music\\test.m3u', '-filter:a', 'volumedetect', '-f', 'null', '-']' returned non-zero exit status 3199971767.
Stack (most recent call last):
  File "c:\Users\gmanw\AppData\Local\Programs\Python\Python312\Lib\runpy.py", line 198, in _run_module_as_main
    return _run_code(code, main_globals, None,
  File "c:\Users\gmanw\AppData\Local\Programs\Python\Python312\Lib\runpy.py", line 88, in _run_code
    exec(code, run_globals)
  File "c:\Users\gmanw\.vscode\extensions\ms-python.debugpy-2025.10.0-win32-x64\bundled\libs\debugpy\launcher/../..\debugpy\__main__.py", line 71, in <module>
    cli.main()
  File "c:\Users\gmanw\.vscode\extensions\ms-python.debugpy-2025.10.0-win32-x64\bundled\libs\debugpy\launcher/../..\debugpy/..\debugpy\server\cli.py", line 501, in main
    run()
  File "c:\Users\gmanw\.vscode\extensions\ms-python.debugpy-2025.10.0-win32-x64\bundled\libs\debugpy\launcher/../..\debugpy/..\debugpy\server\cli.py", line 351, in run_file
    runpy.run_path(target, run_name="__main__")
  File "c:\Users\gmanw\.vscode\extensions\ms-python.debugpy-2025.10.0-win32-x64\bundled\libs\debugpy\_vendored\pydevd\_pydevd_bundle\pydevd_runpy.py", line 310, in run_path
    return _run_module_code(code, init_globals, run_name, pkg_name=pkg_name, script_name=fname)
  File "c:\Users\gmanw\.vscode\extensions\ms-python.debugpy-2025.10.0-win32-x64\bundled\libs\debugpy\_vendored\pydevd\_pydevd_bundle\pydevd_runpy.py", line 127, in _run_module_code
    _run_code(code, mod_globals, init_globals, mod_name, mod_spec, pkg_name, script_name)
  File "c:\Users\gmanw\.vscode\extensions\ms-python.debugpy-2025.10.0-win32-x64\bundled\libs\debugpy\_vendored\pydevd\_pydevd_bundle\pydevd_runpy.py", line 118, in _run_code
    exec(code, run_globals)
  File "D:\MusicProcessing\tests\test_audio_normalization.py", line 335, in <module>
    runner.run(suite)
  File "c:\Users\gmanw\AppData\Local\Programs\Python\Python312\Lib\unittest\runner.py", line 240, in run
    test(result)
  File "c:\Users\gmanw\AppData\Local\Programs\Python\Python312\Lib\unittest\suite.py", line 84, in __call__
    return self.run(*args, **kwds)
  File "c:\Users\gmanw\AppData\Local\Programs\Python\Python312\Lib\unittest\suite.py", line 122, in run
    test(result)
  File "c:\Users\gmanw\AppData\Local\Programs\Python\Python312\Lib\unittest\case.py", line 690, in __call__
    return self.run(*args, **kwds)
  File "c:\Users\gmanw\AppData\Local\Programs\Python\Python312\Lib\unittest\case.py", line 634, in run
    self._callTestMethod(testMethod)
  File "c:\Users\gmanw\AppData\Local\Programs\Python\Python312\Lib\unittest\case.py", line 589, in _callTestMethod
    if method() is not None:
  File "D:\MusicProcessing\tests\test_audio_normalization.py", line 180, in test_get_volume_info_invalid_file
    volumes = normalization.get_volume_info(VOL_ERR_SRC)
  File "D:\MusicProcessing\src\audio_normalize\audio_normalization.py", line 412, in get_volume_info
    process = subprocess_utils.subprocess_run(command)
  File "D:\MusicProcessing\src\subprocess_utils.py", line 233, in subprocess_run
    logger.exception(f"CalledProcessError returncode: {cp_error.returncode} on command {cp_error.cmd}", stack_info=True)

2025-09-25 16:12:06,654 — src.subprocess_utils — ERROR — subprocess_run:233 — CalledProcessError returncode: 3199971767 on command ['ffmpeg', '-hide_banner', '-i', 'D:\\MusicProcessing\\tests\\Music\\test.m3u', '-filter:a', 'volumedetect', '-f', 'null', '-']
Traceback (most recent call last):
  File "D:\MusicProcessing\src\subprocess_utils.py", line 224, in subprocess_run
    process = subprocess.run(
              ^^^^^^^^^^^^^^^
  File "c:\Users\gmanw\AppData\Local\Programs\Python\Python312\Lib\subprocess.py", line 571, in run
    raise CalledProcessError(retcode, process.args,
subprocess.CalledProcessError: Command '['ffmpeg', '-hide_banner', '-i', 'D:\\MusicProcessing\\tests\\Music\\test.m3u', '-filter:a', 'volumedetect', '-f', 'null', '-']' returned non-zero exit status 3199971767.
Stack (most recent call last):
  File "c:\Users\gmanw\AppData\Local\Programs\Python\Python312\Lib\runpy.py", line 198, in _run_module_as_main
    return _run_code(code, main_globals, None,
  File "c:\Users\gmanw\AppData\Local\Programs\Python\Python312\Lib\runpy.py", line 88, in _run_code
    exec(code, run_globals)
  File "c:\Users\gmanw\.vscode\extensions\ms-python.debugpy-2025.10.0-win32-x64\bundled\libs\debugpy\launcher/../..\debugpy\__main__.py", line 71, in <module>
    cli.main()
  File "c:\Users\gmanw\.vscode\extensions\ms-python.debugpy-2025.10.0-win32-x64\bundled\libs\debugpy\launcher/../..\debugpy/..\debugpy\server\cli.py", line 501, in main
    run()
  File "c:\Users\gmanw\.vscode\extensions\ms-python.debugpy-2025.10.0-win32-x64\bundled\libs\debugpy\launcher/../..\debugpy/..\debugpy\server\cli.py", line 351, in run_file
    runpy.run_path(target, run_name="__main__")
  File "c:\Users\gmanw\.vscode\extensions\ms-python.debugpy-2025.10.0-win32-x64\bundled\libs\debugpy\_vendored\pydevd\_pydevd_bundle\pydevd_runpy.py", line 310, in run_path
    return _run_module_code(code, init_globals, run_name, pkg_name=pkg_name, script_name=fname)
  File "c:\Users\gmanw\.vscode\extensions\ms-python.debugpy-2025.10.0-win32-x64\bundled\libs\debugpy\_vendored\pydevd\_pydevd_bundle\pydevd_runpy.py", line 127, in _run_module_code
    _run_code(code, mod_globals, init_globals, mod_name, mod_spec, pkg_name, script_name)
  File "c:\Users\gmanw\.vscode\extensions\ms-python.debugpy-2025.10.0-win32-x64\bundled\libs\debugpy\_vendored\pydevd\_pydevd_bundle\pydevd_runpy.py", line 118, in _run_code
    exec(code, run_globals)
  File "D:\MusicProcessing\tests\test_audio_normalization.py", line 335, in <module>
    runner.run(suite)
  File "c:\Users\gmanw\AppData\Local\Programs\Python\Python312\Lib\unittest\runner.py", line 240, in run
    test(result)
  File "c:\Users\gmanw\AppData\Local\Programs\Python\Python312\Lib\unittest\suite.py", line 84, in __call__
    return self.run(*args, **kwds)
  File "c:\Users\gmanw\AppData\Local\Programs\Python\Python312\Lib\unittest\suite.py", line 122, in run
    test(result)
  File "c:\Users\gmanw\AppData\Local\Programs\Python\Python312\Lib\unittest\case.py", line 690, in __call__
    return self.run(*args, **kwds)
  File "c:\Users\gmanw\AppData\Local\Programs\Python\Python312\Lib\unittest\case.py", line 634, in run
    self._callTestMethod(testMethod)
  File "c:\Users\gmanw\AppData\Local\Programs\Python\Python312\Lib\unittest\case.py", line 589, in _callTestMethod
    if method() is not None:
  File "D:\MusicProcessing\tests\test_audio_normalization.py", line 180, in test_get_volume_info_invalid_file
    volumes = normalization.get_volume_info(VOL_ERR_SRC)
  File "D:\MusicProcessing\src\audio_normalize\audio_normalization.py", line 412, in get_volume_info
    process = subprocess_utils.subprocess_run(command)
  File "D:\MusicProcessing\src\subprocess_utils.py", line 233, in subprocess_run
    logger.exception(f"CalledProcessError returncode: {cp_error.returncode} on command {cp_error.cmd}", stack_info=True)

2025-09-26 11:45:24,390 — src.subprocess_utils — ERROR — subprocess_run:233 — CalledProcessError returncode: 4294967294 on command ['ffmpeg', '-hide_banner', '-i', "3 Doors Down-It's Not My Time.mp3", '-filter:a', 'volumedetect', '-f', 'null', '-']
Traceback (most recent call last):
  File "D:\MusicProcessing\src\subprocess_utils.py", line 224, in subprocess_run
    process = subprocess.run(
              ^^^^^^^^^^^^^^^
  File "c:\Users\gmanw\AppData\Local\Programs\Python\Python312\Lib\subprocess.py", line 571, in run
    raise CalledProcessError(retcode, process.args,
subprocess.CalledProcessError: Command '['ffmpeg', '-hide_banner', '-i', "3 Doors Down-It's Not My Time.mp3", '-filter:a', 'volumedetect', '-f', 'null', '-']' returned non-zero exit status 4294967294.
Stack (most recent call last):
  File "c:\Users\gmanw\AppData\Local\Programs\Python\Python312\Lib\runpy.py", line 198, in _run_module_as_main
    return _run_code(code, main_globals, None,
  File "c:\Users\gmanw\AppData\Local\Programs\Python\Python312\Lib\runpy.py", line 88, in _run_code
    exec(code, run_globals)
  File "c:\Users\gmanw\.vscode\extensions\ms-python.debugpy-2025.10.0-win32-x64\bundled\libs\debugpy\launcher/../..\debugpy\__main__.py", line 71, in <module>
    cli.main()
  File "c:\Users\gmanw\.vscode\extensions\ms-python.debugpy-2025.10.0-win32-x64\bundled\libs\debugpy\launcher/../..\debugpy/..\debugpy\server\cli.py", line 501, in main
    run()
  File "c:\Users\gmanw\.vscode\extensions\ms-python.debugpy-2025.10.0-win32-x64\bundled\libs\debugpy\launcher/../..\debugpy/..\debugpy\server\cli.py", line 351, in run_file
    runpy.run_path(target, run_name="__main__")
  File "c:\Users\gmanw\.vscode\extensions\ms-python.debugpy-2025.10.0-win32-x64\bundled\libs\debugpy\_vendored\pydevd\_pydevd_bundle\pydevd_runpy.py", line 310, in run_path
    return _run_module_code(code, init_globals, run_name, pkg_name=pkg_name, script_name=fname)
  File "c:\Users\gmanw\.vscode\extensions\ms-python.debugpy-2025.10.0-win32-x64\bundled\libs\debugpy\_vendored\pydevd\_pydevd_bundle\pydevd_runpy.py", line 127, in _run_module_code
    _run_code(code, mod_globals, init_globals, mod_name, mod_spec, pkg_name, script_name)
  File "c:\Users\gmanw\.vscode\extensions\ms-python.debugpy-2025.10.0-win32-x64\bundled\libs\debugpy\_vendored\pydevd\_pydevd_bundle\pydevd_runpy.py", line 118, in _run_code
    exec(code, run_globals)
  File "D:\MusicProcessing\tests\test_audio_normalization.py", line 345, in <module>
    runner.run(suite)
  File "c:\Users\gmanw\AppData\Local\Programs\Python\Python312\Lib\unittest\runner.py", line 240, in run
    test(result)
  File "c:\Users\gmanw\AppData\Local\Programs\Python\Python312\Lib\unittest\suite.py", line 84, in __call__
    return self.run(*args, **kwds)
  File "c:\Users\gmanw\AppData\Local\Programs\Python\Python312\Lib\unittest\suite.py", line 122, in run
    test(result)
  File "c:\Users\gmanw\AppData\Local\Programs\Python\Python312\Lib\unittest\case.py", line 690, in __call__
    return self.run(*args, **kwds)
  File "c:\Users\gmanw\AppData\Local\Programs\Python\Python312\Lib\unittest\case.py", line 634, in run
    self._callTestMethod(testMethod)
  File "c:\Users\gmanw\AppData\Local\Programs\Python\Python312\Lib\unittest\case.py", line 589, in _callTestMethod
    if method() is not None:
  File "D:\MusicProcessing\tests\test_audio_normalization.py", line 285, in test_rms_clip_check_walk
    normalization.rms_clip_check_walk(converted_tld)
  File "D:\MusicProcessing\src\audio_normalize\audio_normalization.py", line 599, in rms_clip_check_walk
    volume_info = self.get_volume_info(file)
  File "D:\MusicProcessing\src\audio_normalize\audio_normalization.py", line 412, in get_volume_info
    process = subprocess_utils.subprocess_run(command)
  File "D:\MusicProcessing\src\subprocess_utils.py", line 233, in subprocess_run
    logger.exception(f"CalledProcessError returncode: {cp_error.returncode} on command {cp_error.cmd}", stack_info=True)

2025-09-26 11:45:24,472 — src.audio_normalize.audio_normalization — ERROR — get_volume_info:430 — Exception CalledProcessError getting volume for file 3 Doors Down-It's Not My Time.mp3
Traceback (most recent call last):
  File "D:\MusicProcessing\src\audio_normalize\audio_normalization.py", line 412, in get_volume_info
    process = subprocess_utils.subprocess_run(command)
              ^^^^^^^^^^^^^^^^^^^^^^^^^^^^^^^^^^^^^^^^
  File "D:\MusicProcessing\src\subprocess_utils.py", line 234, in subprocess_run
    raise cp_error
  File "D:\MusicProcessing\src\subprocess_utils.py", line 224, in subprocess_run
    process = subprocess.run(
              ^^^^^^^^^^^^^^^
  File "c:\Users\gmanw\AppData\Local\Programs\Python\Python312\Lib\subprocess.py", line 571, in run
    raise CalledProcessError(retcode, process.args,
subprocess.CalledProcessError: Command '['ffmpeg', '-hide_banner', '-i', "3 Doors Down-It's Not My Time.mp3", '-filter:a', 'volumedetect', '-f', 'null', '-']' returned non-zero exit status 4294967294.
Stack (most recent call last):
  File "c:\Users\gmanw\AppData\Local\Programs\Python\Python312\Lib\runpy.py", line 198, in _run_module_as_main
    return _run_code(code, main_globals, None,
  File "c:\Users\gmanw\AppData\Local\Programs\Python\Python312\Lib\runpy.py", line 88, in _run_code
    exec(code, run_globals)
  File "c:\Users\gmanw\.vscode\extensions\ms-python.debugpy-2025.10.0-win32-x64\bundled\libs\debugpy\launcher/../..\debugpy\__main__.py", line 71, in <module>
    cli.main()
  File "c:\Users\gmanw\.vscode\extensions\ms-python.debugpy-2025.10.0-win32-x64\bundled\libs\debugpy\launcher/../..\debugpy/..\debugpy\server\cli.py", line 501, in main
    run()
  File "c:\Users\gmanw\.vscode\extensions\ms-python.debugpy-2025.10.0-win32-x64\bundled\libs\debugpy\launcher/../..\debugpy/..\debugpy\server\cli.py", line 351, in run_file
    runpy.run_path(target, run_name="__main__")
  File "c:\Users\gmanw\.vscode\extensions\ms-python.debugpy-2025.10.0-win32-x64\bundled\libs\debugpy\_vendored\pydevd\_pydevd_bundle\pydevd_runpy.py", line 310, in run_path
    return _run_module_code(code, init_globals, run_name, pkg_name=pkg_name, script_name=fname)
  File "c:\Users\gmanw\.vscode\extensions\ms-python.debugpy-2025.10.0-win32-x64\bundled\libs\debugpy\_vendored\pydevd\_pydevd_bundle\pydevd_runpy.py", line 127, in _run_module_code
    _run_code(code, mod_globals, init_globals, mod_name, mod_spec, pkg_name, script_name)
  File "c:\Users\gmanw\.vscode\extensions\ms-python.debugpy-2025.10.0-win32-x64\bundled\libs\debugpy\_vendored\pydevd\_pydevd_bundle\pydevd_runpy.py", line 118, in _run_code
    exec(code, run_globals)
  File "D:\MusicProcessing\tests\test_audio_normalization.py", line 345, in <module>
    runner.run(suite)
  File "c:\Users\gmanw\AppData\Local\Programs\Python\Python312\Lib\unittest\runner.py", line 240, in run
    test(result)
  File "c:\Users\gmanw\AppData\Local\Programs\Python\Python312\Lib\unittest\suite.py", line 84, in __call__
    return self.run(*args, **kwds)
  File "c:\Users\gmanw\AppData\Local\Programs\Python\Python312\Lib\unittest\suite.py", line 122, in run
    test(result)
  File "c:\Users\gmanw\AppData\Local\Programs\Python\Python312\Lib\unittest\case.py", line 690, in __call__
    return self.run(*args, **kwds)
  File "c:\Users\gmanw\AppData\Local\Programs\Python\Python312\Lib\unittest\case.py", line 634, in run
    self._callTestMethod(testMethod)
  File "c:\Users\gmanw\AppData\Local\Programs\Python\Python312\Lib\unittest\case.py", line 589, in _callTestMethod
    if method() is not None:
  File "D:\MusicProcessing\tests\test_audio_normalization.py", line 285, in test_rms_clip_check_walk
    normalization.rms_clip_check_walk(converted_tld)
  File "D:\MusicProcessing\src\audio_normalize\audio_normalization.py", line 599, in rms_clip_check_walk
    volume_info = self.get_volume_info(file)
  File "D:\MusicProcessing\src\audio_normalize\audio_normalization.py", line 430, in get_volume_info
    logger.exception(f"Exception {type(e_error).__name__} getting volume for file {file_path}", stack_info=True)

2025-09-27 15:44:34,856 — src.audio_info.audio_metadata — ERROR — get_media_tags:764 — JSONDecodeError decoding JSON output from ffprobe
Traceback (most recent call last):
  File "d:\MusicProcessing\src\audio_info\audio_metadata.py", line 758, in get_media_tags
    data = json.loads(result.stdout)
           ^^^^^^^^^^^^^^^^^^^^^^^^^
  File "C:\Users\gmanw\AppData\Local\Programs\Python\Python312\Lib\json\__init__.py", line 346, in loads
    return _default_decoder.decode(s)
           ^^^^^^^^^^^^^^^^^^^^^^^^^^
  File "C:\Users\gmanw\AppData\Local\Programs\Python\Python312\Lib\json\decoder.py", line 337, in decode
    obj, end = self.raw_decode(s, idx=_w(s, 0).end())
               ^^^^^^^^^^^^^^^^^^^^^^^^^^^^^^^^^^^^^^
  File "C:\Users\gmanw\AppData\Local\Programs\Python\Python312\Lib\json\decoder.py", line 353, in raw_decode
    obj, end = self.scan_once(s, idx)
               ^^^^^^^^^^^^^^^^^^^^^^
json.decoder.JSONDecodeError: Expecting ',' delimiter: line 18 column 1 (char 249)

2025-09-27 15:44:35,989 — src.audio_info.audio_metadata — ERROR — has_art_tag:936 — MusicProcessingError with file: d:\MusicProcessing\tests\Music\test has invalid extension: .m3u
NoneType: None

2025-09-27 15:44:35,989 — src.audio_info.audio_metadata — ERROR — load_any_file:982 — ValueError loading d:\MusicProcessing\tests\Music\test.m3u returned None
NoneType: None

2025-09-27 15:44:35,989 — src.audio_info.audio_metadata — ERROR — load_any_file:986 — MutagenError [Errno 2] No such file or directory: 'd:\\MusicProcessing\\tests\\Music\\Non-extant.wav' loading d:\MusicProcessing\tests\Music\Non-extant.wav
Traceback (most recent call last):
  File "C:\Users\gmanw\AppData\Local\Programs\Python\Python312\Lib\site-packages\mutagen\_util.py", line 251, in _openfile
    fileobj = open(filename, "rb+" if writable else "rb")
              ^^^^^^^^^^^^^^^^^^^^^^^^^^^^^^^^^^^^^^^^^^^
FileNotFoundError: [Errno 2] No such file or directory: 'd:\\MusicProcessing\\tests\\Music\\Non-extant.wav'

During handling of the above exception, another exception occurred:

Traceback (most recent call last):
  File "d:\MusicProcessing\src\audio_info\audio_metadata.py", line 978, in load_any_file
    audio_file = mutagen.File(file_path)
                 ^^^^^^^^^^^^^^^^^^^^^^^
  File "C:\Users\gmanw\AppData\Local\Programs\Python\Python312\Lib\site-packages\mutagen\_util.py", line 162, in wrapper_func
    with _openfile(None, filething, filename, fileobj,
  File "C:\Users\gmanw\AppData\Local\Programs\Python\Python312\Lib\contextlib.py", line 137, in __enter__
    return next(self.gen)
           ^^^^^^^^^^^^^^
  File "C:\Users\gmanw\AppData\Local\Programs\Python\Python312\Lib\site-packages\mutagen\_util.py", line 272, in _openfile
    raise MutagenError(e)
mutagen.MutagenError: [Errno 2] No such file or directory: 'd:\\MusicProcessing\\tests\\Music\\Non-extant.wav'

2025-09-27 15:49:39,270 — src.subprocess_utils — ERROR — subprocess_run:233 — CalledProcessError returncode: 4294967274 on command ['ffmpeg', '-hide_banner', '-i', 'D:\\MusicProcessing\\tests\\Music\\Billie Holiday\\Georgia On My Mind\\Billie Holiday-Georgia On My Mind.wma', '-an', '-map', '0:v', '-map_metadata', '-1', '-update', '1', 'D:\\MusicProcessing\\tests\\Music\\Billie Holiday\\Georgia On My Mind\\Folder.jpg', '-y']
Traceback (most recent call last):
  File "D:\MusicProcessing\src\subprocess_utils.py", line 224, in subprocess_run
    process = subprocess.run(
              ^^^^^^^^^^^^^^^
  File "c:\Users\gmanw\AppData\Local\Programs\Python\Python312\Lib\subprocess.py", line 571, in run
    raise CalledProcessError(retcode, process.args,
subprocess.CalledProcessError: Command '['ffmpeg', '-hide_banner', '-i', 'D:\\MusicProcessing\\tests\\Music\\Billie Holiday\\Georgia On My Mind\\Billie Holiday-Georgia On My Mind.wma', '-an', '-map', '0:v', '-map_metadata', '-1', '-update', '1', 'D:\\MusicProcessing\\tests\\Music\\Billie Holiday\\Georgia On My Mind\\Folder.jpg', '-y']' returned non-zero exit status 4294967274.
Stack (most recent call last):
  File "c:\Users\gmanw\AppData\Local\Programs\Python\Python312\Lib\runpy.py", line 198, in _run_module_as_main
    return _run_code(code, main_globals, None,
  File "c:\Users\gmanw\AppData\Local\Programs\Python\Python312\Lib\runpy.py", line 88, in _run_code
    exec(code, run_globals)
  File "c:\Users\gmanw\.vscode\extensions\ms-python.debugpy-2025.10.0-win32-x64\bundled\libs\debugpy\launcher/../..\debugpy\__main__.py", line 71, in <module>
    cli.main()
  File "c:\Users\gmanw\.vscode\extensions\ms-python.debugpy-2025.10.0-win32-x64\bundled\libs\debugpy\launcher/../..\debugpy/..\debugpy\server\cli.py", line 501, in main
    run()
  File "c:\Users\gmanw\.vscode\extensions\ms-python.debugpy-2025.10.0-win32-x64\bundled\libs\debugpy\launcher/../..\debugpy/..\debugpy\server\cli.py", line 351, in run_file
    runpy.run_path(target, run_name="__main__")
  File "c:\Users\gmanw\.vscode\extensions\ms-python.debugpy-2025.10.0-win32-x64\bundled\libs\debugpy\_vendored\pydevd\_pydevd_bundle\pydevd_runpy.py", line 310, in run_path
    return _run_module_code(code, init_globals, run_name, pkg_name=pkg_name, script_name=fname)
  File "c:\Users\gmanw\.vscode\extensions\ms-python.debugpy-2025.10.0-win32-x64\bundled\libs\debugpy\_vendored\pydevd\_pydevd_bundle\pydevd_runpy.py", line 127, in _run_module_code
    _run_code(code, mod_globals, init_globals, mod_name, mod_spec, pkg_name, script_name)
  File "c:\Users\gmanw\.vscode\extensions\ms-python.debugpy-2025.10.0-win32-x64\bundled\libs\debugpy\_vendored\pydevd\_pydevd_bundle\pydevd_runpy.py", line 118, in _run_code
    exec(code, run_globals)
  File "D:\MusicProcessing\tests\test_audio_art.py", line 375, in <module>
    runner.run(suite)
  File "c:\Users\gmanw\AppData\Local\Programs\Python\Python312\Lib\unittest\runner.py", line 240, in run
    test(result)
  File "c:\Users\gmanw\AppData\Local\Programs\Python\Python312\Lib\unittest\suite.py", line 84, in __call__
    return self.run(*args, **kwds)
  File "c:\Users\gmanw\AppData\Local\Programs\Python\Python312\Lib\unittest\suite.py", line 122, in run
    test(result)
  File "c:\Users\gmanw\AppData\Local\Programs\Python\Python312\Lib\unittest\case.py", line 690, in __call__
    return self.run(*args, **kwds)
  File "c:\Users\gmanw\AppData\Local\Programs\Python\Python312\Lib\unittest\case.py", line 634, in run
    self._callTestMethod(testMethod)
  File "c:\Users\gmanw\AppData\Local\Programs\Python\Python312\Lib\unittest\case.py", line 589, in _callTestMethod
    if method() is not None:
  File "D:\MusicProcessing\tests\test_audio_art.py", line 244, in test_extract_ffmpeg_art_no_stream
    art.extract_ffmpeg_art(input_audio)
  File "D:\MusicProcessing\src\audio_info\audio_art.py", line 284, in extract_ffmpeg_art
    _ = subprocess_utils.subprocess_run(command)
  File "D:\MusicProcessing\src\subprocess_utils.py", line 233, in subprocess_run
    logger.exception(f"CalledProcessError returncode: {cp_error.returncode} on command {cp_error.cmd}", stack_info=True)

2025-09-27 15:49:39,303 — src.audio_info.audio_art — ERROR — extract_ffmpeg_art:287 — Exception CalledProcessError using ffmpeg to extract art from D:\MusicProcessing\tests\Music\Billie Holiday\Georgia On My Mind\Billie Holiday-Georgia On My Mind.wma
Traceback (most recent call last):
  File "D:\MusicProcessing\src\audio_info\audio_art.py", line 284, in extract_ffmpeg_art
    _ = subprocess_utils.subprocess_run(command)
        ^^^^^^^^^^^^^^^^^^^^^^^^^^^^^^^^^^^^^^^^
  File "D:\MusicProcessing\src\subprocess_utils.py", line 234, in subprocess_run
    raise cp_error
  File "D:\MusicProcessing\src\subprocess_utils.py", line 224, in subprocess_run
    process = subprocess.run(
              ^^^^^^^^^^^^^^^
  File "c:\Users\gmanw\AppData\Local\Programs\Python\Python312\Lib\subprocess.py", line 571, in run
    raise CalledProcessError(retcode, process.args,
subprocess.CalledProcessError: Command '['ffmpeg', '-hide_banner', '-i', 'D:\\MusicProcessing\\tests\\Music\\Billie Holiday\\Georgia On My Mind\\Billie Holiday-Georgia On My Mind.wma', '-an', '-map', '0:v', '-map_metadata', '-1', '-update', '1', 'D:\\MusicProcessing\\tests\\Music\\Billie Holiday\\Georgia On My Mind\\Folder.jpg', '-y']' returned non-zero exit status 4294967274.
Stack (most recent call last):
  File "c:\Users\gmanw\AppData\Local\Programs\Python\Python312\Lib\runpy.py", line 198, in _run_module_as_main
    return _run_code(code, main_globals, None,
  File "c:\Users\gmanw\AppData\Local\Programs\Python\Python312\Lib\runpy.py", line 88, in _run_code
    exec(code, run_globals)
  File "c:\Users\gmanw\.vscode\extensions\ms-python.debugpy-2025.10.0-win32-x64\bundled\libs\debugpy\launcher/../..\debugpy\__main__.py", line 71, in <module>
    cli.main()
  File "c:\Users\gmanw\.vscode\extensions\ms-python.debugpy-2025.10.0-win32-x64\bundled\libs\debugpy\launcher/../..\debugpy/..\debugpy\server\cli.py", line 501, in main
    run()
  File "c:\Users\gmanw\.vscode\extensions\ms-python.debugpy-2025.10.0-win32-x64\bundled\libs\debugpy\launcher/../..\debugpy/..\debugpy\server\cli.py", line 351, in run_file
    runpy.run_path(target, run_name="__main__")
  File "c:\Users\gmanw\.vscode\extensions\ms-python.debugpy-2025.10.0-win32-x64\bundled\libs\debugpy\_vendored\pydevd\_pydevd_bundle\pydevd_runpy.py", line 310, in run_path
    return _run_module_code(code, init_globals, run_name, pkg_name=pkg_name, script_name=fname)
  File "c:\Users\gmanw\.vscode\extensions\ms-python.debugpy-2025.10.0-win32-x64\bundled\libs\debugpy\_vendored\pydevd\_pydevd_bundle\pydevd_runpy.py", line 127, in _run_module_code
    _run_code(code, mod_globals, init_globals, mod_name, mod_spec, pkg_name, script_name)
  File "c:\Users\gmanw\.vscode\extensions\ms-python.debugpy-2025.10.0-win32-x64\bundled\libs\debugpy\_vendored\pydevd\_pydevd_bundle\pydevd_runpy.py", line 118, in _run_code
    exec(code, run_globals)
  File "D:\MusicProcessing\tests\test_audio_art.py", line 375, in <module>
    runner.run(suite)
  File "c:\Users\gmanw\AppData\Local\Programs\Python\Python312\Lib\unittest\runner.py", line 240, in run
    test(result)
  File "c:\Users\gmanw\AppData\Local\Programs\Python\Python312\Lib\unittest\suite.py", line 84, in __call__
    return self.run(*args, **kwds)
  File "c:\Users\gmanw\AppData\Local\Programs\Python\Python312\Lib\unittest\suite.py", line 122, in run
    test(result)
  File "c:\Users\gmanw\AppData\Local\Programs\Python\Python312\Lib\unittest\case.py", line 690, in __call__
    return self.run(*args, **kwds)
  File "c:\Users\gmanw\AppData\Local\Programs\Python\Python312\Lib\unittest\case.py", line 634, in run
    self._callTestMethod(testMethod)
  File "c:\Users\gmanw\AppData\Local\Programs\Python\Python312\Lib\unittest\case.py", line 589, in _callTestMethod
    if method() is not None:
  File "D:\MusicProcessing\tests\test_audio_art.py", line 244, in test_extract_ffmpeg_art_no_stream
    art.extract_ffmpeg_art(input_audio)
  File "D:\MusicProcessing\src\audio_info\audio_art.py", line 287, in extract_ffmpeg_art
    logger.exception(f"Exception {type(e_error).__name__} using ffmpeg to extract art from {input_path}", stack_info=True)

2025-09-27 15:52:01,607 — src.subprocess_utils — ERROR — popen_pipe:77 — RuntimeError running command ffprobe -v quiet -show_format -show_streams 'd:\MusicProcessing\tests\Music\test.m3u'
NoneType: None
 File "<string>", line 206, in <module>
  File "<string>", line 187, in run_tests
  File "C:\Users\gmanw\AppData\Local\Programs\Python\Python312\Lib\unittest\runner.py", line 240, in run
    test(result)
  File "C:\Users\gmanw\AppData\Local\Programs\Python\Python312\Lib\unittest\suite.py", line 84, in __call__
    return self.run(*args, **kwds)
  File "C:\Users\gmanw\AppData\Local\Programs\Python\Python312\Lib\unittest\suite.py", line 122, in run
    test(result)
  File "C:\Users\gmanw\AppData\Local\Programs\Python\Python312\Lib\unittest\case.py", line 690, in __call__
    return self.run(*args, **kwds)
  File "C:\Users\gmanw\AppData\Local\Programs\Python\Python312\Lib\unittest\case.py", line 634, in run
    self._callTestMethod(testMethod)
  File "C:\Users\gmanw\AppData\Local\Programs\Python\Python312\Lib\unittest\case.py", line 589, in _callTestMethod
    if method() is not None:
  File "d:\MusicProcessing\tests\test_audio_playlist.py", line 57, in test_get_audio_name_error
    audio = playlist.get_audio_name(line)
  File "d:\MusicProcessing\src\audio_info\audio_playlist.py", line 88, in get_audio_name
    logger.exception(f"PlaylistError no file delimiter in {line}", stack_info=True)

2025-09-27 15:52:01,666 — src.subprocess_utils — ERROR — subprocess_run:233 — CalledProcessError returncode: 1 on command ['ffprobe', '-hide_banner', '-select_streams', 'v:0', '-show_streams', '-of', 'json', 'd:\\MusicProcessing\\tests\\Music\\Non-extant.wav']
Traceback (most recent call last):
  File "d:\MusicProcessing\src\subprocess_utils.py", line 224, in subprocess_run
    process = subprocess.run(
              ^^^^^^^^^^^^^^^
  File "C:\Users\gmanw\AppData\Local\Programs\Python\Python312\Lib\subprocess.py", line 571, in run
    raise CalledProcessError(retcode, process.args,
subprocess.CalledProcessError: Command '['ffprobe', '-hide_banner', '-select_streams', 'v:0', '-show_streams', '-of', 'json', 'd:\\MusicProcessing\\tests\\Music\\Non-extant.wav']' returned non-zero exit status 1.
Stack (most recent call last):
  File "<string>", line 206, in <module>
  File "<string>", line 187, in run_tests
  File "C:\Users\gmanw\AppData\Local\Programs\Python\Python312\Lib\unittest\runner.py", line 240, in run
    test(result)
  File "C:\Users\gmanw\AppData\Local\Programs\Python\Python312\Lib\unittest\suite.py", line 84, in __call__
    return self.run(*args, **kwds)
  File "C:\Users\gmanw\AppData\Local\Programs\Python\Python312\Lib\unittest\suite.py", line 122, in run
    test(result)
  File "C:\Users\gmanw\AppData\Local\Programs\Python\Python312\Lib\unittest\case.py", line 690, in __call__
    return self.run(*args, **kwds)
  File "C:\Users\gmanw\AppData\Local\Programs\Python\Python312\Lib\unittest\case.py", line 634, in run
    self._callTestMethod(testMethod)
  File "C:\Users\gmanw\AppData\Local\Programs\Python\Python312\Lib\unittest\case.py", line 589, in _callTestMethod
    if method() is not None:
  File "d:\MusicProcessing\tests\test_subprocess_utilities.py", line 83, in test_subprocess_run_non_extant
    probe_process = subprocess_utils.subprocess_run(probe_command)
  File "d:\MusicProcessing\src\subprocess_utils.py", line 233, in subprocess_run
    logger.exception(f"CalledProcessError returncode: {cp_error.returncode} on command {cp_error.cmd}", stack_info=True)

2025-09-27 15:52:01,919 — src.audio_info.audio_playlist — ERROR — update_paths:130 — PlaylistError input file d:\MusicProcessing\tests\Music\Crush\Here\Crush-Live.mp3 is not a playlist
NoneType: None
Stack (most recent call last):
  File "<string>", line 206, in <module>
  File "<string>", line 187, in run_tests
  File "C:\Users\gmanw\AppData\Local\Programs\Python\Python312\Lib\unittest\runner.py", line 240, in run
    test(result)
  File "C:\Users\gmanw\AppData\Local\Programs\Python\Python312\Lib\unittest\suite.py", line 84, in __call__
    return self.run(*args, **kwds)
  File "C:\Users\gmanw\AppData\Local\Programs\Python\Python312\Lib\unittest\suite.py", line 122, in run
    test(result)
  File "C:\Users\gmanw\AppData\Local\Programs\Python\Python312\Lib\unittest\case.py", line 690, in __call__
    return self.run(*args, **kwds)
  File "C:\Users\gmanw\AppData\Local\Programs\Python\Python312\Lib\unittest\case.py", line 634, in run
    self._callTestMethod(testMethod)
  File "C:\Users\gmanw\AppData\Local\Programs\Python\Python312\Lib\unittest\case.py", line 589, in _callTestMethod
    if method() is not None:
  File "d:\MusicProcessing\tests\test_audio_playlist.py", line 130, in test_update_paths_fail
    playlist.update_paths(TESTS_TLD, TEST_MP3_CRUSH)
  File "d:\MusicProcessing\src\audio_info\audio_playlist.py", line 130, in update_paths
    logger.exception(f"PlaylistError input file {input_m3u} is not a playlist", stack_info=True)

2025-09-27 15:52:03,000 — src.subprocess_utils — ERROR — subprocess_run:233 — CalledProcessError returncode: 4294967274 on command ['ffmpeg', '-hide_banner', '-i', 'd:\\MusicProcessing\\tests\\Music\\Billie Holiday\\Georgia On My Mind\\Billie Holiday-Georgia On My Mind.wma', '-an', '-map', '0:v', '-map_metadata', '-1', '-update', '1', 'd:\\MusicProcessing\\tests\\Music\\Billie Holiday\\Georgia On My Mind\\Folder.jpg', '-y']
Traceback (most recent call last):
  File "d:\MusicProcessing\src\subprocess_utils.py", line 224, in subprocess_run
    process = subprocess.run(
              ^^^^^^^^^^^^^^^
  File "C:\Users\gmanw\AppData\Local\Programs\Python\Python312\Lib\subprocess.py", line 571, in run
    raise CalledProcessError(retcode, process.args,
subprocess.CalledProcessError: Command '['ffmpeg', '-hide_banner', '-i', 'd:\\MusicProcessing\\tests\\Music\\Billie Holiday\\Georgia On My Mind\\Billie Holiday-Georgia On My Mind.wma', '-an', '-map', '0:v', '-map_metadata', '-1', '-update', '1', 'd:\\MusicProcessing\\tests\\Music\\Billie Holiday\\Georgia On My Mind\\Folder.jpg', '-y']' returned non-zero exit status 4294967274.
Stack (most recent call last):
  File "c:\Users\gmanw\.vscode\extensions\ms-python.python-2025.14.0-win32-x64\python_files\unittestadapter\execution.py", line 358, in <module>
    payload = run_tests(
  File "c:\Users\gmanw\.vscode\extensions\ms-python.python-2025.14.0-win32-x64\python_files\unittestadapter\execution.py", line 238, in run_tests
    result: UnittestTestResult = runner.run(tailor)  # type: ignore
  File "C:\Users\gmanw\AppData\Local\Programs\Python\Python312\Lib\unittest\runner.py", line 240, in run
    test(result)
  File "C:\Users\gmanw\AppData\Local\Programs\Python\Python312\Lib\unittest\suite.py", line 84, in __call__
    return self.run(*args, **kwds)
  File "C:\Users\gmanw\AppData\Local\Programs\Python\Python312\Lib\unittest\suite.py", line 122, in run
    test(result)
  File "C:\Users\gmanw\AppData\Local\Programs\Python\Python312\Lib\unittest\suite.py", line 84, in __call__
    return self.run(*args, **kwds)
  File "C:\Users\gmanw\AppData\Local\Programs\Python\Python312\Lib\unittest\suite.py", line 122, in run
    test(result)
  File "C:\Users\gmanw\AppData\Local\Programs\Python\Python312\Lib\unittest\suite.py", line 84, in __call__
    return self.run(*args, **kwds)
  File "C:\Users\gmanw\AppData\Local\Programs\Python\Python312\Lib\unittest\suite.py", line 122, in run
    test(result)
  File "C:\Users\gmanw\AppData\Local\Programs\Python\Python312\Lib\unittest\case.py", line 690, in __call__
    return self.run(*args, **kwds)
  File "C:\Users\gmanw\AppData\Local\Programs\Python\Python312\Lib\unittest\case.py", line 634, in run
    self._callTestMethod(testMethod)
  File "C:\Users\gmanw\AppData\Local\Programs\Python\Python312\Lib\unittest\case.py", line 589, in _callTestMethod
    if method() is not None:
  File "d:\MusicProcessing\tests\test_audio_art.py", line 244, in test_extract_ffmpeg_art_no_stream
    art.extract_ffmpeg_art(input_audio)
  File "d:\MusicProcessing\src\audio_info\audio_art.py", line 284, in extract_ffmpeg_art
    _ = subprocess_utils.subprocess_run(command)
  File "d:\MusicProcessing\src\subprocess_utils.py", line 233, in subprocess_run
    logger.exception(f"CalledProcessError returncode: {cp_error.returncode} on command {cp_error.cmd}", stack_info=True)

2025-09-27 15:52:03,029 — src.audio_info.audio_art — ERROR — extract_ffmpeg_art:287 — Exception CalledProcessError using ffmpeg to extract art from d:\MusicProcessing\tests\Music\Billie Holiday\Georgia On My Mind\Billie Holiday-Georgia On My Mind.wma
Traceback (most recent call last):
  File "d:\MusicProcessing\src\audio_info\audio_art.py", line 284, in extract_ffmpeg_art
    _ = subprocess_utils.subprocess_run(command)
        ^^^^^^^^^^^^^^^^^^^^^^^^^^^^^^^^^^^^^^^^
  File "d:\MusicProcessing\src\subprocess_utils.py", line 234, in subprocess_run
    raise cp_error
  File "d:\MusicProcessing\src\subprocess_utils.py", line 224, in subprocess_run
    process = subprocess.run(
              ^^^^^^^^^^^^^^^
  File "C:\Users\gmanw\AppData\Local\Programs\Python\Python312\Lib\subprocess.py", line 571, in run
    raise CalledProcessError(retcode, process.args,
subprocess.CalledProcessError: Command '['ffmpeg', '-hide_banner', '-i', 'd:\\MusicProcessing\\tests\\Music\\Billie Holiday\\Georgia On My Mind\\Billie Holiday-Georgia On My Mind.wma', '-an', '-map', '0:v', '-map_metadata', '-1', '-update', '1', 'd:\\MusicProcessing\\tests\\Music\\Billie Holiday\\Georgia On My Mind\\Folder.jpg', '-y']' returned non-zero exit status 4294967274.
Stack (most recent call last):
  File "<string>", line 206, in <module>
  File "<string>", line 187, in run_tests
  File "C:\Users\gmanw\AppData\Local\Programs\Python\Python312\Lib\unittest\runner.py", line 240, in run
    test(result)
  File "C:\Users\gmanw\AppData\Local\Programs\Python\Python312\Lib\unittest\suite.py", line 84, in __call__
    return self.run(*args, **kwds)
  File "C:\Users\gmanw\AppData\Local\Programs\Python\Python312\Lib\unittest\suite.py", line 122, in run
    test(result)
  File "C:\Users\gmanw\AppData\Local\Programs\Python\Python312\Lib\unittest\case.py", line 690, in __call__
    return self.run(*args, **kwds)
  File "C:\Users\gmanw\AppData\Local\Programs\Python\Python312\Lib\unittest\case.py", line 634, in run
    self._callTestMethod(testMethod)
  File "C:\Users\gmanw\AppData\Local\Programs\Python\Python312\Lib\unittest\case.py", line 589, in _callTestMethod
    if method() is not None:
  File "d:\MusicProcessing\tests\test_audio_art.py", line 244, in test_extract_ffmpeg_art_no_stream
    art.extract_ffmpeg_art(input_audio)
  File "d:\MusicProcessing\src\audio_info\audio_art.py", line 287, in extract_ffmpeg_art
    logger.exception(f"Exception {type(e_error).__name__} using ffmpeg to extract art from {input_path}", stack_info=True)

2025-09-27 15:52:03,029 — src.audio_info.audio_art — ERROR — extract_ffmpeg_art:287 — Exception CalledProcessError using ffmpeg to extract art from d:\MusicProcessing\tests\Music\Billie Holiday\Georgia On My Mind\Billie Holiday-Georgia On My Mind.wma
Traceback (most recent call last):
  File "d:\MusicProcessing\src\audio_info\audio_art.py", line 284, in extract_ffmpeg_art
    _ = subprocess_utils.subprocess_run(command)
        ^^^^^^^^^^^^^^^^^^^^^^^^^^^^^^^^^^^^^^^^
  File "d:\MusicProcessing\src\subprocess_utils.py", line 234, in subprocess_run
    raise cp_error
  File "d:\MusicProcessing\src\subprocess_utils.py", line 224, in subprocess_run
    process = subprocess.run(
              ^^^^^^^^^^^^^^^
  File "C:\Users\gmanw\AppData\Local\Programs\Python\Python312\Lib\subprocess.py", line 571, in run
    raise CalledProcessError(retcode, process.args,
subprocess.CalledProcessError: Command '['ffmpeg', '-hide_banner', '-i', 'd:\\MusicProcessing\\tests\\Music\\Billie Holiday\\Georgia On My Mind\\Billie Holiday-Georgia On My Mind.wma', '-an', '-map', '0:v', '-map_metadata', '-1', '-update', '1', 'd:\\MusicProcessing\\tests\\Music\\Billie Holiday\\Georgia On My Mind\\Folder.jpg', '-y']' returned non-zero exit status 4294967274.
Stack (most recent call last):
  File "c:\Users\gmanw\.vscode\extensions\ms-python.python-2025.14.0-win32-x64\python_files\unittestadapter\execution.py", line 358, in <module>
    payload = run_tests(
  File "c:\Users\gmanw\.vscode\extensions\ms-python.python-2025.14.0-win32-x64\python_files\unittestadapter\execution.py", line 238, in run_tests
    result: UnittestTestResult = runner.run(tailor)  # type: ignore
  File "C:\Users\gmanw\AppData\Local\Programs\Python\Python312\Lib\unittest\runner.py", line 240, in run
    test(result)
  File "C:\Users\gmanw\AppData\Local\Programs\Python\Python312\Lib\unittest\suite.py", line 84, in __call__
    return self.run(*args, **kwds)
  File "C:\Users\gmanw\AppData\Local\Programs\Python\Python312\Lib\unittest\suite.py", line 122, in run
    test(result)
  File "C:\Users\gmanw\AppData\Local\Programs\Python\Python312\Lib\unittest\suite.py", line 84, in __call__
    return self.run(*args, **kwds)
  File "C:\Users\gmanw\AppData\Local\Programs\Python\Python312\Lib\unittest\suite.py", line 122, in run
    test(result)
  File "C:\Users\gmanw\AppData\Local\Programs\Python\Python312\Lib\unittest\suite.py", line 84, in __call__
    return self.run(*args, **kwds)
  File "C:\Users\gmanw\AppData\Local\Programs\Python\Python312\Lib\unittest\suite.py", line 122, in run
    test(result)
  File "C:\Users\gmanw\AppData\Local\Programs\Python\Python312\Lib\unittest\case.py", line 690, in __call__
    return self.run(*args, **kwds)
  File "C:\Users\gmanw\AppData\Local\Programs\Python\Python312\Lib\unittest\case.py", line 634, in run
    self._callTestMethod(testMethod)
  File "C:\Users\gmanw\AppData\Local\Programs\Python\Python312\Lib\unittest\case.py", line 589, in _callTestMethod
    if method() is not None:
  File "d:\MusicProcessing\tests\test_audio_art.py", line 244, in test_extract_ffmpeg_art_no_stream
    art.extract_ffmpeg_art(input_audio)
  File "d:\MusicProcessing\src\audio_info\audio_art.py", line 287, in extract_ffmpeg_art
    logger.exception(f"Exception {type(e_error).__name__} using ffmpeg to extract art from {input_path}", stack_info=True)

2025-09-27 15:52:04,157 — src.audio_info.audio_art — ERROR — set_album_art:502 — Exception FileNotFoundError setting album art for d:\MusicProcessing\tests\Music
Traceback (most recent call last):
  File "d:\MusicProcessing\src\audio_info\audio_art.py", line 497, in set_album_art
    shutil.copy(album_art_jpg, folder_jpg)
  File "C:\Users\gmanw\AppData\Local\Programs\Python\Python312\Lib\shutil.py", line 424, in copy
    copymode(src, dst, follow_symlinks=follow_symlinks)
  File "C:\Users\gmanw\AppData\Local\Programs\Python\Python312\Lib\shutil.py", line 313, in copymode
    chmod_func(dst, stat.S_IMODE(st.st_mode))
FileNotFoundError: [WinError 2] The system cannot find the file specified: 'd:\\MusicProcessing\\tests\\Music\\Albert Collins\\Best Of The Blues, Vol. 1\\Folder.jpg'
Stack (most recent call last):
  File "<string>", line 206, in <module>
  File "<string>", line 187, in run_tests
  File "C:\Users\gmanw\AppData\Local\Programs\Python\Python312\Lib\unittest\runner.py", line 240, in run
    test(result)
  File "C:\Users\gmanw\AppData\Local\Programs\Python\Python312\Lib\unittest\suite.py", line 84, in __call__
    return self.run(*args, **kwds)
  File "C:\Users\gmanw\AppData\Local\Programs\Python\Python312\Lib\unittest\suite.py", line 122, in run
    test(result)
  File "C:\Users\gmanw\AppData\Local\Programs\Python\Python312\Lib\unittest\case.py", line 690, in __call__
    return self.run(*args, **kwds)
  File "C:\Users\gmanw\AppData\Local\Programs\Python\Python312\Lib\unittest\case.py", line 634, in run
    self._callTestMethod(testMethod)
  File "C:\Users\gmanw\AppData\Local\Programs\Python\Python312\Lib\unittest\case.py", line 589, in _callTestMethod
    if method() is not None:
  File "d:\MusicProcessing\tests\test_audio_art.py", line 342, in test_set_album_art
    art.set_album_art(TESTS_TLD)
  File "d:\MusicProcessing\src\audio_info\audio_art.py", line 502, in set_album_art
    logger.exception(f"Exception {type(e_error).__name__} setting album art for {input_path}", stack_info=True)

2025-09-27 15:52:19,610 — src.subprocess_utils — ERROR — subprocess_run:233 — CalledProcessError returncode: 4294967294 on command ['ffmpeg', '-hide_banner', '-i', 'd:\\MusicProcessing\\tests\\Music\\Crush\\Here\\Crush-Live.mp3', '-id3v2_version', '3', '-af', 'loudnorm=I=-16.0:TP=-2.0:LRA=11.0:measured_I=-16.77:measured_TP=-6.66:measured_LRA=8.10:measured_thresh=-26.99:offset=-0.64:linear=true:print_format=json', '-ar', '44100', 'd:\\MusicProcessing\\src\\generated_files\\Music\\Crush\\Here\\Crush-Live.mp3', '-y']
Traceback (most recent call last):
  File "d:\MusicProcessing\src\subprocess_utils.py", line 224, in subprocess_run
    process = subprocess.run(
              ^^^^^^^^^^^^^^^
  File "C:\Users\gmanw\AppData\Local\Programs\Python\Python312\Lib\subprocess.py", line 571, in run
    raise CalledProcessError(retcode, process.args,
subprocess.CalledProcessError: Command '['ffmpeg', '-hide_banner', '-i', 'd:\\MusicProcessing\\tests\\Music\\Crush\\Here\\Crush-Live.mp3', '-id3v2_version', '3', '-af', 'loudnorm=I=-16.0:TP=-2.0:LRA=11.0:measured_I=-16.77:measured_TP=-6.66:measured_LRA=8.10:measured_thresh=-26.99:offset=-0.64:linear=true:print_format=json', '-ar', '44100', 'd:\\MusicProcessing\\src\\generated_files\\Music\\Crush\\Here\\Crush-Live.mp3', '-y']' returned non-zero exit status 4294967294.
Stack (most recent call last):
  File "<string>", line 206, in <module>
  File "<string>", line 187, in run_tests
  File "C:\Users\gmanw\AppData\Local\Programs\Python\Python312\Lib\unittest\runner.py", line 240, in run
    test(result)
  File "C:\Users\gmanw\AppData\Local\Programs\Python\Python312\Lib\unittest\suite.py", line 84, in __call__
    return self.run(*args, **kwds)
  File "C:\Users\gmanw\AppData\Local\Programs\Python\Python312\Lib\unittest\suite.py", line 122, in run
    test(result)
  File "C:\Users\gmanw\AppData\Local\Programs\Python\Python312\Lib\unittest\case.py", line 690, in __call__
    return self.run(*args, **kwds)
  File "C:\Users\gmanw\AppData\Local\Programs\Python\Python312\Lib\unittest\case.py", line 634, in run
    self._callTestMethod(testMethod)
  File "C:\Users\gmanw\AppData\Local\Programs\Python\Python312\Lib\unittest\case.py", line 589, in _callTestMethod
    if method() is not None:
  File "d:\MusicProcessing\tests\test_audio_normalization.py", line 95, in test_ebu_normalize_linear
    normalization.ebu_normalize_file(EBU_LINEAR_SRC, show_spinner=False)
  File "d:\MusicProcessing\src\audio_normalize\audio_normalization.py", line 265, in ebu_normalize_file
    normalize_process = subprocess_utils.subprocess_run(normalize_command)
  File "d:\MusicProcessing\src\subprocess_utils.py", line 233, in subprocess_run
    logger.exception(f"CalledProcessError returncode: {cp_error.returncode} on command {cp_error.cmd}", stack_info=True)

2025-09-27 15:52:19,610 — src.audio_normalize.audio_normalization — ERROR — ebu_normalize_file:288 — Exception CalledProcessError while ebu normalizing audio file: d:\MusicProcessing\tests\Music\Crush\Here\Crush-Live.mp3
Traceback (most recent call last):
  File "d:\MusicProcessing\src\audio_normalize\audio_normalization.py", line 265, in ebu_normalize_file
    normalize_process = subprocess_utils.subprocess_run(normalize_command)
                        ^^^^^^^^^^^^^^^^^^^^^^^^^^^^^^^^^^^^^^^^^^^^^^^^^^
  File "d:\MusicProcessing\src\subprocess_utils.py", line 234, in subprocess_run
    raise cp_error
  File "d:\MusicProcessing\src\subprocess_utils.py", line 224, in subprocess_run
    process = subprocess.run(
              ^^^^^^^^^^^^^^^
  File "C:\Users\gmanw\AppData\Local\Programs\Python\Python312\Lib\subprocess.py", line 571, in run
    raise CalledProcessError(retcode, process.args,
subprocess.CalledProcessError: Command '['ffmpeg', '-hide_banner', '-i', 'd:\\MusicProcessing\\tests\\Music\\Crush\\Here\\Crush-Live.mp3', '-id3v2_version', '3', '-af', 'loudnorm=I=-16.0:TP=-2.0:LRA=11.0:measured_I=-16.77:measured_TP=-6.66:measured_LRA=8.10:measured_thresh=-26.99:offset=-0.64:linear=true:print_format=json', '-ar', '44100', 'd:\\MusicProcessing\\src\\generated_files\\Music\\Crush\\Here\\Crush-Live.mp3', '-y']' returned non-zero exit status 4294967294.
Stack (most recent call last):
  File "<string>", line 206, in <module>
  File "<string>", line 187, in run_tests
  File "C:\Users\gmanw\AppData\Local\Programs\Python\Python312\Lib\unittest\runner.py", line 240, in run
    test(result)
  File "C:\Users\gmanw\AppData\Local\Programs\Python\Python312\Lib\unittest\suite.py", line 84, in __call__
    return self.run(*args, **kwds)
  File "C:\Users\gmanw\AppData\Local\Programs\Python\Python312\Lib\unittest\suite.py", line 122, in run
    test(result)
  File "C:\Users\gmanw\AppData\Local\Programs\Python\Python312\Lib\unittest\case.py", line 690, in __call__
    return self.run(*args, **kwds)
  File "C:\Users\gmanw\AppData\Local\Programs\Python\Python312\Lib\unittest\case.py", line 634, in run
    self._callTestMethod(testMethod)
  File "C:\Users\gmanw\AppData\Local\Programs\Python\Python312\Lib\unittest\case.py", line 589, in _callTestMethod
    if method() is not None:
  File "d:\MusicProcessing\tests\test_audio_normalization.py", line 95, in test_ebu_normalize_linear
    normalization.ebu_normalize_file(EBU_LINEAR_SRC, show_spinner=False)
  File "d:\MusicProcessing\src\audio_normalize\audio_normalization.py", line 288, in ebu_normalize_file
    logger.exception(f"Exception {type(e_error).__name__} while ebu normalizing audio file: {file_path}", stack_info=True)

2025-09-27 15:52:27,839 — src.audio_info.audio_metadata — ERROR — get_media_tags:764 — JSONDecodeError decoding JSON output from ffprobe
Traceback (most recent call last):
  File "d:\MusicProcessing\src\audio_info\audio_metadata.py", line 758, in get_media_tags
    data = json.loads(result.stdout)
           ^^^^^^^^^^^^^^^^^^^^^^^^^
  File "C:\Users\gmanw\AppData\Local\Programs\Python\Python312\Lib\json\__init__.py", line 346, in loads
    return _default_decoder.decode(s)
           ^^^^^^^^^^^^^^^^^^^^^^^^^^
  File "C:\Users\gmanw\AppData\Local\Programs\Python\Python312\Lib\json\decoder.py", line 337, in decode
    obj, end = self.raw_decode(s, idx=_w(s, 0).end())
               ^^^^^^^^^^^^^^^^^^^^^^^^^^^^^^^^^^^^^^
  File "C:\Users\gmanw\AppData\Local\Programs\Python\Python312\Lib\json\decoder.py", line 353, in raw_decode
    obj, end = self.scan_once(s, idx)
               ^^^^^^^^^^^^^^^^^^^^^^
json.decoder.JSONDecodeError: Expecting ',' delimiter: line 18 column 1 (char 249)

2025-09-27 15:52:28,871 — src.audio_info.audio_metadata — ERROR — has_art_tag:936 — MusicProcessingError with file: d:\MusicProcessing\tests\Music\test has invalid extension: .m3u
NoneType: None

2025-09-27 15:52:28,871 — src.audio_info.audio_metadata — ERROR — load_any_file:982 — ValueError loading d:\MusicProcessing\tests\Music\test.m3u returned None
NoneType: None

2025-09-27 15:52:28,871 — src.audio_info.audio_metadata — ERROR — load_any_file:986 — MutagenError [Errno 2] No such file or directory: 'd:\\MusicProcessing\\tests\\Music\\Non-extant.wav' loading d:\MusicProcessing\tests\Music\Non-extant.wav
Traceback (most recent call last):
  File "C:\Users\gmanw\AppData\Local\Programs\Python\Python312\Lib\site-packages\mutagen\_util.py", line 251, in _openfile
    fileobj = open(filename, "rb+" if writable else "rb")
              ^^^^^^^^^^^^^^^^^^^^^^^^^^^^^^^^^^^^^^^^^^^
FileNotFoundError: [Errno 2] No such file or directory: 'd:\\MusicProcessing\\tests\\Music\\Non-extant.wav'

During handling of the above exception, another exception occurred:

Traceback (most recent call last):
  File "d:\MusicProcessing\src\audio_info\audio_metadata.py", line 978, in load_any_file
    audio_file = mutagen.File(file_path)
                 ^^^^^^^^^^^^^^^^^^^^^^^
  File "C:\Users\gmanw\AppData\Local\Programs\Python\Python312\Lib\site-packages\mutagen\_util.py", line 162, in wrapper_func
    with _openfile(None, filething, filename, fileobj,
  File "C:\Users\gmanw\AppData\Local\Programs\Python\Python312\Lib\contextlib.py", line 137, in __enter__
    return next(self.gen)
           ^^^^^^^^^^^^^^
  File "C:\Users\gmanw\AppData\Local\Programs\Python\Python312\Lib\site-packages\mutagen\_util.py", line 272, in _openfile
    raise MutagenError(e)
mutagen.MutagenError: [Errno 2] No such file or directory: 'd:\\MusicProcessing\\tests\\Music\\Non-extant.wav'

2025-09-27 15:52:29,373 — src.audio_info.audio_metadata — ERROR — get_media_tags:764 — JSONDecodeError decoding JSON output from ffprobe
Traceback (most recent call last):
  File "d:\MusicProcessing\src\audio_info\audio_metadata.py", line 758, in get_media_tags
    data = json.loads(result.stdout)
           ^^^^^^^^^^^^^^^^^^^^^^^^^
  File "C:\Users\gmanw\AppData\Local\Programs\Python\Python312\Lib\json\__init__.py", line 346, in loads
    return _default_decoder.decode(s)
           ^^^^^^^^^^^^^^^^^^^^^^^^^^
  File "C:\Users\gmanw\AppData\Local\Programs\Python\Python312\Lib\json\decoder.py", line 337, in decode
    obj, end = self.raw_decode(s, idx=_w(s, 0).end())
               ^^^^^^^^^^^^^^^^^^^^^^^^^^^^^^^^^^^^^^
  File "C:\Users\gmanw\AppData\Local\Programs\Python\Python312\Lib\json\decoder.py", line 353, in raw_decode
    obj, end = self.scan_once(s, idx)
               ^^^^^^^^^^^^^^^^^^^^^^
json.decoder.JSONDecodeError: Expecting ',' delimiter: line 18 column 1 (char 249)

2025-09-27 15:52:30,275 — src.audio_info.audio_metadata — ERROR — has_art_tag:936 — MusicProcessingError with file: d:\MusicProcessing\tests\Music\test has invalid extension: .m3u
NoneType: None

2025-09-27 15:52:30,275 — src.audio_info.audio_metadata — ERROR — load_any_file:982 — ValueError loading d:\MusicProcessing\tests\Music\test.m3u returned None
NoneType: None

2025-09-27 15:52:30,275 — src.audio_info.audio_metadata — ERROR — load_any_file:986 — MutagenError [Errno 2] No such file or directory: 'd:\\MusicProcessing\\tests\\Music\\Non-extant.wav' loading d:\MusicProcessing\tests\Music\Non-extant.wav
Traceback (most recent call last):
  File "C:\Users\gmanw\AppData\Local\Programs\Python\Python312\Lib\site-packages\mutagen\_util.py", line 251, in _openfile
    fileobj = open(filename, "rb+" if writable else "rb")
              ^^^^^^^^^^^^^^^^^^^^^^^^^^^^^^^^^^^^^^^^^^^
FileNotFoundError: [Errno 2] No such file or directory: 'd:\\MusicProcessing\\tests\\Music\\Non-extant.wav'

During handling of the above exception, another exception occurred:

Traceback (most recent call last):
  File "d:\MusicProcessing\src\audio_info\audio_metadata.py", line 978, in load_any_file
    audio_file = mutagen.File(file_path)
                 ^^^^^^^^^^^^^^^^^^^^^^^
  File "C:\Users\gmanw\AppData\Local\Programs\Python\Python312\Lib\site-packages\mutagen\_util.py", line 162, in wrapper_func
    with _openfile(None, filething, filename, fileobj,
  File "C:\Users\gmanw\AppData\Local\Programs\Python\Python312\Lib\contextlib.py", line 137, in __enter__
    return next(self.gen)
           ^^^^^^^^^^^^^^
  File "C:\Users\gmanw\AppData\Local\Programs\Python\Python312\Lib\site-packages\mutagen\_util.py", line 272, in _openfile
    raise MutagenError(e)
mutagen.MutagenError: [Errno 2] No such file or directory: 'd:\\MusicProcessing\\tests\\Music\\Non-extant.wav'

2025-09-27 15:54:01,592 — src.audio_info.audio_playlist — ERROR — get_audio_name:88 — PlaylistError no file delimiter in #EXTINF:0The Eagles-Desperado.m4a
NoneType: None
Stack (most recent call last):
  File "<string>", line 206, in <module>
  File "<string>", line 187, in run_tests
  File "C:\Users\gmanw\AppData\Local\Programs\Python\Python312\Lib\unittest\runner.py", line 240, in run
    test(result)
  File "C:\Users\gmanw\AppData\Local\Programs\Python\Python312\Lib\unittest\suite.py", line 84, in __call__
    return self.run(*args, **kwds)
  File "C:\Users\gmanw\AppData\Local\Programs\Python\Python312\Lib\unittest\suite.py", line 122, in run
    test(result)
  File "C:\Users\gmanw\AppData\Local\Programs\Python\Python312\Lib\unittest\case.py", line 690, in __call__
    return self.run(*args, **kwds)
  File "C:\Users\gmanw\AppData\Local\Programs\Python\Python312\Lib\unittest\case.py", line 634, in run
    self._callTestMethod(testMethod)
  File "C:\Users\gmanw\AppData\Local\Programs\Python\Python312\Lib\unittest\case.py", line 589, in _callTestMethod
    if method() is not None:
  File "d:\MusicProcessing\tests\test_audio_playlist.py", line 57, in test_get_audio_name_error
    audio = playlist.get_audio_name(line)
  File "d:\MusicProcessing\src\audio_info\audio_playlist.py", line 88, in get_audio_name
    logger.exception(f"PlaylistError no file delimiter in {line}", stack_info=True)

2025-09-27 15:54:01,790 — src.subprocess_utils — ERROR — popen_pipe:77 — RuntimeError running command ffprobe -v quiet -show_format -show_streams 'd:\MusicProcessing\tests\Music\test.m3u'
NoneType: None

2025-09-27 15:54:01,828 — src.audio_info.audio_playlist — ERROR — update_paths:130 — PlaylistError input file d:\MusicProcessing\tests\Music\Crush\Here\Crush-Live.mp3 is not a playlist
NoneType: None
Stack (most recent call last):
  File "<string>", line 206, in <module>
  File "<string>", line 187, in run_tests
  File "C:\Users\gmanw\AppData\Local\Programs\Python\Python312\Lib\unittest\runner.py", line 240, in run
    test(result)
  File "C:\Users\gmanw\AppData\Local\Programs\Python\Python312\Lib\unittest\suite.py", line 84, in __call__
    return self.run(*args, **kwds)
  File "C:\Users\gmanw\AppData\Local\Programs\Python\Python312\Lib\unittest\suite.py", line 122, in run
    test(result)
  File "C:\Users\gmanw\AppData\Local\Programs\Python\Python312\Lib\unittest\case.py", line 690, in __call__
    return self.run(*args, **kwds)
  File "C:\Users\gmanw\AppData\Local\Programs\Python\Python312\Lib\unittest\case.py", line 634, in run
    self._callTestMethod(testMethod)
  File "C:\Users\gmanw\AppData\Local\Programs\Python\Python312\Lib\unittest\case.py", line 589, in _callTestMethod
    if method() is not None:
  File "d:\MusicProcessing\tests\test_audio_playlist.py", line 130, in test_update_paths_fail
    playlist.update_paths(TESTS_TLD, TEST_MP3_CRUSH)
  File "d:\MusicProcessing\src\audio_info\audio_playlist.py", line 130, in update_paths
    logger.exception(f"PlaylistError input file {input_m3u} is not a playlist", stack_info=True)

2025-09-27 15:54:01,828 — src.subprocess_utils — ERROR — subprocess_run:233 — CalledProcessError returncode: 1 on command ['ffprobe', '-hide_banner', '-select_streams', 'v:0', '-show_streams', '-of', 'json', 'd:\\MusicProcessing\\tests\\Music\\Non-extant.wav']
Traceback (most recent call last):
  File "d:\MusicProcessing\src\subprocess_utils.py", line 224, in subprocess_run
    process = subprocess.run(
              ^^^^^^^^^^^^^^^
  File "C:\Users\gmanw\AppData\Local\Programs\Python\Python312\Lib\subprocess.py", line 571, in run
    raise CalledProcessError(retcode, process.args,
subprocess.CalledProcessError: Command '['ffprobe', '-hide_banner', '-select_streams', 'v:0', '-show_streams', '-of', 'json', 'd:\\MusicProcessing\\tests\\Music\\Non-extant.wav']' returned non-zero exit status 1.
Stack (most recent call last):
  File "<string>", line 206, in <module>
  File "<string>", line 187, in run_tests
  File "C:\Users\gmanw\AppData\Local\Programs\Python\Python312\Lib\unittest\runner.py", line 240, in run
    test(result)
  File "C:\Users\gmanw\AppData\Local\Programs\Python\Python312\Lib\unittest\suite.py", line 84, in __call__
    return self.run(*args, **kwds)
  File "C:\Users\gmanw\AppData\Local\Programs\Python\Python312\Lib\unittest\suite.py", line 122, in run
    test(result)
  File "C:\Users\gmanw\AppData\Local\Programs\Python\Python312\Lib\unittest\case.py", line 690, in __call__
    return self.run(*args, **kwds)
  File "C:\Users\gmanw\AppData\Local\Programs\Python\Python312\Lib\unittest\case.py", line 634, in run
    self._callTestMethod(testMethod)
  File "C:\Users\gmanw\AppData\Local\Programs\Python\Python312\Lib\unittest\case.py", line 589, in _callTestMethod
    if method() is not None:
  File "d:\MusicProcessing\tests\test_subprocess_utilities.py", line 83, in test_subprocess_run_non_extant
    probe_process = subprocess_utils.subprocess_run(probe_command)
  File "d:\MusicProcessing\src\subprocess_utils.py", line 233, in subprocess_run
    logger.exception(f"CalledProcessError returncode: {cp_error.returncode} on command {cp_error.cmd}", stack_info=True)

2025-09-27 15:54:02,972 — src.subprocess_utils — ERROR — subprocess_run:233 — CalledProcessError returncode: 4294967274 on command ['ffmpeg', '-hide_banner', '-i', 'd:\\MusicProcessing\\tests\\Music\\Billie Holiday\\Georgia On My Mind\\Billie Holiday-Georgia On My Mind.wma', '-an', '-map', '0:v', '-map_metadata', '-1', '-update', '1', 'd:\\MusicProcessing\\tests\\Music\\Billie Holiday\\Georgia On My Mind\\Folder.jpg', '-y']
Traceback (most recent call last):
  File "d:\MusicProcessing\src\subprocess_utils.py", line 224, in subprocess_run
    process = subprocess.run(
              ^^^^^^^^^^^^^^^
  File "C:\Users\gmanw\AppData\Local\Programs\Python\Python312\Lib\subprocess.py", line 571, in run
    raise CalledProcessError(retcode, process.args,
subprocess.CalledProcessError: Command '['ffmpeg', '-hide_banner', '-i', 'd:\\MusicProcessing\\tests\\Music\\Billie Holiday\\Georgia On My Mind\\Billie Holiday-Georgia On My Mind.wma', '-an', '-map', '0:v', '-map_metadata', '-1', '-update', '1', 'd:\\MusicProcessing\\tests\\Music\\Billie Holiday\\Georgia On My Mind\\Folder.jpg', '-y']' returned non-zero exit status 4294967274.
Stack (most recent call last):
  File "<string>", line 206, in <module>
  File "<string>", line 187, in run_tests
  File "C:\Users\gmanw\AppData\Local\Programs\Python\Python312\Lib\unittest\runner.py", line 240, in run
    test(result)
  File "C:\Users\gmanw\AppData\Local\Programs\Python\Python312\Lib\unittest\suite.py", line 84, in __call__
    return self.run(*args, **kwds)
  File "C:\Users\gmanw\AppData\Local\Programs\Python\Python312\Lib\unittest\suite.py", line 122, in run
    test(result)
  File "C:\Users\gmanw\AppData\Local\Programs\Python\Python312\Lib\unittest\case.py", line 690, in __call__
    return self.run(*args, **kwds)
  File "C:\Users\gmanw\AppData\Local\Programs\Python\Python312\Lib\unittest\case.py", line 634, in run
    self._callTestMethod(testMethod)
  File "C:\Users\gmanw\AppData\Local\Programs\Python\Python312\Lib\unittest\case.py", line 589, in _callTestMethod
    if method() is not None:
  File "d:\MusicProcessing\tests\test_audio_art.py", line 244, in test_extract_ffmpeg_art_no_stream
    art.extract_ffmpeg_art(input_audio)
  File "d:\MusicProcessing\src\audio_info\audio_art.py", line 284, in extract_ffmpeg_art
    _ = subprocess_utils.subprocess_run(command)
  File "d:\MusicProcessing\src\subprocess_utils.py", line 233, in subprocess_run
    logger.exception(f"CalledProcessError returncode: {cp_error.returncode} on command {cp_error.cmd}", stack_info=True)

2025-09-27 15:54:02,972 — src.audio_info.audio_art — ERROR — extract_ffmpeg_art:287 — Exception CalledProcessError using ffmpeg to extract art from d:\MusicProcessing\tests\Music\Billie Holiday\Georgia On My Mind\Billie Holiday-Georgia On My Mind.wma
Traceback (most recent call last):
  File "d:\MusicProcessing\src\audio_info\audio_art.py", line 284, in extract_ffmpeg_art
    _ = subprocess_utils.subprocess_run(command)
        ^^^^^^^^^^^^^^^^^^^^^^^^^^^^^^^^^^^^^^^^
  File "d:\MusicProcessing\src\subprocess_utils.py", line 234, in subprocess_run
    raise cp_error
  File "d:\MusicProcessing\src\subprocess_utils.py", line 224, in subprocess_run
    process = subprocess.run(
              ^^^^^^^^^^^^^^^
  File "C:\Users\gmanw\AppData\Local\Programs\Python\Python312\Lib\subprocess.py", line 571, in run
    raise CalledProcessError(retcode, process.args,
subprocess.CalledProcessError: Command '['ffmpeg', '-hide_banner', '-i', 'd:\\MusicProcessing\\tests\\Music\\Billie Holiday\\Georgia On My Mind\\Billie Holiday-Georgia On My Mind.wma', '-an', '-map', '0:v', '-map_metadata', '-1', '-update', '1', 'd:\\MusicProcessing\\tests\\Music\\Billie Holiday\\Georgia On My Mind\\Folder.jpg', '-y']' returned non-zero exit status 4294967274.
Stack (most recent call last):
  File "<string>", line 206, in <module>
  File "<string>", line 187, in run_tests
  File "C:\Users\gmanw\AppData\Local\Programs\Python\Python312\Lib\unittest\runner.py", line 240, in run
    test(result)
  File "C:\Users\gmanw\AppData\Local\Programs\Python\Python312\Lib\unittest\suite.py", line 84, in __call__
    return self.run(*args, **kwds)
  File "C:\Users\gmanw\AppData\Local\Programs\Python\Python312\Lib\unittest\suite.py", line 122, in run
    test(result)
  File "C:\Users\gmanw\AppData\Local\Programs\Python\Python312\Lib\unittest\case.py", line 690, in __call__
    return self.run(*args, **kwds)
  File "C:\Users\gmanw\AppData\Local\Programs\Python\Python312\Lib\unittest\case.py", line 634, in run
    self._callTestMethod(testMethod)
  File "C:\Users\gmanw\AppData\Local\Programs\Python\Python312\Lib\unittest\case.py", line 589, in _callTestMethod
    if method() is not None:
  File "d:\MusicProcessing\tests\test_audio_art.py", line 244, in test_extract_ffmpeg_art_no_stream
    art.extract_ffmpeg_art(input_audio)
  File "d:\MusicProcessing\src\audio_info\audio_art.py", line 287, in extract_ffmpeg_art
    logger.exception(f"Exception {type(e_error).__name__} using ffmpeg to extract art from {input_path}", stack_info=True)

2025-09-27 15:54:03,182 — src.subprocess_utils — ERROR — subprocess_run:233 — CalledProcessError returncode: 4294967274 on command ['ffmpeg', '-hide_banner', '-i', 'd:\\MusicProcessing\\tests\\Music\\Billie Holiday\\Georgia On My Mind\\Billie Holiday-Georgia On My Mind.wma', '-an', '-map', '0:v', '-map_metadata', '-1', '-update', '1', 'd:\\MusicProcessing\\tests\\Music\\Billie Holiday\\Georgia On My Mind\\Folder.jpg', '-y']
Traceback (most recent call last):
  File "d:\MusicProcessing\src\subprocess_utils.py", line 224, in subprocess_run
    process = subprocess.run(
              ^^^^^^^^^^^^^^^
  File "C:\Users\gmanw\AppData\Local\Programs\Python\Python312\Lib\subprocess.py", line 571, in run
    raise CalledProcessError(retcode, process.args,
subprocess.CalledProcessError: Command '['ffmpeg', '-hide_banner', '-i', 'd:\\MusicProcessing\\tests\\Music\\Billie Holiday\\Georgia On My Mind\\Billie Holiday-Georgia On My Mind.wma', '-an', '-map', '0:v', '-map_metadata', '-1', '-update', '1', 'd:\\MusicProcessing\\tests\\Music\\Billie Holiday\\Georgia On My Mind\\Folder.jpg', '-y']' returned non-zero exit status 4294967274.
Stack (most recent call last):
  File "c:\Users\gmanw\.vscode\extensions\ms-python.python-2025.14.0-win32-x64\python_files\unittestadapter\execution.py", line 358, in <module>
    payload = run_tests(
  File "c:\Users\gmanw\.vscode\extensions\ms-python.python-2025.14.0-win32-x64\python_files\unittestadapter\execution.py", line 238, in run_tests
    result: UnittestTestResult = runner.run(tailor)  # type: ignore
  File "C:\Users\gmanw\AppData\Local\Programs\Python\Python312\Lib\unittest\runner.py", line 240, in run
    test(result)
  File "C:\Users\gmanw\AppData\Local\Programs\Python\Python312\Lib\unittest\suite.py", line 84, in __call__
    return self.run(*args, **kwds)
  File "C:\Users\gmanw\AppData\Local\Programs\Python\Python312\Lib\unittest\suite.py", line 122, in run
    test(result)
  File "C:\Users\gmanw\AppData\Local\Programs\Python\Python312\Lib\unittest\suite.py", line 84, in __call__
    return self.run(*args, **kwds)
  File "C:\Users\gmanw\AppData\Local\Programs\Python\Python312\Lib\unittest\suite.py", line 122, in run
    test(result)
  File "C:\Users\gmanw\AppData\Local\Programs\Python\Python312\Lib\unittest\suite.py", line 84, in __call__
    return self.run(*args, **kwds)
  File "C:\Users\gmanw\AppData\Local\Programs\Python\Python312\Lib\unittest\suite.py", line 122, in run
    test(result)
  File "C:\Users\gmanw\AppData\Local\Programs\Python\Python312\Lib\unittest\case.py", line 690, in __call__
    return self.run(*args, **kwds)
  File "C:\Users\gmanw\AppData\Local\Programs\Python\Python312\Lib\unittest\case.py", line 634, in run
    self._callTestMethod(testMethod)
  File "C:\Users\gmanw\AppData\Local\Programs\Python\Python312\Lib\unittest\case.py", line 589, in _callTestMethod
    if method() is not None:
  File "d:\MusicProcessing\tests\test_audio_art.py", line 244, in test_extract_ffmpeg_art_no_stream
    art.extract_ffmpeg_art(input_audio)
  File "d:\MusicProcessing\src\audio_info\audio_art.py", line 284, in extract_ffmpeg_art
    _ = subprocess_utils.subprocess_run(command)
  File "d:\MusicProcessing\src\subprocess_utils.py", line 233, in subprocess_run
    logger.exception(f"CalledProcessError returncode: {cp_error.returncode} on command {cp_error.cmd}", stack_info=True)

2025-09-27 15:54:03,232 — src.audio_info.audio_art — ERROR — extract_ffmpeg_art:287 — Exception CalledProcessError using ffmpeg to extract art from d:\MusicProcessing\tests\Music\Billie Holiday\Georgia On My Mind\Billie Holiday-Georgia On My Mind.wma
Traceback (most recent call last):
  File "d:\MusicProcessing\src\audio_info\audio_art.py", line 284, in extract_ffmpeg_art
    _ = subprocess_utils.subprocess_run(command)
        ^^^^^^^^^^^^^^^^^^^^^^^^^^^^^^^^^^^^^^^^
  File "d:\MusicProcessing\src\subprocess_utils.py", line 234, in subprocess_run
    raise cp_error
  File "d:\MusicProcessing\src\subprocess_utils.py", line 224, in subprocess_run
    process = subprocess.run(
              ^^^^^^^^^^^^^^^
  File "C:\Users\gmanw\AppData\Local\Programs\Python\Python312\Lib\subprocess.py", line 571, in run
    raise CalledProcessError(retcode, process.args,
subprocess.CalledProcessError: Command '['ffmpeg', '-hide_banner', '-i', 'd:\\MusicProcessing\\tests\\Music\\Billie Holiday\\Georgia On My Mind\\Billie Holiday-Georgia On My Mind.wma', '-an', '-map', '0:v', '-map_metadata', '-1', '-update', '1', 'd:\\MusicProcessing\\tests\\Music\\Billie Holiday\\Georgia On My Mind\\Folder.jpg', '-y']' returned non-zero exit status 4294967274.
Stack (most recent call last):
  File "c:\Users\gmanw\.vscode\extensions\ms-python.python-2025.14.0-win32-x64\python_files\unittestadapter\execution.py", line 358, in <module>
    payload = run_tests(
  File "c:\Users\gmanw\.vscode\extensions\ms-python.python-2025.14.0-win32-x64\python_files\unittestadapter\execution.py", line 238, in run_tests
    result: UnittestTestResult = runner.run(tailor)  # type: ignore
  File "C:\Users\gmanw\AppData\Local\Programs\Python\Python312\Lib\unittest\runner.py", line 240, in run
    test(result)
  File "C:\Users\gmanw\AppData\Local\Programs\Python\Python312\Lib\unittest\suite.py", line 84, in __call__
    return self.run(*args, **kwds)
  File "C:\Users\gmanw\AppData\Local\Programs\Python\Python312\Lib\unittest\suite.py", line 122, in run
    test(result)
  File "C:\Users\gmanw\AppData\Local\Programs\Python\Python312\Lib\unittest\suite.py", line 84, in __call__
    return self.run(*args, **kwds)
  File "C:\Users\gmanw\AppData\Local\Programs\Python\Python312\Lib\unittest\suite.py", line 122, in run
    test(result)
  File "C:\Users\gmanw\AppData\Local\Programs\Python\Python312\Lib\unittest\suite.py", line 84, in __call__
    return self.run(*args, **kwds)
  File "C:\Users\gmanw\AppData\Local\Programs\Python\Python312\Lib\unittest\suite.py", line 122, in run
    test(result)
  File "C:\Users\gmanw\AppData\Local\Programs\Python\Python312\Lib\unittest\case.py", line 690, in __call__
    return self.run(*args, **kwds)
  File "C:\Users\gmanw\AppData\Local\Programs\Python\Python312\Lib\unittest\case.py", line 634, in run
    self._callTestMethod(testMethod)
  File "C:\Users\gmanw\AppData\Local\Programs\Python\Python312\Lib\unittest\case.py", line 589, in _callTestMethod
    if method() is not None:
  File "d:\MusicProcessing\tests\test_audio_art.py", line 244, in test_extract_ffmpeg_art_no_stream
    art.extract_ffmpeg_art(input_audio)
  File "d:\MusicProcessing\src\audio_info\audio_art.py", line 287, in extract_ffmpeg_art
    logger.exception(f"Exception {type(e_error).__name__} using ffmpeg to extract art from {input_path}", stack_info=True)

2025-09-27 15:54:19,680 — src.subprocess_utils — ERROR — subprocess_run:233 — CalledProcessError returncode: 4294967294 on command ['ffmpeg', '-hide_banner', '-i', 'd:\\MusicProcessing\\tests\\Music\\Crush\\Here\\Crush-Live.mp3', '-id3v2_version', '3', '-af', 'loudnorm=I=-16.0:TP=-2.0:LRA=11.0:measured_I=-16.77:measured_TP=-6.66:measured_LRA=8.10:measured_thresh=-26.99:offset=-0.64:linear=true:print_format=json', '-ar', '44100', 'd:\\MusicProcessing\\src\\generated_files\\Music\\Crush\\Here\\Crush-Live.mp3', '-y']
Traceback (most recent call last):
  File "d:\MusicProcessing\src\subprocess_utils.py", line 224, in subprocess_run
    process = subprocess.run(
              ^^^^^^^^^^^^^^^
  File "C:\Users\gmanw\AppData\Local\Programs\Python\Python312\Lib\subprocess.py", line 571, in run
    raise CalledProcessError(retcode, process.args,
subprocess.CalledProcessError: Command '['ffmpeg', '-hide_banner', '-i', 'd:\\MusicProcessing\\tests\\Music\\Crush\\Here\\Crush-Live.mp3', '-id3v2_version', '3', '-af', 'loudnorm=I=-16.0:TP=-2.0:LRA=11.0:measured_I=-16.77:measured_TP=-6.66:measured_LRA=8.10:measured_thresh=-26.99:offset=-0.64:linear=true:print_format=json', '-ar', '44100', 'd:\\MusicProcessing\\src\\generated_files\\Music\\Crush\\Here\\Crush-Live.mp3', '-y']' returned non-zero exit status 4294967294.
Stack (most recent call last):
  File "<string>", line 206, in <module>
  File "<string>", line 187, in run_tests
  File "C:\Users\gmanw\AppData\Local\Programs\Python\Python312\Lib\unittest\runner.py", line 240, in run
    test(result)
  File "C:\Users\gmanw\AppData\Local\Programs\Python\Python312\Lib\unittest\suite.py", line 84, in __call__
    return self.run(*args, **kwds)
  File "C:\Users\gmanw\AppData\Local\Programs\Python\Python312\Lib\unittest\suite.py", line 122, in run
    test(result)
  File "C:\Users\gmanw\AppData\Local\Programs\Python\Python312\Lib\unittest\case.py", line 690, in __call__
    return self.run(*args, **kwds)
  File "C:\Users\gmanw\AppData\Local\Programs\Python\Python312\Lib\unittest\case.py", line 634, in run
    self._callTestMethod(testMethod)
  File "C:\Users\gmanw\AppData\Local\Programs\Python\Python312\Lib\unittest\case.py", line 589, in _callTestMethod
    if method() is not None:
  File "d:\MusicProcessing\tests\test_audio_normalization.py", line 95, in test_ebu_normalize_linear
    normalization.ebu_normalize_file(EBU_LINEAR_SRC, show_spinner=False)
  File "d:\MusicProcessing\src\audio_normalize\audio_normalization.py", line 265, in ebu_normalize_file
    normalize_process = subprocess_utils.subprocess_run(normalize_command)
  File "d:\MusicProcessing\src\subprocess_utils.py", line 233, in subprocess_run
    logger.exception(f"CalledProcessError returncode: {cp_error.returncode} on command {cp_error.cmd}", stack_info=True)

2025-09-27 15:54:19,680 — src.audio_normalize.audio_normalization — ERROR — ebu_normalize_file:288 — Exception CalledProcessError while ebu normalizing audio file: d:\MusicProcessing\tests\Music\Crush\Here\Crush-Live.mp3
Traceback (most recent call last):
  File "d:\MusicProcessing\src\audio_normalize\audio_normalization.py", line 265, in ebu_normalize_file
    normalize_process = subprocess_utils.subprocess_run(normalize_command)
                        ^^^^^^^^^^^^^^^^^^^^^^^^^^^^^^^^^^^^^^^^^^^^^^^^^^
  File "d:\MusicProcessing\src\subprocess_utils.py", line 234, in subprocess_run
    raise cp_error
  File "d:\MusicProcessing\src\subprocess_utils.py", line 224, in subprocess_run
    process = subprocess.run(
              ^^^^^^^^^^^^^^^
  File "C:\Users\gmanw\AppData\Local\Programs\Python\Python312\Lib\subprocess.py", line 571, in run
    raise CalledProcessError(retcode, process.args,
subprocess.CalledProcessError: Command '['ffmpeg', '-hide_banner', '-i', 'd:\\MusicProcessing\\tests\\Music\\Crush\\Here\\Crush-Live.mp3', '-id3v2_version', '3', '-af', 'loudnorm=I=-16.0:TP=-2.0:LRA=11.0:measured_I=-16.77:measured_TP=-6.66:measured_LRA=8.10:measured_thresh=-26.99:offset=-0.64:linear=true:print_format=json', '-ar', '44100', 'd:\\MusicProcessing\\src\\generated_files\\Music\\Crush\\Here\\Crush-Live.mp3', '-y']' returned non-zero exit status 4294967294.
Stack (most recent call last):
  File "<string>", line 206, in <module>
  File "<string>", line 187, in run_tests
  File "C:\Users\gmanw\AppData\Local\Programs\Python\Python312\Lib\unittest\runner.py", line 240, in run
    test(result)
  File "C:\Users\gmanw\AppData\Local\Programs\Python\Python312\Lib\unittest\suite.py", line 84, in __call__
    return self.run(*args, **kwds)
  File "C:\Users\gmanw\AppData\Local\Programs\Python\Python312\Lib\unittest\suite.py", line 122, in run
    test(result)
  File "C:\Users\gmanw\AppData\Local\Programs\Python\Python312\Lib\unittest\case.py", line 690, in __call__
    return self.run(*args, **kwds)
  File "C:\Users\gmanw\AppData\Local\Programs\Python\Python312\Lib\unittest\case.py", line 634, in run
    self._callTestMethod(testMethod)
  File "C:\Users\gmanw\AppData\Local\Programs\Python\Python312\Lib\unittest\case.py", line 589, in _callTestMethod
    if method() is not None:
  File "d:\MusicProcessing\tests\test_audio_normalization.py", line 95, in test_ebu_normalize_linear
    normalization.ebu_normalize_file(EBU_LINEAR_SRC, show_spinner=False)
  File "d:\MusicProcessing\src\audio_normalize\audio_normalization.py", line 288, in ebu_normalize_file
    logger.exception(f"Exception {type(e_error).__name__} while ebu normalizing audio file: {file_path}", stack_info=True)

2025-09-27 15:54:27,291 — src.audio_info.audio_metadata — ERROR — get_media_tags:764 — JSONDecodeError decoding JSON output from ffprobe
Traceback (most recent call last):
  File "d:\MusicProcessing\src\audio_info\audio_metadata.py", line 758, in get_media_tags
    data = json.loads(result.stdout)
           ^^^^^^^^^^^^^^^^^^^^^^^^^
  File "C:\Users\gmanw\AppData\Local\Programs\Python\Python312\Lib\json\__init__.py", line 346, in loads
    return _default_decoder.decode(s)
           ^^^^^^^^^^^^^^^^^^^^^^^^^^
  File "C:\Users\gmanw\AppData\Local\Programs\Python\Python312\Lib\json\decoder.py", line 337, in decode
    obj, end = self.raw_decode(s, idx=_w(s, 0).end())
               ^^^^^^^^^^^^^^^^^^^^^^^^^^^^^^^^^^^^^^
  File "C:\Users\gmanw\AppData\Local\Programs\Python\Python312\Lib\json\decoder.py", line 353, in raw_decode
    obj, end = self.scan_once(s, idx)
               ^^^^^^^^^^^^^^^^^^^^^^
json.decoder.JSONDecodeError: Expecting ',' delimiter: line 18 column 1 (char 249)

2025-09-27 15:54:28,224 — src.audio_info.audio_metadata — ERROR — has_art_tag:936 — MusicProcessingError with file: d:\MusicProcessing\tests\Music\test has invalid extension: .m3u
NoneType: None

2025-09-27 15:54:28,224 — src.audio_info.audio_metadata — ERROR — load_any_file:982 — ValueError loading d:\MusicProcessing\tests\Music\test.m3u returned None
NoneType: None

2025-09-27 15:54:28,224 — src.audio_info.audio_metadata — ERROR — load_any_file:986 — MutagenError [Errno 2] No such file or directory: 'd:\\MusicProcessing\\tests\\Music\\Non-extant.wav' loading d:\MusicProcessing\tests\Music\Non-extant.wav
Traceback (most recent call last):
  File "C:\Users\gmanw\AppData\Local\Programs\Python\Python312\Lib\site-packages\mutagen\_util.py", line 251, in _openfile
    fileobj = open(filename, "rb+" if writable else "rb")
              ^^^^^^^^^^^^^^^^^^^^^^^^^^^^^^^^^^^^^^^^^^^
FileNotFoundError: [Errno 2] No such file or directory: 'd:\\MusicProcessing\\tests\\Music\\Non-extant.wav'

During handling of the above exception, another exception occurred:

Traceback (most recent call last):
  File "d:\MusicProcessing\src\audio_info\audio_metadata.py", line 978, in load_any_file
    audio_file = mutagen.File(file_path)
                 ^^^^^^^^^^^^^^^^^^^^^^^
  File "C:\Users\gmanw\AppData\Local\Programs\Python\Python312\Lib\site-packages\mutagen\_util.py", line 162, in wrapper_func
    with _openfile(None, filething, filename, fileobj,
  File "C:\Users\gmanw\AppData\Local\Programs\Python\Python312\Lib\contextlib.py", line 137, in __enter__
    return next(self.gen)
           ^^^^^^^^^^^^^^
  File "C:\Users\gmanw\AppData\Local\Programs\Python\Python312\Lib\site-packages\mutagen\_util.py", line 272, in _openfile
    raise MutagenError(e)
mutagen.MutagenError: [Errno 2] No such file or directory: 'd:\\MusicProcessing\\tests\\Music\\Non-extant.wav'

2025-09-27 15:54:28,257 — src.subprocess_utils — ERROR — popen_pipe:77 — RuntimeError running command ffprobe -v quiet -show_format -show_streams 'd:\MusicProcessing\tests\ConvertedMusic\Creedence Clearwater Revival\Chronicle, Vol. 1\Creedence Clearwater Revival-Fortunate Son.wma'
NoneType: None

2025-09-27 15:54:28,257 — src.audio_info.audio_metadata — ERROR — get_media_info:666 — Exception getting media info for file d:\MusicProcessing\tests\ConvertedMusic\Creedence Clearwater Revival\Chronicle, Vol. 1\Creedence Clearwater Revival-Fortunate Son.wma
Traceback (most recent call last):
  File "d:\MusicProcessing\src\audio_info\audio_metadata.py", line 606, in get_media_info
    output = subprocess_utils.popen_pipe(command)
             ^^^^^^^^^^^^^^^^^^^^^^^^^^^^^^^^^^^^
  File "d:\MusicProcessing\src\subprocess_utils.py", line 81, in popen_pipe
    raise r_error
  File "d:\MusicProcessing\src\subprocess_utils.py", line 78, in popen_pipe
    raise RuntimeError(f"RuntimeError running command {shlex.join(command)}")
RuntimeError: RuntimeError running command ffprobe -v quiet -show_format -show_streams 'd:\MusicProcessing\tests\ConvertedMusic\Creedence Clearwater Revival\Chronicle, Vol. 1\Creedence Clearwater Revival-Fortunate Son.wma'

2025-09-27 15:54:28,257 — src.audio_info.audio_metadata — ERROR — get_media_info_walk:722 — Exception RuntimeError getting media info for file d:\MusicProcessing\tests\ConvertedMusic\Creedence Clearwater Revival\Chronicle, Vol. 1\Creedence Clearwater Revival-Fortunate Son.wma
Traceback (most recent call last):
  File "d:\MusicProcessing\src\audio_info\audio_metadata.py", line 704, in get_media_info_walk
    media_info = self.get_media_info(input_file_path)
                 ^^^^^^^^^^^^^^^^^^^^^^^^^^^^^^^^^^^^
  File "d:\MusicProcessing\src\audio_info\audio_metadata.py", line 667, in get_media_info
    raise e_error
  File "d:\MusicProcessing\src\audio_info\audio_metadata.py", line 606, in get_media_info
    output = subprocess_utils.popen_pipe(command)
             ^^^^^^^^^^^^^^^^^^^^^^^^^^^^^^^^^^^^
  File "d:\MusicProcessing\src\subprocess_utils.py", line 81, in popen_pipe
    raise r_error
  File "d:\MusicProcessing\src\subprocess_utils.py", line 78, in popen_pipe
    raise RuntimeError(f"RuntimeError running command {shlex.join(command)}")
RuntimeError: RuntimeError running command ffprobe -v quiet -show_format -show_streams 'd:\MusicProcessing\tests\ConvertedMusic\Creedence Clearwater Revival\Chronicle, Vol. 1\Creedence Clearwater Revival-Fortunate Son.wma'

2025-09-27 15:54:28,340 — src.audio_info.audio_metadata — ERROR — get_media_tags:764 — JSONDecodeError decoding JSON output from ffprobe
Traceback (most recent call last):
  File "d:\MusicProcessing\src\audio_info\audio_metadata.py", line 758, in get_media_tags
    data = json.loads(result.stdout)
           ^^^^^^^^^^^^^^^^^^^^^^^^^
  File "C:\Users\gmanw\AppData\Local\Programs\Python\Python312\Lib\json\__init__.py", line 346, in loads
    return _default_decoder.decode(s)
           ^^^^^^^^^^^^^^^^^^^^^^^^^^
  File "C:\Users\gmanw\AppData\Local\Programs\Python\Python312\Lib\json\decoder.py", line 337, in decode
    obj, end = self.raw_decode(s, idx=_w(s, 0).end())
               ^^^^^^^^^^^^^^^^^^^^^^^^^^^^^^^^^^^^^^
  File "C:\Users\gmanw\AppData\Local\Programs\Python\Python312\Lib\json\decoder.py", line 353, in raw_decode
    obj, end = self.scan_once(s, idx)
               ^^^^^^^^^^^^^^^^^^^^^^
json.decoder.JSONDecodeError: Expecting ',' delimiter: line 18 column 1 (char 249)

2025-09-27 15:54:29,157 — src.audio_info.audio_metadata — ERROR — has_art_tag:936 — MusicProcessingError with file: d:\MusicProcessing\tests\Music\test has invalid extension: .m3u
NoneType: None

2025-09-27 15:54:29,157 — src.audio_info.audio_metadata — ERROR — load_any_file:982 — ValueError loading d:\MusicProcessing\tests\Music\test.m3u returned None
NoneType: None

2025-09-27 15:54:29,157 — src.audio_info.audio_metadata — ERROR — load_any_file:986 — MutagenError [Errno 2] No such file or directory: 'd:\\MusicProcessing\\tests\\Music\\Non-extant.wav' loading d:\MusicProcessing\tests\Music\Non-extant.wav
Traceback (most recent call last):
  File "C:\Users\gmanw\AppData\Local\Programs\Python\Python312\Lib\site-packages\mutagen\_util.py", line 251, in _openfile
    fileobj = open(filename, "rb+" if writable else "rb")
              ^^^^^^^^^^^^^^^^^^^^^^^^^^^^^^^^^^^^^^^^^^^
FileNotFoundError: [Errno 2] No such file or directory: 'd:\\MusicProcessing\\tests\\Music\\Non-extant.wav'

During handling of the above exception, another exception occurred:

Traceback (most recent call last):
  File "d:\MusicProcessing\src\audio_info\audio_metadata.py", line 978, in load_any_file
    audio_file = mutagen.File(file_path)
                 ^^^^^^^^^^^^^^^^^^^^^^^
  File "C:\Users\gmanw\AppData\Local\Programs\Python\Python312\Lib\site-packages\mutagen\_util.py", line 162, in wrapper_func
    with _openfile(None, filething, filename, fileobj,
  File "C:\Users\gmanw\AppData\Local\Programs\Python\Python312\Lib\contextlib.py", line 137, in __enter__
    return next(self.gen)
           ^^^^^^^^^^^^^^
  File "C:\Users\gmanw\AppData\Local\Programs\Python\Python312\Lib\site-packages\mutagen\_util.py", line 272, in _openfile
    raise MutagenError(e)
mutagen.MutagenError: [Errno 2] No such file or directory: 'd:\\MusicProcessing\\tests\\Music\\Non-extant.wav'

2025-09-27 15:54:55,707 — src.audio_info.audio_playlist — ERROR — get_audio_name:88 — PlaylistError no file delimiter in #EXTINF:0The Eagles-Desperado.m4a
NoneType: None
Stack (most recent call last):
  File "c:\Users\gmanw\.vscode\extensions\ms-python.python-2025.14.0-win32-x64\python_files\unittestadapter\execution.py", line 358, in <module>
    payload = run_tests(
  File "c:\Users\gmanw\.vscode\extensions\ms-python.python-2025.14.0-win32-x64\python_files\unittestadapter\execution.py", line 238, in run_tests
    result: UnittestTestResult = runner.run(tailor)  # type: ignore
  File "C:\Users\gmanw\AppData\Local\Programs\Python\Python312\Lib\unittest\runner.py", line 240, in run
    test(result)
  File "C:\Users\gmanw\AppData\Local\Programs\Python\Python312\Lib\unittest\suite.py", line 84, in __call__
    return self.run(*args, **kwds)
  File "C:\Users\gmanw\AppData\Local\Programs\Python\Python312\Lib\unittest\suite.py", line 122, in run
    test(result)
  File "C:\Users\gmanw\AppData\Local\Programs\Python\Python312\Lib\unittest\suite.py", line 84, in __call__
    return self.run(*args, **kwds)
  File "C:\Users\gmanw\AppData\Local\Programs\Python\Python312\Lib\unittest\suite.py", line 122, in run
    test(result)
  File "C:\Users\gmanw\AppData\Local\Programs\Python\Python312\Lib\unittest\suite.py", line 84, in __call__
    return self.run(*args, **kwds)
  File "C:\Users\gmanw\AppData\Local\Programs\Python\Python312\Lib\unittest\suite.py", line 122, in run
    test(result)
  File "C:\Users\gmanw\AppData\Local\Programs\Python\Python312\Lib\unittest\case.py", line 690, in __call__
    return self.run(*args, **kwds)
  File "C:\Users\gmanw\AppData\Local\Programs\Python\Python312\Lib\unittest\case.py", line 634, in run
    self._callTestMethod(testMethod)
  File "C:\Users\gmanw\AppData\Local\Programs\Python\Python312\Lib\unittest\case.py", line 589, in _callTestMethod
    if method() is not None:
  File "d:\MusicProcessing\tests\test_audio_playlist.py", line 57, in test_get_audio_name_error
    audio = playlist.get_audio_name(line)
  File "d:\MusicProcessing\src\audio_info\audio_playlist.py", line 88, in get_audio_name
    logger.exception(f"PlaylistError no file delimiter in {line}", stack_info=True)

2025-09-27 15:54:55,818 — src.audio_info.audio_playlist — ERROR — update_paths:130 — PlaylistError input file d:\MusicProcessing\tests\Music\Crush\Here\Crush-Live.mp3 is not a playlist
NoneType: None
Stack (most recent call last):
  File "c:\Users\gmanw\.vscode\extensions\ms-python.python-2025.14.0-win32-x64\python_files\unittestadapter\execution.py", line 358, in <module>
    payload = run_tests(
  File "c:\Users\gmanw\.vscode\extensions\ms-python.python-2025.14.0-win32-x64\python_files\unittestadapter\execution.py", line 238, in run_tests
    result: UnittestTestResult = runner.run(tailor)  # type: ignore
  File "C:\Users\gmanw\AppData\Local\Programs\Python\Python312\Lib\unittest\runner.py", line 240, in run
    test(result)
  File "C:\Users\gmanw\AppData\Local\Programs\Python\Python312\Lib\unittest\suite.py", line 84, in __call__
    return self.run(*args, **kwds)
  File "C:\Users\gmanw\AppData\Local\Programs\Python\Python312\Lib\unittest\suite.py", line 122, in run
    test(result)
  File "C:\Users\gmanw\AppData\Local\Programs\Python\Python312\Lib\unittest\suite.py", line 84, in __call__
    return self.run(*args, **kwds)
  File "C:\Users\gmanw\AppData\Local\Programs\Python\Python312\Lib\unittest\suite.py", line 122, in run
    test(result)
  File "C:\Users\gmanw\AppData\Local\Programs\Python\Python312\Lib\unittest\suite.py", line 84, in __call__
    return self.run(*args, **kwds)
  File "C:\Users\gmanw\AppData\Local\Programs\Python\Python312\Lib\unittest\suite.py", line 122, in run
    test(result)
  File "C:\Users\gmanw\AppData\Local\Programs\Python\Python312\Lib\unittest\case.py", line 690, in __call__
    return self.run(*args, **kwds)
  File "C:\Users\gmanw\AppData\Local\Programs\Python\Python312\Lib\unittest\case.py", line 634, in run
    self._callTestMethod(testMethod)
  File "C:\Users\gmanw\AppData\Local\Programs\Python\Python312\Lib\unittest\case.py", line 589, in _callTestMethod
    if method() is not None:
  File "d:\MusicProcessing\tests\test_audio_playlist.py", line 130, in test_update_paths_fail
    playlist.update_paths(TESTS_TLD, TEST_MP3_CRUSH)
  File "d:\MusicProcessing\src\audio_info\audio_playlist.py", line 130, in update_paths
    logger.exception(f"PlaylistError input file {input_m3u} is not a playlist", stack_info=True)

2025-09-27 15:54:55,853 — src.subprocess_utils — ERROR — popen_pipe:77 — RuntimeError running command ffprobe -v quiet -show_format -show_streams 'd:\MusicProcessing\tests\Music\test.m3u'
NoneType: None

2025-09-27 15:54:55,901 — src.subprocess_utils — ERROR — subprocess_run:233 — CalledProcessError returncode: 1 on command ['ffprobe', '-hide_banner', '-select_streams', 'v:0', '-show_streams', '-of', 'json', 'd:\\MusicProcessing\\tests\\Music\\Non-extant.wav']
Traceback (most recent call last):
  File "d:\MusicProcessing\src\subprocess_utils.py", line 224, in subprocess_run
    process = subprocess.run(
              ^^^^^^^^^^^^^^^
  File "C:\Users\gmanw\AppData\Local\Programs\Python\Python312\Lib\subprocess.py", line 571, in run
    raise CalledProcessError(retcode, process.args,
subprocess.CalledProcessError: Command '['ffprobe', '-hide_banner', '-select_streams', 'v:0', '-show_streams', '-of', 'json', 'd:\\MusicProcessing\\tests\\Music\\Non-extant.wav']' returned non-zero exit status 1.
Stack (most recent call last):
  File "c:\Users\gmanw\.vscode\extensions\ms-python.python-2025.14.0-win32-x64\python_files\unittestadapter\execution.py", line 358, in <module>
    payload = run_tests(
  File "c:\Users\gmanw\.vscode\extensions\ms-python.python-2025.14.0-win32-x64\python_files\unittestadapter\execution.py", line 238, in run_tests
    result: UnittestTestResult = runner.run(tailor)  # type: ignore
  File "C:\Users\gmanw\AppData\Local\Programs\Python\Python312\Lib\unittest\runner.py", line 240, in run
    test(result)
  File "C:\Users\gmanw\AppData\Local\Programs\Python\Python312\Lib\unittest\suite.py", line 84, in __call__
    return self.run(*args, **kwds)
  File "C:\Users\gmanw\AppData\Local\Programs\Python\Python312\Lib\unittest\suite.py", line 122, in run
    test(result)
  File "C:\Users\gmanw\AppData\Local\Programs\Python\Python312\Lib\unittest\suite.py", line 84, in __call__
    return self.run(*args, **kwds)
  File "C:\Users\gmanw\AppData\Local\Programs\Python\Python312\Lib\unittest\suite.py", line 122, in run
    test(result)
  File "C:\Users\gmanw\AppData\Local\Programs\Python\Python312\Lib\unittest\suite.py", line 84, in __call__
    return self.run(*args, **kwds)
  File "C:\Users\gmanw\AppData\Local\Programs\Python\Python312\Lib\unittest\suite.py", line 122, in run
    test(result)
  File "C:\Users\gmanw\AppData\Local\Programs\Python\Python312\Lib\unittest\case.py", line 690, in __call__
    return self.run(*args, **kwds)
  File "C:\Users\gmanw\AppData\Local\Programs\Python\Python312\Lib\unittest\case.py", line 634, in run
    self._callTestMethod(testMethod)
  File "C:\Users\gmanw\AppData\Local\Programs\Python\Python312\Lib\unittest\case.py", line 589, in _callTestMethod
    if method() is not None:
  File "d:\MusicProcessing\tests\test_subprocess_utilities.py", line 83, in test_subprocess_run_non_extant
    probe_process = subprocess_utils.subprocess_run(probe_command)
  File "d:\MusicProcessing\src\subprocess_utils.py", line 233, in subprocess_run
    logger.exception(f"CalledProcessError returncode: {cp_error.returncode} on command {cp_error.cmd}", stack_info=True)

2025-09-27 15:55:17,593 — src.subprocess_utils — ERROR — subprocess_run:233 — CalledProcessError returncode: 4294967274 on command ['ffmpeg', '-hide_banner', '-i', 'd:\\MusicProcessing\\tests\\Music\\Billie Holiday\\Georgia On My Mind\\Billie Holiday-Georgia On My Mind.wma', '-an', '-map', '0:v', '-map_metadata', '-1', '-update', '1', 'd:\\MusicProcessing\\tests\\Music\\Billie Holiday\\Georgia On My Mind\\Folder.jpg', '-y']
Traceback (most recent call last):
  File "d:\MusicProcessing\src\subprocess_utils.py", line 224, in subprocess_run
    process = subprocess.run(
              ^^^^^^^^^^^^^^^
  File "C:\Users\gmanw\AppData\Local\Programs\Python\Python312\Lib\subprocess.py", line 571, in run
    raise CalledProcessError(retcode, process.args,
subprocess.CalledProcessError: Command '['ffmpeg', '-hide_banner', '-i', 'd:\\MusicProcessing\\tests\\Music\\Billie Holiday\\Georgia On My Mind\\Billie Holiday-Georgia On My Mind.wma', '-an', '-map', '0:v', '-map_metadata', '-1', '-update', '1', 'd:\\MusicProcessing\\tests\\Music\\Billie Holiday\\Georgia On My Mind\\Folder.jpg', '-y']' returned non-zero exit status 4294967274.
Stack (most recent call last):
  File "c:\Users\gmanw\.vscode\extensions\ms-python.python-2025.14.0-win32-x64\python_files\unittestadapter\execution.py", line 358, in <module>
    payload = run_tests(
  File "c:\Users\gmanw\.vscode\extensions\ms-python.python-2025.14.0-win32-x64\python_files\unittestadapter\execution.py", line 238, in run_tests
    result: UnittestTestResult = runner.run(tailor)  # type: ignore
  File "C:\Users\gmanw\AppData\Local\Programs\Python\Python312\Lib\unittest\runner.py", line 240, in run
    test(result)
  File "C:\Users\gmanw\AppData\Local\Programs\Python\Python312\Lib\unittest\suite.py", line 84, in __call__
    return self.run(*args, **kwds)
  File "C:\Users\gmanw\AppData\Local\Programs\Python\Python312\Lib\unittest\suite.py", line 122, in run
    test(result)
  File "C:\Users\gmanw\AppData\Local\Programs\Python\Python312\Lib\unittest\suite.py", line 84, in __call__
    return self.run(*args, **kwds)
  File "C:\Users\gmanw\AppData\Local\Programs\Python\Python312\Lib\unittest\suite.py", line 122, in run
    test(result)
  File "C:\Users\gmanw\AppData\Local\Programs\Python\Python312\Lib\unittest\suite.py", line 84, in __call__
    return self.run(*args, **kwds)
  File "C:\Users\gmanw\AppData\Local\Programs\Python\Python312\Lib\unittest\suite.py", line 122, in run
    test(result)
  File "C:\Users\gmanw\AppData\Local\Programs\Python\Python312\Lib\unittest\case.py", line 690, in __call__
    return self.run(*args, **kwds)
  File "C:\Users\gmanw\AppData\Local\Programs\Python\Python312\Lib\unittest\case.py", line 634, in run
    self._callTestMethod(testMethod)
  File "C:\Users\gmanw\AppData\Local\Programs\Python\Python312\Lib\unittest\case.py", line 589, in _callTestMethod
    if method() is not None:
  File "d:\MusicProcessing\tests\test_audio_art.py", line 244, in test_extract_ffmpeg_art_no_stream
    art.extract_ffmpeg_art(input_audio)
  File "d:\MusicProcessing\src\audio_info\audio_art.py", line 284, in extract_ffmpeg_art
    _ = subprocess_utils.subprocess_run(command)
  File "d:\MusicProcessing\src\subprocess_utils.py", line 233, in subprocess_run
    logger.exception(f"CalledProcessError returncode: {cp_error.returncode} on command {cp_error.cmd}", stack_info=True)

2025-09-27 15:55:17,593 — src.audio_info.audio_art — ERROR — extract_ffmpeg_art:287 — Exception CalledProcessError using ffmpeg to extract art from d:\MusicProcessing\tests\Music\Billie Holiday\Georgia On My Mind\Billie Holiday-Georgia On My Mind.wma
Traceback (most recent call last):
  File "d:\MusicProcessing\src\audio_info\audio_art.py", line 284, in extract_ffmpeg_art
    _ = subprocess_utils.subprocess_run(command)
        ^^^^^^^^^^^^^^^^^^^^^^^^^^^^^^^^^^^^^^^^
  File "d:\MusicProcessing\src\subprocess_utils.py", line 234, in subprocess_run
    raise cp_error
  File "d:\MusicProcessing\src\subprocess_utils.py", line 224, in subprocess_run
    process = subprocess.run(
              ^^^^^^^^^^^^^^^
  File "C:\Users\gmanw\AppData\Local\Programs\Python\Python312\Lib\subprocess.py", line 571, in run
    raise CalledProcessError(retcode, process.args,
subprocess.CalledProcessError: Command '['ffmpeg', '-hide_banner', '-i', 'd:\\MusicProcessing\\tests\\Music\\Billie Holiday\\Georgia On My Mind\\Billie Holiday-Georgia On My Mind.wma', '-an', '-map', '0:v', '-map_metadata', '-1', '-update', '1', 'd:\\MusicProcessing\\tests\\Music\\Billie Holiday\\Georgia On My Mind\\Folder.jpg', '-y']' returned non-zero exit status 4294967274.
Stack (most recent call last):
  File "c:\Users\gmanw\.vscode\extensions\ms-python.python-2025.14.0-win32-x64\python_files\unittestadapter\execution.py", line 358, in <module>
    payload = run_tests(
  File "c:\Users\gmanw\.vscode\extensions\ms-python.python-2025.14.0-win32-x64\python_files\unittestadapter\execution.py", line 238, in run_tests
    result: UnittestTestResult = runner.run(tailor)  # type: ignore
  File "C:\Users\gmanw\AppData\Local\Programs\Python\Python312\Lib\unittest\runner.py", line 240, in run
    test(result)
  File "C:\Users\gmanw\AppData\Local\Programs\Python\Python312\Lib\unittest\suite.py", line 84, in __call__
    return self.run(*args, **kwds)
  File "C:\Users\gmanw\AppData\Local\Programs\Python\Python312\Lib\unittest\suite.py", line 122, in run
    test(result)
  File "C:\Users\gmanw\AppData\Local\Programs\Python\Python312\Lib\unittest\suite.py", line 84, in __call__
    return self.run(*args, **kwds)
  File "C:\Users\gmanw\AppData\Local\Programs\Python\Python312\Lib\unittest\suite.py", line 122, in run
    test(result)
  File "C:\Users\gmanw\AppData\Local\Programs\Python\Python312\Lib\unittest\suite.py", line 84, in __call__
    return self.run(*args, **kwds)
  File "C:\Users\gmanw\AppData\Local\Programs\Python\Python312\Lib\unittest\suite.py", line 122, in run
    test(result)
  File "C:\Users\gmanw\AppData\Local\Programs\Python\Python312\Lib\unittest\case.py", line 690, in __call__
    return self.run(*args, **kwds)
  File "C:\Users\gmanw\AppData\Local\Programs\Python\Python312\Lib\unittest\case.py", line 634, in run
    self._callTestMethod(testMethod)
  File "C:\Users\gmanw\AppData\Local\Programs\Python\Python312\Lib\unittest\case.py", line 589, in _callTestMethod
    if method() is not None:
  File "d:\MusicProcessing\tests\test_audio_art.py", line 244, in test_extract_ffmpeg_art_no_stream
    art.extract_ffmpeg_art(input_audio)
  File "d:\MusicProcessing\src\audio_info\audio_art.py", line 287, in extract_ffmpeg_art
    logger.exception(f"Exception {type(e_error).__name__} using ffmpeg to extract art from {input_path}", stack_info=True)

2025-09-27 15:55:41,265 — src.audio_info.audio_metadata — ERROR — create_album_dir:536 — Exception FileNotFoundError creating sub-dirs for d:\MusicProcessing\tests\PreppedMusic
Traceback (most recent call last):
  File "d:\MusicProcessing\src\audio_info\audio_metadata.py", line 457, in create_album_dir
    tld_content = os.listdir(start_path)
                  ^^^^^^^^^^^^^^^^^^^^^^
FileNotFoundError: [WinError 3] The system cannot find the path specified: 'd:\\MusicProcessing\\tests\\PreppedMusic'
Stack (most recent call last):
  File "c:\Users\gmanw\.vscode\extensions\ms-python.python-2025.14.0-win32-x64\python_files\unittestadapter\execution.py", line 358, in <module>
    payload = run_tests(
  File "c:\Users\gmanw\.vscode\extensions\ms-python.python-2025.14.0-win32-x64\python_files\unittestadapter\execution.py", line 238, in run_tests
    result: UnittestTestResult = runner.run(tailor)  # type: ignore
  File "C:\Users\gmanw\AppData\Local\Programs\Python\Python312\Lib\unittest\runner.py", line 240, in run
    test(result)
  File "C:\Users\gmanw\AppData\Local\Programs\Python\Python312\Lib\unittest\suite.py", line 84, in __call__
    return self.run(*args, **kwds)
  File "C:\Users\gmanw\AppData\Local\Programs\Python\Python312\Lib\unittest\suite.py", line 122, in run
    test(result)
  File "C:\Users\gmanw\AppData\Local\Programs\Python\Python312\Lib\unittest\suite.py", line 84, in __call__
    return self.run(*args, **kwds)
  File "C:\Users\gmanw\AppData\Local\Programs\Python\Python312\Lib\unittest\suite.py", line 122, in run
    test(result)
  File "C:\Users\gmanw\AppData\Local\Programs\Python\Python312\Lib\unittest\suite.py", line 84, in __call__
    return self.run(*args, **kwds)
  File "C:\Users\gmanw\AppData\Local\Programs\Python\Python312\Lib\unittest\suite.py", line 122, in run
    test(result)
  File "C:\Users\gmanw\AppData\Local\Programs\Python\Python312\Lib\unittest\case.py", line 690, in __call__
    return self.run(*args, **kwds)
  File "C:\Users\gmanw\AppData\Local\Programs\Python\Python312\Lib\unittest\case.py", line 634, in run
    self._callTestMethod(testMethod)
  File "C:\Users\gmanw\AppData\Local\Programs\Python\Python312\Lib\unittest\case.py", line 589, in _callTestMethod
    if method() is not None:
  File "d:\MusicProcessing\tests\test_audio_metadata.py", line 397, in test_create_album_dir
    metadata.create_album_dir(self.prepped)
  File "d:\MusicProcessing\src\audio_info\audio_metadata.py", line 536, in create_album_dir
    logger.exception(f"Exception {type(e_error).__name__} creating sub-dirs for {start_path}", stack_info=True)

2025-09-27 15:55:41,497 — src.audio_info.audio_metadata — ERROR — get_media_tags:764 — JSONDecodeError decoding JSON output from ffprobe
Traceback (most recent call last):
  File "d:\MusicProcessing\src\audio_info\audio_metadata.py", line 758, in get_media_tags
    data = json.loads(result.stdout)
           ^^^^^^^^^^^^^^^^^^^^^^^^^
  File "C:\Users\gmanw\AppData\Local\Programs\Python\Python312\Lib\json\__init__.py", line 346, in loads
    return _default_decoder.decode(s)
           ^^^^^^^^^^^^^^^^^^^^^^^^^^
  File "C:\Users\gmanw\AppData\Local\Programs\Python\Python312\Lib\json\decoder.py", line 337, in decode
    obj, end = self.raw_decode(s, idx=_w(s, 0).end())
               ^^^^^^^^^^^^^^^^^^^^^^^^^^^^^^^^^^^^^^
  File "C:\Users\gmanw\AppData\Local\Programs\Python\Python312\Lib\json\decoder.py", line 353, in raw_decode
    obj, end = self.scan_once(s, idx)
               ^^^^^^^^^^^^^^^^^^^^^^
json.decoder.JSONDecodeError: Expecting ',' delimiter: line 18 column 1 (char 249)

2025-09-27 15:55:42,447 — src.audio_info.audio_metadata — ERROR — has_art_tag:936 — MusicProcessingError with file: d:\MusicProcessing\tests\Music\test has invalid extension: .m3u
NoneType: None

2025-09-27 15:55:42,463 — src.audio_info.audio_metadata — ERROR — load_any_file:982 — ValueError loading d:\MusicProcessing\tests\Music\test.m3u returned None
NoneType: None

2025-09-27 15:55:42,463 — src.audio_info.audio_metadata — ERROR — load_any_file:986 — MutagenError [Errno 2] No such file or directory: 'd:\\MusicProcessing\\tests\\Music\\Non-extant.wav' loading d:\MusicProcessing\tests\Music\Non-extant.wav
Traceback (most recent call last):
  File "C:\Users\gmanw\AppData\Local\Programs\Python\Python312\Lib\site-packages\mutagen\_util.py", line 251, in _openfile
    fileobj = open(filename, "rb+" if writable else "rb")
              ^^^^^^^^^^^^^^^^^^^^^^^^^^^^^^^^^^^^^^^^^^^
FileNotFoundError: [Errno 2] No such file or directory: 'd:\\MusicProcessing\\tests\\Music\\Non-extant.wav'

During handling of the above exception, another exception occurred:

Traceback (most recent call last):
  File "d:\MusicProcessing\src\audio_info\audio_metadata.py", line 978, in load_any_file
    audio_file = mutagen.File(file_path)
                 ^^^^^^^^^^^^^^^^^^^^^^^
  File "C:\Users\gmanw\AppData\Local\Programs\Python\Python312\Lib\site-packages\mutagen\_util.py", line 162, in wrapper_func
    with _openfile(None, filething, filename, fileobj,
  File "C:\Users\gmanw\AppData\Local\Programs\Python\Python312\Lib\contextlib.py", line 137, in __enter__
    return next(self.gen)
           ^^^^^^^^^^^^^^
  File "C:\Users\gmanw\AppData\Local\Programs\Python\Python312\Lib\site-packages\mutagen\_util.py", line 272, in _openfile
    raise MutagenError(e)
mutagen.MutagenError: [Errno 2] No such file or directory: 'd:\\MusicProcessing\\tests\\Music\\Non-extant.wav'

2025-09-27 15:55:56,762 — src.subprocess_utils — ERROR — subprocess_run:233 — CalledProcessError returncode: 4294967294 on command ['ffmpeg', '-hide_banner', '-i', 'd:\\MusicProcessing\\tests\\Music\\Abba\\Waterloo\\ABBA-Waterloo.mp3', '-id3v2_version', '3', '-af', 'loudnorm=I=-16.0:TP=-2.0:LRA=11.0:measured_I=-16.52:measured_TP=-3.42:measured_LRA=2.20:measured_thresh=-26.93:offset=-0.17:linear=true:print_format=json', '-ar', '44100', 'd:\\MusicProcessing\\src\\generated_files\\Music\\Abba\\Waterloo\\ABBA-Waterloo.mp3', '-y']
Traceback (most recent call last):
  File "d:\MusicProcessing\src\subprocess_utils.py", line 224, in subprocess_run
    process = subprocess.run(
              ^^^^^^^^^^^^^^^
  File "C:\Users\gmanw\AppData\Local\Programs\Python\Python312\Lib\subprocess.py", line 571, in run
    raise CalledProcessError(retcode, process.args,
subprocess.CalledProcessError: Command '['ffmpeg', '-hide_banner', '-i', 'd:\\MusicProcessing\\tests\\Music\\Abba\\Waterloo\\ABBA-Waterloo.mp3', '-id3v2_version', '3', '-af', 'loudnorm=I=-16.0:TP=-2.0:LRA=11.0:measured_I=-16.52:measured_TP=-3.42:measured_LRA=2.20:measured_thresh=-26.93:offset=-0.17:linear=true:print_format=json', '-ar', '44100', 'd:\\MusicProcessing\\src\\generated_files\\Music\\Abba\\Waterloo\\ABBA-Waterloo.mp3', '-y']' returned non-zero exit status 4294967294.
Stack (most recent call last):
  File "<string>", line 206, in <module>
  File "<string>", line 187, in run_tests
  File "C:\Users\gmanw\AppData\Local\Programs\Python\Python312\Lib\unittest\runner.py", line 240, in run
    test(result)
  File "C:\Users\gmanw\AppData\Local\Programs\Python\Python312\Lib\unittest\suite.py", line 84, in __call__
    return self.run(*args, **kwds)
  File "C:\Users\gmanw\AppData\Local\Programs\Python\Python312\Lib\unittest\suite.py", line 122, in run
    test(result)
  File "C:\Users\gmanw\AppData\Local\Programs\Python\Python312\Lib\unittest\case.py", line 690, in __call__
    return self.run(*args, **kwds)
  File "C:\Users\gmanw\AppData\Local\Programs\Python\Python312\Lib\unittest\case.py", line 634, in run
    self._callTestMethod(testMethod)
  File "C:\Users\gmanw\AppData\Local\Programs\Python\Python312\Lib\unittest\case.py", line 589, in _callTestMethod
    if method() is not None:
  File "d:\MusicProcessing\tests\test_audio_normalization.py", line 86, in test_ebu_normalize_dynamic
    normalization.ebu_normalize_file(EBU_DYNAMIC_SRC, show_spinner=False)
  File "d:\MusicProcessing\src\audio_normalize\audio_normalization.py", line 265, in ebu_normalize_file
    normalize_process = subprocess_utils.subprocess_run(normalize_command)
  File "d:\MusicProcessing\src\subprocess_utils.py", line 233, in subprocess_run
    logger.exception(f"CalledProcessError returncode: {cp_error.returncode} on command {cp_error.cmd}", stack_info=True)

2025-09-27 15:55:56,762 — src.audio_normalize.audio_normalization — ERROR — ebu_normalize_file:288 — Exception CalledProcessError while ebu normalizing audio file: d:\MusicProcessing\tests\Music\Abba\Waterloo\ABBA-Waterloo.mp3
Traceback (most recent call last):
  File "d:\MusicProcessing\src\audio_normalize\audio_normalization.py", line 265, in ebu_normalize_file
    normalize_process = subprocess_utils.subprocess_run(normalize_command)
                        ^^^^^^^^^^^^^^^^^^^^^^^^^^^^^^^^^^^^^^^^^^^^^^^^^^
  File "d:\MusicProcessing\src\subprocess_utils.py", line 234, in subprocess_run
    raise cp_error
  File "d:\MusicProcessing\src\subprocess_utils.py", line 224, in subprocess_run
    process = subprocess.run(
              ^^^^^^^^^^^^^^^
  File "C:\Users\gmanw\AppData\Local\Programs\Python\Python312\Lib\subprocess.py", line 571, in run
    raise CalledProcessError(retcode, process.args,
subprocess.CalledProcessError: Command '['ffmpeg', '-hide_banner', '-i', 'd:\\MusicProcessing\\tests\\Music\\Abba\\Waterloo\\ABBA-Waterloo.mp3', '-id3v2_version', '3', '-af', 'loudnorm=I=-16.0:TP=-2.0:LRA=11.0:measured_I=-16.52:measured_TP=-3.42:measured_LRA=2.20:measured_thresh=-26.93:offset=-0.17:linear=true:print_format=json', '-ar', '44100', 'd:\\MusicProcessing\\src\\generated_files\\Music\\Abba\\Waterloo\\ABBA-Waterloo.mp3', '-y']' returned non-zero exit status 4294967294.
Stack (most recent call last):
  File "<string>", line 206, in <module>
  File "<string>", line 187, in run_tests
  File "C:\Users\gmanw\AppData\Local\Programs\Python\Python312\Lib\unittest\runner.py", line 240, in run
    test(result)
  File "C:\Users\gmanw\AppData\Local\Programs\Python\Python312\Lib\unittest\suite.py", line 84, in __call__
    return self.run(*args, **kwds)
  File "C:\Users\gmanw\AppData\Local\Programs\Python\Python312\Lib\unittest\suite.py", line 122, in run
    test(result)
  File "C:\Users\gmanw\AppData\Local\Programs\Python\Python312\Lib\unittest\case.py", line 690, in __call__
    return self.run(*args, **kwds)
  File "C:\Users\gmanw\AppData\Local\Programs\Python\Python312\Lib\unittest\case.py", line 634, in run
    self._callTestMethod(testMethod)
  File "C:\Users\gmanw\AppData\Local\Programs\Python\Python312\Lib\unittest\case.py", line 589, in _callTestMethod
    if method() is not None:
  File "d:\MusicProcessing\tests\test_audio_normalization.py", line 86, in test_ebu_normalize_dynamic
    normalization.ebu_normalize_file(EBU_DYNAMIC_SRC, show_spinner=False)
  File "d:\MusicProcessing\src\audio_normalize\audio_normalization.py", line 288, in ebu_normalize_file
    logger.exception(f"Exception {type(e_error).__name__} while ebu normalizing audio file: {file_path}", stack_info=True)

2025-09-27 15:56:00,793 — src.subprocess_utils — ERROR — subprocess_run:233 — CalledProcessError returncode: 4294967294 on command ['ffmpeg', '-hide_banner', '-i', 'd:\\MusicProcessing\\tests\\Music\\Crush\\Here\\Crush-Live.mp3', '-id3v2_version', '3', '-af', 'loudnorm=I=-16.0:TP=-2.0:LRA=11.0:measured_I=-16.77:measured_TP=-6.66:measured_LRA=8.10:measured_thresh=-26.99:offset=-0.64:linear=true:print_format=json', '-ar', '44100', 'd:\\MusicProcessing\\src\\generated_files\\Music\\Crush\\Here\\Crush-Live.mp3', '-y']
Traceback (most recent call last):
  File "d:\MusicProcessing\src\subprocess_utils.py", line 224, in subprocess_run
    process = subprocess.run(
              ^^^^^^^^^^^^^^^
  File "C:\Users\gmanw\AppData\Local\Programs\Python\Python312\Lib\subprocess.py", line 571, in run
    raise CalledProcessError(retcode, process.args,
subprocess.CalledProcessError: Command '['ffmpeg', '-hide_banner', '-i', 'd:\\MusicProcessing\\tests\\Music\\Crush\\Here\\Crush-Live.mp3', '-id3v2_version', '3', '-af', 'loudnorm=I=-16.0:TP=-2.0:LRA=11.0:measured_I=-16.77:measured_TP=-6.66:measured_LRA=8.10:measured_thresh=-26.99:offset=-0.64:linear=true:print_format=json', '-ar', '44100', 'd:\\MusicProcessing\\src\\generated_files\\Music\\Crush\\Here\\Crush-Live.mp3', '-y']' returned non-zero exit status 4294967294.
Stack (most recent call last):
  File "c:\Users\gmanw\.vscode\extensions\ms-python.python-2025.14.0-win32-x64\python_files\unittestadapter\execution.py", line 358, in <module>
    payload = run_tests(
  File "c:\Users\gmanw\.vscode\extensions\ms-python.python-2025.14.0-win32-x64\python_files\unittestadapter\execution.py", line 238, in run_tests
    result: UnittestTestResult = runner.run(tailor)  # type: ignore
  File "C:\Users\gmanw\AppData\Local\Programs\Python\Python312\Lib\unittest\runner.py", line 240, in run
    test(result)
  File "C:\Users\gmanw\AppData\Local\Programs\Python\Python312\Lib\unittest\suite.py", line 84, in __call__
    return self.run(*args, **kwds)
  File "C:\Users\gmanw\AppData\Local\Programs\Python\Python312\Lib\unittest\suite.py", line 122, in run
    test(result)
  File "C:\Users\gmanw\AppData\Local\Programs\Python\Python312\Lib\unittest\suite.py", line 84, in __call__
    return self.run(*args, **kwds)
  File "C:\Users\gmanw\AppData\Local\Programs\Python\Python312\Lib\unittest\suite.py", line 122, in run
    test(result)
  File "C:\Users\gmanw\AppData\Local\Programs\Python\Python312\Lib\unittest\suite.py", line 84, in __call__
    return self.run(*args, **kwds)
  File "C:\Users\gmanw\AppData\Local\Programs\Python\Python312\Lib\unittest\suite.py", line 122, in run
    test(result)
  File "C:\Users\gmanw\AppData\Local\Programs\Python\Python312\Lib\unittest\case.py", line 690, in __call__
    return self.run(*args, **kwds)
  File "C:\Users\gmanw\AppData\Local\Programs\Python\Python312\Lib\unittest\case.py", line 634, in run
    self._callTestMethod(testMethod)
  File "C:\Users\gmanw\AppData\Local\Programs\Python\Python312\Lib\unittest\case.py", line 589, in _callTestMethod
    if method() is not None:
  File "d:\MusicProcessing\tests\test_audio_normalization.py", line 95, in test_ebu_normalize_linear
    normalization.ebu_normalize_file(EBU_LINEAR_SRC, show_spinner=False)
  File "d:\MusicProcessing\src\audio_normalize\audio_normalization.py", line 265, in ebu_normalize_file
    normalize_process = subprocess_utils.subprocess_run(normalize_command)
  File "d:\MusicProcessing\src\subprocess_utils.py", line 233, in subprocess_run
    logger.exception(f"CalledProcessError returncode: {cp_error.returncode} on command {cp_error.cmd}", stack_info=True)

2025-09-27 15:56:00,793 — src.audio_normalize.audio_normalization — ERROR — ebu_normalize_file:288 — Exception CalledProcessError while ebu normalizing audio file: d:\MusicProcessing\tests\Music\Crush\Here\Crush-Live.mp3
Traceback (most recent call last):
  File "d:\MusicProcessing\src\audio_normalize\audio_normalization.py", line 265, in ebu_normalize_file
    normalize_process = subprocess_utils.subprocess_run(normalize_command)
                        ^^^^^^^^^^^^^^^^^^^^^^^^^^^^^^^^^^^^^^^^^^^^^^^^^^
  File "d:\MusicProcessing\src\subprocess_utils.py", line 234, in subprocess_run
    raise cp_error
  File "d:\MusicProcessing\src\subprocess_utils.py", line 224, in subprocess_run
    process = subprocess.run(
              ^^^^^^^^^^^^^^^
  File "C:\Users\gmanw\AppData\Local\Programs\Python\Python312\Lib\subprocess.py", line 571, in run
    raise CalledProcessError(retcode, process.args,
subprocess.CalledProcessError: Command '['ffmpeg', '-hide_banner', '-i', 'd:\\MusicProcessing\\tests\\Music\\Crush\\Here\\Crush-Live.mp3', '-id3v2_version', '3', '-af', 'loudnorm=I=-16.0:TP=-2.0:LRA=11.0:measured_I=-16.77:measured_TP=-6.66:measured_LRA=8.10:measured_thresh=-26.99:offset=-0.64:linear=true:print_format=json', '-ar', '44100', 'd:\\MusicProcessing\\src\\generated_files\\Music\\Crush\\Here\\Crush-Live.mp3', '-y']' returned non-zero exit status 4294967294.
Stack (most recent call last):
  File "c:\Users\gmanw\.vscode\extensions\ms-python.python-2025.14.0-win32-x64\python_files\unittestadapter\execution.py", line 358, in <module>
    payload = run_tests(
  File "c:\Users\gmanw\.vscode\extensions\ms-python.python-2025.14.0-win32-x64\python_files\unittestadapter\execution.py", line 238, in run_tests
    result: UnittestTestResult = runner.run(tailor)  # type: ignore
  File "C:\Users\gmanw\AppData\Local\Programs\Python\Python312\Lib\unittest\runner.py", line 240, in run
    test(result)
  File "C:\Users\gmanw\AppData\Local\Programs\Python\Python312\Lib\unittest\suite.py", line 84, in __call__
    return self.run(*args, **kwds)
  File "C:\Users\gmanw\AppData\Local\Programs\Python\Python312\Lib\unittest\suite.py", line 122, in run
    test(result)
  File "C:\Users\gmanw\AppData\Local\Programs\Python\Python312\Lib\unittest\suite.py", line 84, in __call__
    return self.run(*args, **kwds)
  File "C:\Users\gmanw\AppData\Local\Programs\Python\Python312\Lib\unittest\suite.py", line 122, in run
    test(result)
  File "C:\Users\gmanw\AppData\Local\Programs\Python\Python312\Lib\unittest\suite.py", line 84, in __call__
    return self.run(*args, **kwds)
  File "C:\Users\gmanw\AppData\Local\Programs\Python\Python312\Lib\unittest\suite.py", line 122, in run
    test(result)
  File "C:\Users\gmanw\AppData\Local\Programs\Python\Python312\Lib\unittest\case.py", line 690, in __call__
    return self.run(*args, **kwds)
  File "C:\Users\gmanw\AppData\Local\Programs\Python\Python312\Lib\unittest\case.py", line 634, in run
    self._callTestMethod(testMethod)
  File "C:\Users\gmanw\AppData\Local\Programs\Python\Python312\Lib\unittest\case.py", line 589, in _callTestMethod
    if method() is not None:
  File "d:\MusicProcessing\tests\test_audio_normalization.py", line 95, in test_ebu_normalize_linear
    normalization.ebu_normalize_file(EBU_LINEAR_SRC, show_spinner=False)
  File "d:\MusicProcessing\src\audio_normalize\audio_normalization.py", line 288, in ebu_normalize_file
    logger.exception(f"Exception {type(e_error).__name__} while ebu normalizing audio file: {file_path}", stack_info=True)

2025-09-27 15:56:06,165 — src.subprocess_utils — ERROR — subprocess_run:233 — CalledProcessError returncode: 4294967294 on command ['ffmpeg', '-hide_banner', '-i', 'd:\\MusicProcessing\\tests\\Music\\Crush\\Here\\Crush-Live.mp3', '-id3v2_version', '3', '-af', 'loudnorm=I=-16.0:TP=-2.0:LRA=11.0:measured_I=-16.77:measured_TP=-6.66:measured_LRA=8.10:measured_thresh=-26.99:offset=-0.64:linear=true:print_format=json', '-ar', '44100', 'd:\\MusicProcessing\\src\\generated_files\\Music\\Crush\\Here\\Crush-Live.mp3', '-y']
Traceback (most recent call last):
  File "d:\MusicProcessing\src\subprocess_utils.py", line 224, in subprocess_run
    process = subprocess.run(
              ^^^^^^^^^^^^^^^
  File "C:\Users\gmanw\AppData\Local\Programs\Python\Python312\Lib\subprocess.py", line 571, in run
    raise CalledProcessError(retcode, process.args,
subprocess.CalledProcessError: Command '['ffmpeg', '-hide_banner', '-i', 'd:\\MusicProcessing\\tests\\Music\\Crush\\Here\\Crush-Live.mp3', '-id3v2_version', '3', '-af', 'loudnorm=I=-16.0:TP=-2.0:LRA=11.0:measured_I=-16.77:measured_TP=-6.66:measured_LRA=8.10:measured_thresh=-26.99:offset=-0.64:linear=true:print_format=json', '-ar', '44100', 'd:\\MusicProcessing\\src\\generated_files\\Music\\Crush\\Here\\Crush-Live.mp3', '-y']' returned non-zero exit status 4294967294.
Stack (most recent call last):
  File "<string>", line 206, in <module>
  File "<string>", line 187, in run_tests
  File "C:\Users\gmanw\AppData\Local\Programs\Python\Python312\Lib\unittest\runner.py", line 240, in run
    test(result)
  File "C:\Users\gmanw\AppData\Local\Programs\Python\Python312\Lib\unittest\suite.py", line 84, in __call__
    return self.run(*args, **kwds)
  File "C:\Users\gmanw\AppData\Local\Programs\Python\Python312\Lib\unittest\suite.py", line 122, in run
    test(result)
  File "C:\Users\gmanw\AppData\Local\Programs\Python\Python312\Lib\unittest\case.py", line 690, in __call__
    return self.run(*args, **kwds)
  File "C:\Users\gmanw\AppData\Local\Programs\Python\Python312\Lib\unittest\case.py", line 634, in run
    self._callTestMethod(testMethod)
  File "C:\Users\gmanw\AppData\Local\Programs\Python\Python312\Lib\unittest\case.py", line 589, in _callTestMethod
    if method() is not None:
  File "d:\MusicProcessing\tests\test_audio_normalization.py", line 95, in test_ebu_normalize_linear
    normalization.ebu_normalize_file(EBU_LINEAR_SRC, show_spinner=False)
  File "d:\MusicProcessing\src\audio_normalize\audio_normalization.py", line 265, in ebu_normalize_file
    normalize_process = subprocess_utils.subprocess_run(normalize_command)
  File "d:\MusicProcessing\src\subprocess_utils.py", line 233, in subprocess_run
    logger.exception(f"CalledProcessError returncode: {cp_error.returncode} on command {cp_error.cmd}", stack_info=True)

2025-09-27 15:56:06,165 — src.audio_normalize.audio_normalization — ERROR — ebu_normalize_file:288 — Exception CalledProcessError while ebu normalizing audio file: d:\MusicProcessing\tests\Music\Crush\Here\Crush-Live.mp3
Traceback (most recent call last):
  File "d:\MusicProcessing\src\audio_normalize\audio_normalization.py", line 265, in ebu_normalize_file
    normalize_process = subprocess_utils.subprocess_run(normalize_command)
                        ^^^^^^^^^^^^^^^^^^^^^^^^^^^^^^^^^^^^^^^^^^^^^^^^^^
  File "d:\MusicProcessing\src\subprocess_utils.py", line 234, in subprocess_run
    raise cp_error
  File "d:\MusicProcessing\src\subprocess_utils.py", line 224, in subprocess_run
    process = subprocess.run(
              ^^^^^^^^^^^^^^^
  File "C:\Users\gmanw\AppData\Local\Programs\Python\Python312\Lib\subprocess.py", line 571, in run
    raise CalledProcessError(retcode, process.args,
subprocess.CalledProcessError: Command '['ffmpeg', '-hide_banner', '-i', 'd:\\MusicProcessing\\tests\\Music\\Crush\\Here\\Crush-Live.mp3', '-id3v2_version', '3', '-af', 'loudnorm=I=-16.0:TP=-2.0:LRA=11.0:measured_I=-16.77:measured_TP=-6.66:measured_LRA=8.10:measured_thresh=-26.99:offset=-0.64:linear=true:print_format=json', '-ar', '44100', 'd:\\MusicProcessing\\src\\generated_files\\Music\\Crush\\Here\\Crush-Live.mp3', '-y']' returned non-zero exit status 4294967294.
Stack (most recent call last):
  File "<string>", line 206, in <module>
  File "<string>", line 187, in run_tests
  File "C:\Users\gmanw\AppData\Local\Programs\Python\Python312\Lib\unittest\runner.py", line 240, in run
    test(result)
  File "C:\Users\gmanw\AppData\Local\Programs\Python\Python312\Lib\unittest\suite.py", line 84, in __call__
    return self.run(*args, **kwds)
  File "C:\Users\gmanw\AppData\Local\Programs\Python\Python312\Lib\unittest\suite.py", line 122, in run
    test(result)
  File "C:\Users\gmanw\AppData\Local\Programs\Python\Python312\Lib\unittest\case.py", line 690, in __call__
    return self.run(*args, **kwds)
  File "C:\Users\gmanw\AppData\Local\Programs\Python\Python312\Lib\unittest\case.py", line 634, in run
    self._callTestMethod(testMethod)
  File "C:\Users\gmanw\AppData\Local\Programs\Python\Python312\Lib\unittest\case.py", line 589, in _callTestMethod
    if method() is not None:
  File "d:\MusicProcessing\tests\test_audio_normalization.py", line 95, in test_ebu_normalize_linear
    normalization.ebu_normalize_file(EBU_LINEAR_SRC, show_spinner=False)
  File "d:\MusicProcessing\src\audio_normalize\audio_normalization.py", line 288, in ebu_normalize_file
    logger.exception(f"Exception {type(e_error).__name__} while ebu normalizing audio file: {file_path}", stack_info=True)

2025-09-27 15:56:06,720 — src.subprocess_utils — ERROR — spinner_popen_pipe:141 — Ffmpeg returned error code: 4294967294
, with output: [mp3 @ 000001f0ead51c40] Estimating duration from bitrate, this may be inaccurate
Input #0, mp3, from 'd:\MusicProcessing\tests\ConvertedMusic\Abba\Waterloo\ABBA-Waterloo.mp3':
  Metadata:
    title           : Waterloo
    artist          : ABBA
    track           : 1
    album           : Waterloo
    genre           : Pop
    album_artist    : ABBA
    publisher       : Polydor
    composer        : Benny Andersson/Björn Ulvaeus/Stig Anderson
    date            : 1963
  Duration: 00:02:45.28, start: 0.000000, bitrate: 128 kb/s
  Stream #0:0: Audio: mp3 (mp3float), 44100 Hz, stereo, fltp, 128 kb/s
[out#0/mp3 @ 000001f0ead535c0] Error opening output d:\MusicProcessing\src\generated_files\Music\Abba\Waterloo\ABBA-Waterloo.mp3: No such file or directory
Error opening output file d:\MusicProcessing\src\generated_files\Music\Abba\Waterloo\ABBA-Waterloo.mp3.
Error opening output files: No such file or directory

 for command:['ffmpeg', '-hide_banner', '-i', 'd:\\MusicProcessing\\tests\\ConvertedMusic\\Abba\\Waterloo\\ABBA-Waterloo.mp3', '-vn', '-map_metadata', '-1', '-codec:a', 'libmp3lame', '-id3v2_version', '3', '-b:a', '128198', '-metadata', 'TALB=Waterloo', '-metadata', 'TPE2=ABBA', '-metadata', 'TPE1=ABBA', '-metadata', 'TCOM=Benny Andersson/Björn Ulvaeus/Stig Anderson', '-metadata', 'TCON=Pop', '-metadata', 'TPUB=Polydor', '-metadata', 'TIT2=Waterloo', '-metadata', 'TRCK=1', '-metadata', 'TYER=1963', '-metadata', 'TPOS=1/1', 'd:\\MusicProcessing\\src\\generated_files\\Music\\Abba\\Waterloo\\ABBA-Waterloo.mp3', '-y']
NoneType: None
Stack (most recent call last):
  File "<string>", line 206, in <module>
  File "<string>", line 187, in run_tests
  File "C:\Users\gmanw\AppData\Local\Programs\Python\Python312\Lib\unittest\runner.py", line 240, in run
    test(result)
  File "C:\Users\gmanw\AppData\Local\Programs\Python\Python312\Lib\unittest\suite.py", line 84, in __call__
    return self.run(*args, **kwds)
  File "C:\Users\gmanw\AppData\Local\Programs\Python\Python312\Lib\unittest\suite.py", line 122, in run
    test(result)
  File "C:\Users\gmanw\AppData\Local\Programs\Python\Python312\Lib\unittest\case.py", line 690, in __call__
    return self.run(*args, **kwds)
  File "C:\Users\gmanw\AppData\Local\Programs\Python\Python312\Lib\unittest\case.py", line 634, in run
    self._callTestMethod(testMethod)
  File "C:\Users\gmanw\AppData\Local\Programs\Python\Python312\Lib\unittest\case.py", line 589, in _callTestMethod
    if method() is not None:
  File "d:\MusicProcessing\tests\test_audio_metadata.py", line 372, in test_convert_walk_pattern
    metadata.convert_walk(self.converted, self.mp3_pattern, show_spinner=False)
  File "d:\MusicProcessing\src\audio_info\audio_metadata.py", line 423, in convert_walk
    self.convert_file(input_file_path, show_spinner)
  File "d:\MusicProcessing\src\audio_info\audio_metadata.py", line 357, in convert_file
    success_msg = subprocess_utils.spinner_popen_pipe(export_path, command, show_spinner)
  File "d:\MusicProcessing\src\subprocess_utils.py", line 141, in spinner_popen_pipe
    logger.exception(fp_error_msg, stack_info=True)

2025-09-27 15:56:06,720 — src.audio_info.audio_metadata — ERROR — convert_file:385 — Exception FfmpegProcessError converting d:\MusicProcessing\tests\ConvertedMusic\Abba\Waterloo\ABBA-Waterloo.mp3 to d:\MusicProcessing\src\generated_files\Music\Abba\Waterloo\ABBA-Waterloo.mp3
Traceback (most recent call last):
  File "d:\MusicProcessing\src\audio_info\audio_metadata.py", line 357, in convert_file
    success_msg = subprocess_utils.spinner_popen_pipe(export_path, command, show_spinner)
                  ^^^^^^^^^^^^^^^^^^^^^^^^^^^^^^^^^^^^^^^^^^^^^^^^^^^^^^^^^^^^^^^^^^^^^^^
  File "d:\MusicProcessing\src\subprocess_utils.py", line 145, in spinner_popen_pipe
    raise fp_error
  File "d:\MusicProcessing\src\subprocess_utils.py", line 142, in spinner_popen_pipe
    raise FfmpegProcessError(fp_error_msg)
src.errors.FfmpegProcessError: Ffmpeg returned error code: 4294967294
, with output: [mp3 @ 000001f0ead51c40] Estimating duration from bitrate, this may be inaccurate
Input #0, mp3, from 'd:\MusicProcessing\tests\ConvertedMusic\Abba\Waterloo\ABBA-Waterloo.mp3':
  Metadata:
    title           : Waterloo
    artist          : ABBA
    track           : 1
    album           : Waterloo
    genre           : Pop
    album_artist    : ABBA
    publisher       : Polydor
    composer        : Benny Andersson/Björn Ulvaeus/Stig Anderson
    date            : 1963
  Duration: 00:02:45.28, start: 0.000000, bitrate: 128 kb/s
  Stream #0:0: Audio: mp3 (mp3float), 44100 Hz, stereo, fltp, 128 kb/s
[out#0/mp3 @ 000001f0ead535c0] Error opening output d:\MusicProcessing\src\generated_files\Music\Abba\Waterloo\ABBA-Waterloo.mp3: No such file or directory
Error opening output file d:\MusicProcessing\src\generated_files\Music\Abba\Waterloo\ABBA-Waterloo.mp3.
Error opening output files: No such file or directory

 for command:['ffmpeg', '-hide_banner', '-i', 'd:\\MusicProcessing\\tests\\ConvertedMusic\\Abba\\Waterloo\\ABBA-Waterloo.mp3', '-vn', '-map_metadata', '-1', '-codec:a', 'libmp3lame', '-id3v2_version', '3', '-b:a', '128198', '-metadata', 'TALB=Waterloo', '-metadata', 'TPE2=ABBA', '-metadata', 'TPE1=ABBA', '-metadata', 'TCOM=Benny Andersson/Björn Ulvaeus/Stig Anderson', '-metadata', 'TCON=Pop', '-metadata', 'TPUB=Polydor', '-metadata', 'TIT2=Waterloo', '-metadata', 'TRCK=1', '-metadata', 'TYER=1963', '-metadata', 'TPOS=1/1', 'd:\\MusicProcessing\\src\\generated_files\\Music\\Abba\\Waterloo\\ABBA-Waterloo.mp3', '-y']
Stack (most recent call last):
  File "<string>", line 206, in <module>
  File "<string>", line 187, in run_tests
  File "C:\Users\gmanw\AppData\Local\Programs\Python\Python312\Lib\unittest\runner.py", line 240, in run
    test(result)
  File "C:\Users\gmanw\AppData\Local\Programs\Python\Python312\Lib\unittest\suite.py", line 84, in __call__
    return self.run(*args, **kwds)
  File "C:\Users\gmanw\AppData\Local\Programs\Python\Python312\Lib\unittest\suite.py", line 122, in run
    test(result)
  File "C:\Users\gmanw\AppData\Local\Programs\Python\Python312\Lib\unittest\case.py", line 690, in __call__
    return self.run(*args, **kwds)
  File "C:\Users\gmanw\AppData\Local\Programs\Python\Python312\Lib\unittest\case.py", line 634, in run
    self._callTestMethod(testMethod)
  File "C:\Users\gmanw\AppData\Local\Programs\Python\Python312\Lib\unittest\case.py", line 589, in _callTestMethod
    if method() is not None:
  File "d:\MusicProcessing\tests\test_audio_metadata.py", line 372, in test_convert_walk_pattern
    metadata.convert_walk(self.converted, self.mp3_pattern, show_spinner=False)
  File "d:\MusicProcessing\src\audio_info\audio_metadata.py", line 423, in convert_walk
    self.convert_file(input_file_path, show_spinner)
  File "d:\MusicProcessing\src\audio_info\audio_metadata.py", line 385, in convert_file
    logger.exception(f"Exception {type(e_error).__name__} converting {file_path} to {export_path}", stack_info=True)

2025-09-27 15:56:06,720 — src.audio_info.audio_metadata — ERROR — convert_walk:431 — Exception FfmpegProcessError walking d:\MusicProcessing\tests\ConvertedMusic to convert .mp3 audio files to mp3
Traceback (most recent call last):
  File "d:\MusicProcessing\src\audio_info\audio_metadata.py", line 423, in convert_walk
    self.convert_file(input_file_path, show_spinner)
  File "d:\MusicProcessing\src\audio_info\audio_metadata.py", line 386, in convert_file
    raise e_error
  File "d:\MusicProcessing\src\audio_info\audio_metadata.py", line 357, in convert_file
    success_msg = subprocess_utils.spinner_popen_pipe(export_path, command, show_spinner)
                  ^^^^^^^^^^^^^^^^^^^^^^^^^^^^^^^^^^^^^^^^^^^^^^^^^^^^^^^^^^^^^^^^^^^^^^^
  File "d:\MusicProcessing\src\subprocess_utils.py", line 145, in spinner_popen_pipe
    raise fp_error
  File "d:\MusicProcessing\src\subprocess_utils.py", line 142, in spinner_popen_pipe
    raise FfmpegProcessError(fp_error_msg)
src.errors.FfmpegProcessError: Ffmpeg returned error code: 4294967294
, with output: [mp3 @ 000001f0ead51c40] Estimating duration from bitrate, this may be inaccurate
Input #0, mp3, from 'd:\MusicProcessing\tests\ConvertedMusic\Abba\Waterloo\ABBA-Waterloo.mp3':
  Metadata:
    title           : Waterloo
    artist          : ABBA
    track           : 1
    album           : Waterloo
    genre           : Pop
    album_artist    : ABBA
    publisher       : Polydor
    composer        : Benny Andersson/Björn Ulvaeus/Stig Anderson
    date            : 1963
  Duration: 00:02:45.28, start: 0.000000, bitrate: 128 kb/s
  Stream #0:0: Audio: mp3 (mp3float), 44100 Hz, stereo, fltp, 128 kb/s
[out#0/mp3 @ 000001f0ead535c0] Error opening output d:\MusicProcessing\src\generated_files\Music\Abba\Waterloo\ABBA-Waterloo.mp3: No such file or directory
Error opening output file d:\MusicProcessing\src\generated_files\Music\Abba\Waterloo\ABBA-Waterloo.mp3.
Error opening output files: No such file or directory

 for command:['ffmpeg', '-hide_banner', '-i', 'd:\\MusicProcessing\\tests\\ConvertedMusic\\Abba\\Waterloo\\ABBA-Waterloo.mp3', '-vn', '-map_metadata', '-1', '-codec:a', 'libmp3lame', '-id3v2_version', '3', '-b:a', '128198', '-metadata', 'TALB=Waterloo', '-metadata', 'TPE2=ABBA', '-metadata', 'TPE1=ABBA', '-metadata', 'TCOM=Benny Andersson/Björn Ulvaeus/Stig Anderson', '-metadata', 'TCON=Pop', '-metadata', 'TPUB=Polydor', '-metadata', 'TIT2=Waterloo', '-metadata', 'TRCK=1', '-metadata', 'TYER=1963', '-metadata', 'TPOS=1/1', 'd:\\MusicProcessing\\src\\generated_files\\Music\\Abba\\Waterloo\\ABBA-Waterloo.mp3', '-y']
Stack (most recent call last):
  File "<string>", line 206, in <module>
  File "<string>", line 187, in run_tests
  File "C:\Users\gmanw\AppData\Local\Programs\Python\Python312\Lib\unittest\runner.py", line 240, in run
    test(result)
  File "C:\Users\gmanw\AppData\Local\Programs\Python\Python312\Lib\unittest\suite.py", line 84, in __call__
    return self.run(*args, **kwds)
  File "C:\Users\gmanw\AppData\Local\Programs\Python\Python312\Lib\unittest\suite.py", line 122, in run
    test(result)
  File "C:\Users\gmanw\AppData\Local\Programs\Python\Python312\Lib\unittest\case.py", line 690, in __call__
    return self.run(*args, **kwds)
  File "C:\Users\gmanw\AppData\Local\Programs\Python\Python312\Lib\unittest\case.py", line 634, in run
    self._callTestMethod(testMethod)
  File "C:\Users\gmanw\AppData\Local\Programs\Python\Python312\Lib\unittest\case.py", line 589, in _callTestMethod
    if method() is not None:
  File "d:\MusicProcessing\tests\test_audio_metadata.py", line 372, in test_convert_walk_pattern
    metadata.convert_walk(self.converted, self.mp3_pattern, show_spinner=False)
  File "d:\MusicProcessing\src\audio_info\audio_metadata.py", line 431, in convert_walk
    logger.exception(exc_msg, stack_info=True)

2025-09-27 15:56:07,053 — src.audio_info.audio_playlist — ERROR — get_audio_name:88 — PlaylistError no file delimiter in #EXTINF:0The Eagles-Desperado.m4a
NoneType: None
Stack (most recent call last):
  File "c:\Users\gmanw\.vscode\extensions\ms-python.python-2025.14.0-win32-x64\python_files\unittestadapter\execution.py", line 358, in <module>
    payload = run_tests(
  File "c:\Users\gmanw\.vscode\extensions\ms-python.python-2025.14.0-win32-x64\python_files\unittestadapter\execution.py", line 238, in run_tests
    result: UnittestTestResult = runner.run(tailor)  # type: ignore
  File "C:\Users\gmanw\AppData\Local\Programs\Python\Python312\Lib\unittest\runner.py", line 240, in run
    test(result)
  File "C:\Users\gmanw\AppData\Local\Programs\Python\Python312\Lib\unittest\suite.py", line 84, in __call__
    return self.run(*args, **kwds)
  File "C:\Users\gmanw\AppData\Local\Programs\Python\Python312\Lib\unittest\suite.py", line 122, in run
    test(result)
  File "C:\Users\gmanw\AppData\Local\Programs\Python\Python312\Lib\unittest\suite.py", line 84, in __call__
    return self.run(*args, **kwds)
  File "C:\Users\gmanw\AppData\Local\Programs\Python\Python312\Lib\unittest\suite.py", line 122, in run
    test(result)
  File "C:\Users\gmanw\AppData\Local\Programs\Python\Python312\Lib\unittest\suite.py", line 84, in __call__
    return self.run(*args, **kwds)
  File "C:\Users\gmanw\AppData\Local\Programs\Python\Python312\Lib\unittest\suite.py", line 122, in run
    test(result)
  File "C:\Users\gmanw\AppData\Local\Programs\Python\Python312\Lib\unittest\case.py", line 690, in __call__
    return self.run(*args, **kwds)
  File "C:\Users\gmanw\AppData\Local\Programs\Python\Python312\Lib\unittest\case.py", line 634, in run
    self._callTestMethod(testMethod)
  File "C:\Users\gmanw\AppData\Local\Programs\Python\Python312\Lib\unittest\case.py", line 589, in _callTestMethod
    if method() is not None:
  File "d:\MusicProcessing\tests\test_audio_playlist.py", line 57, in test_get_audio_name_error
    audio = playlist.get_audio_name(line)
  File "d:\MusicProcessing\src\audio_info\audio_playlist.py", line 88, in get_audio_name
    logger.exception(f"PlaylistError no file delimiter in {line}", stack_info=True)

2025-09-27 15:56:07,053 — src.subprocess_utils — ERROR — subprocess_run:233 — CalledProcessError returncode: 4294967294 on command ['ffmpeg', '-hide_banner', '-i', 'd:\\MusicProcessing\\tests\\Music\\Crush\\Here\\Crush-Live.mp3', '-filter:a', 'volume=5.00dB', '-c:v', 'copy', '-c:a', 'libmp3lame', '-b:a', '129156', '-id3v2_version', '3', 'd:\\MusicProcessing\\src\\generated_files\\Music\\Crush\\Here\\Crush-Live.mp3', '-y']
Traceback (most recent call last):
  File "d:\MusicProcessing\src\subprocess_utils.py", line 224, in subprocess_run
    process = subprocess.run(
              ^^^^^^^^^^^^^^^
  File "C:\Users\gmanw\AppData\Local\Programs\Python\Python312\Lib\subprocess.py", line 571, in run
    raise CalledProcessError(retcode, process.args,
subprocess.CalledProcessError: Command '['ffmpeg', '-hide_banner', '-i', 'd:\\MusicProcessing\\tests\\Music\\Crush\\Here\\Crush-Live.mp3', '-filter:a', 'volume=5.00dB', '-c:v', 'copy', '-c:a', 'libmp3lame', '-b:a', '129156', '-id3v2_version', '3', 'd:\\MusicProcessing\\src\\generated_files\\Music\\Crush\\Here\\Crush-Live.mp3', '-y']' returned non-zero exit status 4294967294.
Stack (most recent call last):
  File "<string>", line 206, in <module>
  File "<string>", line 187, in run_tests
  File "C:\Users\gmanw\AppData\Local\Programs\Python\Python312\Lib\unittest\runner.py", line 240, in run
    test(result)
  File "C:\Users\gmanw\AppData\Local\Programs\Python\Python312\Lib\unittest\suite.py", line 84, in __call__
    return self.run(*args, **kwds)
  File "C:\Users\gmanw\AppData\Local\Programs\Python\Python312\Lib\unittest\suite.py", line 122, in run
    test(result)
  File "C:\Users\gmanw\AppData\Local\Programs\Python\Python312\Lib\unittest\case.py", line 690, in __call__
    return self.run(*args, **kwds)
  File "C:\Users\gmanw\AppData\Local\Programs\Python\Python312\Lib\unittest\case.py", line 634, in run
    self._callTestMethod(testMethod)
  File "C:\Users\gmanw\AppData\Local\Programs\Python\Python312\Lib\unittest\case.py", line 589, in _callTestMethod
    if method() is not None:
  File "d:\MusicProcessing\tests\test_audio_normalization.py", line 247, in test_peak_normalize_file
    normalization.peak_normalize_file(PEAK_SRC, show_spinner=False)
  File "d:\MusicProcessing\src\audio_normalize\audio_normalization.py", line 566, in peak_normalize_file
    _ = subprocess_utils.subprocess_run(command)
  File "d:\MusicProcessing\src\subprocess_utils.py", line 233, in subprocess_run
    logger.exception(f"CalledProcessError returncode: {cp_error.returncode} on command {cp_error.cmd}", stack_info=True)

2025-09-27 15:56:07,079 — src.audio_normalize.audio_normalization — ERROR — peak_normalize_file:575 — Exception CalledProcessError while peak normalizing audio file: d:\MusicProcessing\tests\Music\Crush\Here\Crush-Live.mp3
Traceback (most recent call last):
  File "d:\MusicProcessing\src\audio_normalize\audio_normalization.py", line 566, in peak_normalize_file
    _ = subprocess_utils.subprocess_run(command)
        ^^^^^^^^^^^^^^^^^^^^^^^^^^^^^^^^^^^^^^^^
  File "d:\MusicProcessing\src\subprocess_utils.py", line 234, in subprocess_run
    raise cp_error
  File "d:\MusicProcessing\src\subprocess_utils.py", line 224, in subprocess_run
    process = subprocess.run(
              ^^^^^^^^^^^^^^^
  File "C:\Users\gmanw\AppData\Local\Programs\Python\Python312\Lib\subprocess.py", line 571, in run
    raise CalledProcessError(retcode, process.args,
subprocess.CalledProcessError: Command '['ffmpeg', '-hide_banner', '-i', 'd:\\MusicProcessing\\tests\\Music\\Crush\\Here\\Crush-Live.mp3', '-filter:a', 'volume=5.00dB', '-c:v', 'copy', '-c:a', 'libmp3lame', '-b:a', '129156', '-id3v2_version', '3', 'd:\\MusicProcessing\\src\\generated_files\\Music\\Crush\\Here\\Crush-Live.mp3', '-y']' returned non-zero exit status 4294967294.
Stack (most recent call last):
  File "<string>", line 206, in <module>
  File "<string>", line 187, in run_tests
  File "C:\Users\gmanw\AppData\Local\Programs\Python\Python312\Lib\unittest\runner.py", line 240, in run
    test(result)
  File "C:\Users\gmanw\AppData\Local\Programs\Python\Python312\Lib\unittest\suite.py", line 84, in __call__
    return self.run(*args, **kwds)
  File "C:\Users\gmanw\AppData\Local\Programs\Python\Python312\Lib\unittest\suite.py", line 122, in run
    test(result)
  File "C:\Users\gmanw\AppData\Local\Programs\Python\Python312\Lib\unittest\case.py", line 690, in __call__
    return self.run(*args, **kwds)
  File "C:\Users\gmanw\AppData\Local\Programs\Python\Python312\Lib\unittest\case.py", line 634, in run
    self._callTestMethod(testMethod)
  File "C:\Users\gmanw\AppData\Local\Programs\Python\Python312\Lib\unittest\case.py", line 589, in _callTestMethod
    if method() is not None:
  File "d:\MusicProcessing\tests\test_audio_normalization.py", line 247, in test_peak_normalize_file
    normalization.peak_normalize_file(PEAK_SRC, show_spinner=False)
  File "d:\MusicProcessing\src\audio_normalize\audio_normalization.py", line 575, in peak_normalize_file
    logger.exception(f"Exception {type(e_error).__name__} while peak normalizing audio file: {file_path}", stack_info=True)

2025-09-27 15:56:07,104 — src.audio_info.audio_playlist — ERROR — update_paths:130 — PlaylistError input file d:\MusicProcessing\tests\Music\Crush\Here\Crush-Live.mp3 is not a playlist
NoneType: None
Stack (most recent call last):
  File "c:\Users\gmanw\.vscode\extensions\ms-python.python-2025.14.0-win32-x64\python_files\unittestadapter\execution.py", line 358, in <module>
    payload = run_tests(
  File "c:\Users\gmanw\.vscode\extensions\ms-python.python-2025.14.0-win32-x64\python_files\unittestadapter\execution.py", line 238, in run_tests
    result: UnittestTestResult = runner.run(tailor)  # type: ignore
  File "C:\Users\gmanw\AppData\Local\Programs\Python\Python312\Lib\unittest\runner.py", line 240, in run
    test(result)
  File "C:\Users\gmanw\AppData\Local\Programs\Python\Python312\Lib\unittest\suite.py", line 84, in __call__
    return self.run(*args, **kwds)
  File "C:\Users\gmanw\AppData\Local\Programs\Python\Python312\Lib\unittest\suite.py", line 122, in run
    test(result)
  File "C:\Users\gmanw\AppData\Local\Programs\Python\Python312\Lib\unittest\suite.py", line 84, in __call__
    return self.run(*args, **kwds)
  File "C:\Users\gmanw\AppData\Local\Programs\Python\Python312\Lib\unittest\suite.py", line 122, in run
    test(result)
  File "C:\Users\gmanw\AppData\Local\Programs\Python\Python312\Lib\unittest\suite.py", line 84, in __call__
    return self.run(*args, **kwds)
  File "C:\Users\gmanw\AppData\Local\Programs\Python\Python312\Lib\unittest\suite.py", line 122, in run
    test(result)
  File "C:\Users\gmanw\AppData\Local\Programs\Python\Python312\Lib\unittest\case.py", line 690, in __call__
    return self.run(*args, **kwds)
  File "C:\Users\gmanw\AppData\Local\Programs\Python\Python312\Lib\unittest\case.py", line 634, in run
    self._callTestMethod(testMethod)
  File "C:\Users\gmanw\AppData\Local\Programs\Python\Python312\Lib\unittest\case.py", line 589, in _callTestMethod
    if method() is not None:
  File "d:\MusicProcessing\tests\test_audio_playlist.py", line 130, in test_update_paths_fail
    playlist.update_paths(TESTS_TLD, TEST_MP3_CRUSH)
  File "d:\MusicProcessing\src\audio_info\audio_playlist.py", line 130, in update_paths
    logger.exception(f"PlaylistError input file {input_m3u} is not a playlist", stack_info=True)

2025-09-27 15:56:07,154 — src.subprocess_utils — ERROR — popen_pipe:77 — RuntimeError running command ffprobe -v quiet -show_format -show_streams 'd:\MusicProcessing\tests\Music\test.m3u'
NoneType: None

2025-09-27 15:56:07,174 — src.audio_info.audio_metadata — ERROR — get_media_tags:764 — JSONDecodeError decoding JSON output from ffprobe
Traceback (most recent call last):
  File "d:\MusicProcessing\src\audio_info\audio_metadata.py", line 758, in get_media_tags
    data = json.loads(result.stdout)
           ^^^^^^^^^^^^^^^^^^^^^^^^^
  File "C:\Users\gmanw\AppData\Local\Programs\Python\Python312\Lib\json\__init__.py", line 346, in loads
    return _default_decoder.decode(s)
           ^^^^^^^^^^^^^^^^^^^^^^^^^^
  File "C:\Users\gmanw\AppData\Local\Programs\Python\Python312\Lib\json\decoder.py", line 337, in decode
    obj, end = self.raw_decode(s, idx=_w(s, 0).end())
               ^^^^^^^^^^^^^^^^^^^^^^^^^^^^^^^^^^^^^^
  File "C:\Users\gmanw\AppData\Local\Programs\Python\Python312\Lib\json\decoder.py", line 353, in raw_decode
    obj, end = self.scan_once(s, idx)
               ^^^^^^^^^^^^^^^^^^^^^^
json.decoder.JSONDecodeError: Expecting ',' delimiter: line 18 column 1 (char 249)

2025-09-27 15:56:07,190 — src.subprocess_utils — ERROR — subprocess_run:233 — CalledProcessError returncode: 1 on command ['ffprobe', '-hide_banner', '-select_streams', 'v:0', '-show_streams', '-of', 'json', 'd:\\MusicProcessing\\tests\\Music\\Non-extant.wav']
Traceback (most recent call last):
  File "d:\MusicProcessing\src\subprocess_utils.py", line 224, in subprocess_run
    process = subprocess.run(
              ^^^^^^^^^^^^^^^
  File "C:\Users\gmanw\AppData\Local\Programs\Python\Python312\Lib\subprocess.py", line 571, in run
    raise CalledProcessError(retcode, process.args,
subprocess.CalledProcessError: Command '['ffprobe', '-hide_banner', '-select_streams', 'v:0', '-show_streams', '-of', 'json', 'd:\\MusicProcessing\\tests\\Music\\Non-extant.wav']' returned non-zero exit status 1.
Stack (most recent call last):
  File "c:\Users\gmanw\.vscode\extensions\ms-python.python-2025.14.0-win32-x64\python_files\unittestadapter\execution.py", line 358, in <module>
    payload = run_tests(
  File "c:\Users\gmanw\.vscode\extensions\ms-python.python-2025.14.0-win32-x64\python_files\unittestadapter\execution.py", line 238, in run_tests
    result: UnittestTestResult = runner.run(tailor)  # type: ignore
  File "C:\Users\gmanw\AppData\Local\Programs\Python\Python312\Lib\unittest\runner.py", line 240, in run
    test(result)
  File "C:\Users\gmanw\AppData\Local\Programs\Python\Python312\Lib\unittest\suite.py", line 84, in __call__
    return self.run(*args, **kwds)
  File "C:\Users\gmanw\AppData\Local\Programs\Python\Python312\Lib\unittest\suite.py", line 122, in run
    test(result)
  File "C:\Users\gmanw\AppData\Local\Programs\Python\Python312\Lib\unittest\suite.py", line 84, in __call__
    return self.run(*args, **kwds)
  File "C:\Users\gmanw\AppData\Local\Programs\Python\Python312\Lib\unittest\suite.py", line 122, in run
    test(result)
  File "C:\Users\gmanw\AppData\Local\Programs\Python\Python312\Lib\unittest\suite.py", line 84, in __call__
    return self.run(*args, **kwds)
  File "C:\Users\gmanw\AppData\Local\Programs\Python\Python312\Lib\unittest\suite.py", line 122, in run
    test(result)
  File "C:\Users\gmanw\AppData\Local\Programs\Python\Python312\Lib\unittest\case.py", line 690, in __call__
    return self.run(*args, **kwds)
  File "C:\Users\gmanw\AppData\Local\Programs\Python\Python312\Lib\unittest\case.py", line 634, in run
    self._callTestMethod(testMethod)
  File "C:\Users\gmanw\AppData\Local\Programs\Python\Python312\Lib\unittest\case.py", line 589, in _callTestMethod
    if method() is not None:
  File "d:\MusicProcessing\tests\test_subprocess_utilities.py", line 83, in test_subprocess_run_non_extant
    probe_process = subprocess_utils.subprocess_run(probe_command)
  File "d:\MusicProcessing\src\subprocess_utils.py", line 233, in subprocess_run
    logger.exception(f"CalledProcessError returncode: {cp_error.returncode} on command {cp_error.cmd}", stack_info=True)

2025-09-27 15:56:08,089 — src.audio_info.audio_metadata — ERROR — has_art_tag:936 — MusicProcessingError with file: d:\MusicProcessing\tests\Music\test has invalid extension: .m3u
NoneType: None

2025-09-27 15:56:08,089 — src.audio_info.audio_metadata — ERROR — load_any_file:982 — ValueError loading d:\MusicProcessing\tests\Music\test.m3u returned None
NoneType: None

2025-09-27 15:56:08,089 — src.audio_info.audio_metadata — ERROR — load_any_file:986 — MutagenError [Errno 2] No such file or directory: 'd:\\MusicProcessing\\tests\\Music\\Non-extant.wav' loading d:\MusicProcessing\tests\Music\Non-extant.wav
Traceback (most recent call last):
  File "C:\Users\gmanw\AppData\Local\Programs\Python\Python312\Lib\site-packages\mutagen\_util.py", line 251, in _openfile
    fileobj = open(filename, "rb+" if writable else "rb")
              ^^^^^^^^^^^^^^^^^^^^^^^^^^^^^^^^^^^^^^^^^^^
FileNotFoundError: [Errno 2] No such file or directory: 'd:\\MusicProcessing\\tests\\Music\\Non-extant.wav'

During handling of the above exception, another exception occurred:

Traceback (most recent call last):
  File "d:\MusicProcessing\src\audio_info\audio_metadata.py", line 978, in load_any_file
    audio_file = mutagen.File(file_path)
                 ^^^^^^^^^^^^^^^^^^^^^^^
  File "C:\Users\gmanw\AppData\Local\Programs\Python\Python312\Lib\site-packages\mutagen\_util.py", line 162, in wrapper_func
    with _openfile(None, filething, filename, fileobj,
  File "C:\Users\gmanw\AppData\Local\Programs\Python\Python312\Lib\contextlib.py", line 137, in __enter__
    return next(self.gen)
           ^^^^^^^^^^^^^^
  File "C:\Users\gmanw\AppData\Local\Programs\Python\Python312\Lib\site-packages\mutagen\_util.py", line 272, in _openfile
    raise MutagenError(e)
mutagen.MutagenError: [Errno 2] No such file or directory: 'd:\\MusicProcessing\\tests\\Music\\Non-extant.wav'

2025-09-27 15:58:06,856 — src.subprocess_utils — ERROR — subprocess_run:233 — CalledProcessError returncode: 4294967274 on command ['ffmpeg', '-hide_banner', '-i', 'd:\\MusicProcessing\\tests\\Music\\Billie Holiday\\Georgia On My Mind\\Billie Holiday-Georgia On My Mind.wma', '-an', '-map', '0:v', '-map_metadata', '-1', '-update', '1', 'd:\\MusicProcessing\\tests\\Music\\Billie Holiday\\Georgia On My Mind\\Folder.jpg', '-y']
Traceback (most recent call last):
  File "d:\MusicProcessing\src\subprocess_utils.py", line 224, in subprocess_run
    process = subprocess.run(
              ^^^^^^^^^^^^^^^
  File "C:\Users\gmanw\AppData\Local\Programs\Python\Python312\Lib\subprocess.py", line 571, in run
    raise CalledProcessError(retcode, process.args,
subprocess.CalledProcessError: Command '['ffmpeg', '-hide_banner', '-i', 'd:\\MusicProcessing\\tests\\Music\\Billie Holiday\\Georgia On My Mind\\Billie Holiday-Georgia On My Mind.wma', '-an', '-map', '0:v', '-map_metadata', '-1', '-update', '1', 'd:\\MusicProcessing\\tests\\Music\\Billie Holiday\\Georgia On My Mind\\Folder.jpg', '-y']' returned non-zero exit status 4294967274.
Stack (most recent call last):
  File "<string>", line 206, in <module>
  File "<string>", line 187, in run_tests
  File "C:\Users\gmanw\AppData\Local\Programs\Python\Python312\Lib\unittest\runner.py", line 240, in run
    test(result)
  File "C:\Users\gmanw\AppData\Local\Programs\Python\Python312\Lib\unittest\suite.py", line 84, in __call__
    return self.run(*args, **kwds)
  File "C:\Users\gmanw\AppData\Local\Programs\Python\Python312\Lib\unittest\suite.py", line 122, in run
    test(result)
  File "C:\Users\gmanw\AppData\Local\Programs\Python\Python312\Lib\unittest\case.py", line 690, in __call__
    return self.run(*args, **kwds)
  File "C:\Users\gmanw\AppData\Local\Programs\Python\Python312\Lib\unittest\case.py", line 634, in run
    self._callTestMethod(testMethod)
  File "C:\Users\gmanw\AppData\Local\Programs\Python\Python312\Lib\unittest\case.py", line 589, in _callTestMethod
    if method() is not None:
  File "d:\MusicProcessing\tests\test_audio_art.py", line 244, in test_extract_ffmpeg_art_no_stream
    art.extract_ffmpeg_art(input_audio)
  File "d:\MusicProcessing\src\audio_info\audio_art.py", line 284, in extract_ffmpeg_art
    _ = subprocess_utils.subprocess_run(command)
  File "d:\MusicProcessing\src\subprocess_utils.py", line 233, in subprocess_run
    logger.exception(f"CalledProcessError returncode: {cp_error.returncode} on command {cp_error.cmd}", stack_info=True)

2025-09-27 15:58:06,856 — src.audio_info.audio_art — ERROR — extract_ffmpeg_art:287 — Exception CalledProcessError using ffmpeg to extract art from d:\MusicProcessing\tests\Music\Billie Holiday\Georgia On My Mind\Billie Holiday-Georgia On My Mind.wma
Traceback (most recent call last):
  File "d:\MusicProcessing\src\audio_info\audio_art.py", line 284, in extract_ffmpeg_art
    _ = subprocess_utils.subprocess_run(command)
        ^^^^^^^^^^^^^^^^^^^^^^^^^^^^^^^^^^^^^^^^
  File "d:\MusicProcessing\src\subprocess_utils.py", line 234, in subprocess_run
    raise cp_error
  File "d:\MusicProcessing\src\subprocess_utils.py", line 224, in subprocess_run
    process = subprocess.run(
              ^^^^^^^^^^^^^^^
  File "C:\Users\gmanw\AppData\Local\Programs\Python\Python312\Lib\subprocess.py", line 571, in run
    raise CalledProcessError(retcode, process.args,
subprocess.CalledProcessError: Command '['ffmpeg', '-hide_banner', '-i', 'd:\\MusicProcessing\\tests\\Music\\Billie Holiday\\Georgia On My Mind\\Billie Holiday-Georgia On My Mind.wma', '-an', '-map', '0:v', '-map_metadata', '-1', '-update', '1', 'd:\\MusicProcessing\\tests\\Music\\Billie Holiday\\Georgia On My Mind\\Folder.jpg', '-y']' returned non-zero exit status 4294967274.
Stack (most recent call last):
  File "<string>", line 206, in <module>
  File "<string>", line 187, in run_tests
  File "C:\Users\gmanw\AppData\Local\Programs\Python\Python312\Lib\unittest\runner.py", line 240, in run
    test(result)
  File "C:\Users\gmanw\AppData\Local\Programs\Python\Python312\Lib\unittest\suite.py", line 84, in __call__
    return self.run(*args, **kwds)
  File "C:\Users\gmanw\AppData\Local\Programs\Python\Python312\Lib\unittest\suite.py", line 122, in run
    test(result)
  File "C:\Users\gmanw\AppData\Local\Programs\Python\Python312\Lib\unittest\case.py", line 690, in __call__
    return self.run(*args, **kwds)
  File "C:\Users\gmanw\AppData\Local\Programs\Python\Python312\Lib\unittest\case.py", line 634, in run
    self._callTestMethod(testMethod)
  File "C:\Users\gmanw\AppData\Local\Programs\Python\Python312\Lib\unittest\case.py", line 589, in _callTestMethod
    if method() is not None:
  File "d:\MusicProcessing\tests\test_audio_art.py", line 244, in test_extract_ffmpeg_art_no_stream
    art.extract_ffmpeg_art(input_audio)
  File "d:\MusicProcessing\src\audio_info\audio_art.py", line 287, in extract_ffmpeg_art
    logger.exception(f"Exception {type(e_error).__name__} using ffmpeg to extract art from {input_path}", stack_info=True)

2025-09-27 15:58:39,177 — src.audio_info.audio_metadata — ERROR — get_media_tags:764 — JSONDecodeError decoding JSON output from ffprobe
Traceback (most recent call last):
  File "d:\MusicProcessing\src\audio_info\audio_metadata.py", line 758, in get_media_tags
    data = json.loads(result.stdout)
           ^^^^^^^^^^^^^^^^^^^^^^^^^
  File "C:\Users\gmanw\AppData\Local\Programs\Python\Python312\Lib\json\__init__.py", line 346, in loads
    return _default_decoder.decode(s)
           ^^^^^^^^^^^^^^^^^^^^^^^^^^
  File "C:\Users\gmanw\AppData\Local\Programs\Python\Python312\Lib\json\decoder.py", line 337, in decode
    obj, end = self.raw_decode(s, idx=_w(s, 0).end())
               ^^^^^^^^^^^^^^^^^^^^^^^^^^^^^^^^^^^^^^
  File "C:\Users\gmanw\AppData\Local\Programs\Python\Python312\Lib\json\decoder.py", line 353, in raw_decode
    obj, end = self.scan_once(s, idx)
               ^^^^^^^^^^^^^^^^^^^^^^
json.decoder.JSONDecodeError: Expecting ',' delimiter: line 18 column 1 (char 249)

2025-09-27 15:58:40,071 — src.audio_info.audio_metadata — ERROR — has_art_tag:936 — MusicProcessingError with file: d:\MusicProcessing\tests\Music\test has invalid extension: .m3u
NoneType: None

2025-09-27 15:58:40,071 — src.audio_info.audio_metadata — ERROR — load_any_file:982 — ValueError loading d:\MusicProcessing\tests\Music\test.m3u returned None
NoneType: None

2025-09-27 15:58:40,071 — src.audio_info.audio_metadata — ERROR — load_any_file:986 — MutagenError [Errno 2] No such file or directory: 'd:\\MusicProcessing\\tests\\Music\\Non-extant.wav' loading d:\MusicProcessing\tests\Music\Non-extant.wav
Traceback (most recent call last):
  File "C:\Users\gmanw\AppData\Local\Programs\Python\Python312\Lib\site-packages\mutagen\_util.py", line 251, in _openfile
    fileobj = open(filename, "rb+" if writable else "rb")
              ^^^^^^^^^^^^^^^^^^^^^^^^^^^^^^^^^^^^^^^^^^^
FileNotFoundError: [Errno 2] No such file or directory: 'd:\\MusicProcessing\\tests\\Music\\Non-extant.wav'

During handling of the above exception, another exception occurred:

Traceback (most recent call last):
  File "d:\MusicProcessing\src\audio_info\audio_metadata.py", line 978, in load_any_file
    audio_file = mutagen.File(file_path)
                 ^^^^^^^^^^^^^^^^^^^^^^^
  File "C:\Users\gmanw\AppData\Local\Programs\Python\Python312\Lib\site-packages\mutagen\_util.py", line 162, in wrapper_func
    with _openfile(None, filething, filename, fileobj,
  File "C:\Users\gmanw\AppData\Local\Programs\Python\Python312\Lib\contextlib.py", line 137, in __enter__
    return next(self.gen)
           ^^^^^^^^^^^^^^
  File "C:\Users\gmanw\AppData\Local\Programs\Python\Python312\Lib\site-packages\mutagen\_util.py", line 272, in _openfile
    raise MutagenError(e)
mutagen.MutagenError: [Errno 2] No such file or directory: 'd:\\MusicProcessing\\tests\\Music\\Non-extant.wav'

2025-09-27 16:10:22,781 — src.audio_info.audio_playlist — ERROR — get_audio_name:88 — PlaylistError no file delimiter in #EXTINF:0The Eagles-Desperado.m4a
NoneType: None
Stack (most recent call last):
  File "<string>", line 206, in <module>
  File "<string>", line 187, in run_tests
  File "C:\Users\gmanw\AppData\Local\Programs\Python\Python312\Lib\unittest\runner.py", line 240, in run
    test(result)
  File "C:\Users\gmanw\AppData\Local\Programs\Python\Python312\Lib\unittest\suite.py", line 84, in __call__
    return self.run(*args, **kwds)
  File "C:\Users\gmanw\AppData\Local\Programs\Python\Python312\Lib\unittest\suite.py", line 122, in run
    test(result)
  File "C:\Users\gmanw\AppData\Local\Programs\Python\Python312\Lib\unittest\case.py", line 690, in __call__
    return self.run(*args, **kwds)
  File "C:\Users\gmanw\AppData\Local\Programs\Python\Python312\Lib\unittest\case.py", line 634, in run
    self._callTestMethod(testMethod)
  File "C:\Users\gmanw\AppData\Local\Programs\Python\Python312\Lib\unittest\case.py", line 589, in _callTestMethod
    if method() is not None:
  File "d:\MusicProcessing\tests\test_audio_playlist.py", line 57, in test_get_audio_name_error
    audio = playlist.get_audio_name(line)
  File "d:\MusicProcessing\src\audio_info\audio_playlist.py", line 88, in get_audio_name
    logger.exception(f"PlaylistError no file delimiter in {line}", stack_info=True)

2025-09-27 16:10:23,451 — src.audio_info.audio_playlist — ERROR — update_paths:130 — PlaylistError input file d:\MusicProcessing\tests\Music\Crush\Here\Crush-Live.mp3 is not a playlist
NoneType: None
Stack (most recent call last):
  File "<string>", line 206, in <module>
  File "<string>", line 187, in run_tests
  File "C:\Users\gmanw\AppData\Local\Programs\Python\Python312\Lib\unittest\runner.py", line 240, in run
    test(result)
  File "C:\Users\gmanw\AppData\Local\Programs\Python\Python312\Lib\unittest\suite.py", line 84, in __call__
    return self.run(*args, **kwds)
  File "C:\Users\gmanw\AppData\Local\Programs\Python\Python312\Lib\unittest\suite.py", line 122, in run
    test(result)
  File "C:\Users\gmanw\AppData\Local\Programs\Python\Python312\Lib\unittest\case.py", line 690, in __call__
    return self.run(*args, **kwds)
  File "C:\Users\gmanw\AppData\Local\Programs\Python\Python312\Lib\unittest\case.py", line 634, in run
    self._callTestMethod(testMethod)
  File "C:\Users\gmanw\AppData\Local\Programs\Python\Python312\Lib\unittest\case.py", line 589, in _callTestMethod
    if method() is not None:
  File "d:\MusicProcessing\tests\test_audio_playlist.py", line 130, in test_update_paths_fail
    playlist.update_paths(TESTS_TLD, TEST_MP3_CRUSH)
  File "d:\MusicProcessing\src\audio_info\audio_playlist.py", line 130, in update_paths
    logger.exception(f"PlaylistError input file {input_m3u} is not a playlist", stack_info=True)

2025-09-27 16:10:33,525 — src.subprocess_utils — ERROR — popen_pipe:77 — RuntimeError running command ffprobe -v quiet -show_format -show_streams 'd:\MusicProcessing\tests\Music\test.m3u'
NoneType: None

2025-09-27 16:10:33,559 — src.subprocess_utils — ERROR — subprocess_run:233 — CalledProcessError returncode: 1 on command ['ffprobe', '-hide_banner', '-select_streams', 'v:0', '-show_streams', '-of', 'json', 'd:\\MusicProcessing\\tests\\Music\\Non-extant.wav']
Traceback (most recent call last):
  File "d:\MusicProcessing\src\subprocess_utils.py", line 224, in subprocess_run
    process = subprocess.run(
              ^^^^^^^^^^^^^^^
  File "C:\Users\gmanw\AppData\Local\Programs\Python\Python312\Lib\subprocess.py", line 571, in run
    raise CalledProcessError(retcode, process.args,
subprocess.CalledProcessError: Command '['ffprobe', '-hide_banner', '-select_streams', 'v:0', '-show_streams', '-of', 'json', 'd:\\MusicProcessing\\tests\\Music\\Non-extant.wav']' returned non-zero exit status 1.
Stack (most recent call last):
  File "<string>", line 206, in <module>
  File "<string>", line 187, in run_tests
  File "C:\Users\gmanw\AppData\Local\Programs\Python\Python312\Lib\unittest\runner.py", line 240, in run
    test(result)
  File "C:\Users\gmanw\AppData\Local\Programs\Python\Python312\Lib\unittest\suite.py", line 84, in __call__
    return self.run(*args, **kwds)
  File "C:\Users\gmanw\AppData\Local\Programs\Python\Python312\Lib\unittest\suite.py", line 122, in run
    test(result)
  File "C:\Users\gmanw\AppData\Local\Programs\Python\Python312\Lib\unittest\case.py", line 690, in __call__
    return self.run(*args, **kwds)
  File "C:\Users\gmanw\AppData\Local\Programs\Python\Python312\Lib\unittest\case.py", line 634, in run
    self._callTestMethod(testMethod)
  File "C:\Users\gmanw\AppData\Local\Programs\Python\Python312\Lib\unittest\case.py", line 589, in _callTestMethod
    if method() is not None:
  File "d:\MusicProcessing\tests\test_subprocess_utilities.py", line 83, in test_subprocess_run_non_extant
    probe_process = subprocess_utils.subprocess_run(probe_command)
  File "d:\MusicProcessing\src\subprocess_utils.py", line 233, in subprocess_run
    logger.exception(f"CalledProcessError returncode: {cp_error.returncode} on command {cp_error.cmd}", stack_info=True)

2025-09-27 16:30:33,968 — src.audio_info.audio_metadata — ERROR — get_media_tags:764 — JSONDecodeError decoding JSON output from ffprobe
Traceback (most recent call last):
  File "D:\MusicProcessing\src\audio_info\audio_metadata.py", line 758, in get_media_tags
    data = json.loads(result.stdout)
           ^^^^^^^^^^^^^^^^^^^^^^^^^
  File "c:\Users\gmanw\AppData\Local\Programs\Python\Python312\Lib\json\__init__.py", line 346, in loads
    return _default_decoder.decode(s)
           ^^^^^^^^^^^^^^^^^^^^^^^^^^
  File "c:\Users\gmanw\AppData\Local\Programs\Python\Python312\Lib\json\decoder.py", line 337, in decode
    obj, end = self.raw_decode(s, idx=_w(s, 0).end())
               ^^^^^^^^^^^^^^^^^^^^^^^^^^^^^^^^^^^^^^
  File "c:\Users\gmanw\AppData\Local\Programs\Python\Python312\Lib\json\decoder.py", line 353, in raw_decode
    obj, end = self.scan_once(s, idx)
               ^^^^^^^^^^^^^^^^^^^^^^
json.decoder.JSONDecodeError: Expecting ',' delimiter: line 18 column 1 (char 249)

2025-09-27 16:30:34,945 — src.audio_info.audio_metadata — ERROR — has_art_tag:936 — MusicProcessingError with file: D:\MusicProcessing\tests\Music\test has invalid extension: .m3u
NoneType: None

2025-09-27 16:30:34,980 — src.audio_info.audio_metadata — ERROR — load_any_file:982 — ValueError loading D:\MusicProcessing\tests\Music\test.m3u returned None
NoneType: None

2025-09-27 16:30:34,981 — src.audio_info.audio_metadata — ERROR — load_any_file:986 — MutagenError [Errno 2] No such file or directory: 'D:\\MusicProcessing\\tests\\Music\\Non-extant.wav' loading D:\MusicProcessing\tests\Music\Non-extant.wav
Traceback (most recent call last):
  File "c:\Users\gmanw\AppData\Local\Programs\Python\Python312\Lib\site-packages\mutagen\_util.py", line 251, in _openfile
    fileobj = open(filename, "rb+" if writable else "rb")
              ^^^^^^^^^^^^^^^^^^^^^^^^^^^^^^^^^^^^^^^^^^^
FileNotFoundError: [Errno 2] No such file or directory: 'D:\\MusicProcessing\\tests\\Music\\Non-extant.wav'

During handling of the above exception, another exception occurred:

Traceback (most recent call last):
  File "D:\MusicProcessing\src\audio_info\audio_metadata.py", line 978, in load_any_file
    audio_file = mutagen.File(file_path)
                 ^^^^^^^^^^^^^^^^^^^^^^^
  File "c:\Users\gmanw\AppData\Local\Programs\Python\Python312\Lib\site-packages\mutagen\_util.py", line 162, in wrapper_func
    with _openfile(None, filething, filename, fileobj,
  File "c:\Users\gmanw\AppData\Local\Programs\Python\Python312\Lib\contextlib.py", line 137, in __enter__
    return next(self.gen)
           ^^^^^^^^^^^^^^
  File "c:\Users\gmanw\AppData\Local\Programs\Python\Python312\Lib\site-packages\mutagen\_util.py", line 272, in _openfile
    raise MutagenError(e)
mutagen.MutagenError: [Errno 2] No such file or directory: 'D:\\MusicProcessing\\tests\\Music\\Non-extant.wav'

2025-09-27 16:34:43,394 — src.audio_info.audio_metadata — ERROR — get_media_tags:764 — JSONDecodeError decoding JSON output from ffprobe
Traceback (most recent call last):
  File "D:\MusicProcessing\src\audio_info\audio_metadata.py", line 758, in get_media_tags
    data = json.loads(result.stdout)
           ^^^^^^^^^^^^^^^^^^^^^^^^^
  File "c:\Users\gmanw\AppData\Local\Programs\Python\Python312\Lib\json\__init__.py", line 346, in loads
    return _default_decoder.decode(s)
           ^^^^^^^^^^^^^^^^^^^^^^^^^^
  File "c:\Users\gmanw\AppData\Local\Programs\Python\Python312\Lib\json\decoder.py", line 337, in decode
    obj, end = self.raw_decode(s, idx=_w(s, 0).end())
               ^^^^^^^^^^^^^^^^^^^^^^^^^^^^^^^^^^^^^^
  File "c:\Users\gmanw\AppData\Local\Programs\Python\Python312\Lib\json\decoder.py", line 353, in raw_decode
    obj, end = self.scan_once(s, idx)
               ^^^^^^^^^^^^^^^^^^^^^^
json.decoder.JSONDecodeError: Expecting ',' delimiter: line 18 column 1 (char 249)

2025-09-27 16:34:44,426 — src.audio_info.audio_metadata — ERROR — has_art_tag:936 — MusicProcessingError with file: D:\MusicProcessing\tests\Music\test has invalid extension: .m3u
NoneType: None

2025-09-27 16:34:44,457 — src.audio_info.audio_metadata — ERROR — load_any_file:982 — ValueError loading D:\MusicProcessing\tests\Music\test.m3u returned None
NoneType: None

2025-09-27 16:34:44,458 — src.audio_info.audio_metadata — ERROR — load_any_file:986 — MutagenError [Errno 2] No such file or directory: 'D:\\MusicProcessing\\tests\\Music\\Non-extant.wav' loading D:\MusicProcessing\tests\Music\Non-extant.wav
Traceback (most recent call last):
  File "c:\Users\gmanw\AppData\Local\Programs\Python\Python312\Lib\site-packages\mutagen\_util.py", line 251, in _openfile
    fileobj = open(filename, "rb+" if writable else "rb")
              ^^^^^^^^^^^^^^^^^^^^^^^^^^^^^^^^^^^^^^^^^^^
FileNotFoundError: [Errno 2] No such file or directory: 'D:\\MusicProcessing\\tests\\Music\\Non-extant.wav'

During handling of the above exception, another exception occurred:

Traceback (most recent call last):
  File "D:\MusicProcessing\src\audio_info\audio_metadata.py", line 978, in load_any_file
    audio_file = mutagen.File(file_path)
                 ^^^^^^^^^^^^^^^^^^^^^^^
  File "c:\Users\gmanw\AppData\Local\Programs\Python\Python312\Lib\site-packages\mutagen\_util.py", line 162, in wrapper_func
    with _openfile(None, filething, filename, fileobj,
  File "c:\Users\gmanw\AppData\Local\Programs\Python\Python312\Lib\contextlib.py", line 137, in __enter__
    return next(self.gen)
           ^^^^^^^^^^^^^^
  File "c:\Users\gmanw\AppData\Local\Programs\Python\Python312\Lib\site-packages\mutagen\_util.py", line 272, in _openfile
    raise MutagenError(e)
mutagen.MutagenError: [Errno 2] No such file or directory: 'D:\\MusicProcessing\\tests\\Music\\Non-extant.wav'

2025-10-04 16:57:47,358 — src.audio_info.audio_metadata — ERROR — create_album_dir:534 — Exception AttributeError creating sub-dirs for D:\MusicProcessing\tests\PreppedMusic
Traceback (most recent call last):
  File "D:\MusicProcessing\src\audio_info\audio_metadata.py", line 502, in create_album_dir
    if 'album' in file_media_tags.keys():
                  ^^^^^^^^^^^^^^^^^^^^
AttributeError: 'NoneType' object has no attribute 'keys'
Stack (most recent call last):
  File "c:\Users\gmanw\AppData\Local\Programs\Python\Python312\Lib\runpy.py", line 198, in _run_module_as_main
    return _run_code(code, main_globals, None,
  File "c:\Users\gmanw\AppData\Local\Programs\Python\Python312\Lib\runpy.py", line 88, in _run_code
    exec(code, run_globals)
  File "c:\Users\gmanw\.vscode\extensions\ms-python.debugpy-2025.10.0-win32-x64\bundled\libs\debugpy\launcher/../..\debugpy\__main__.py", line 71, in <module>
    cli.main()
  File "c:\Users\gmanw\.vscode\extensions\ms-python.debugpy-2025.10.0-win32-x64\bundled\libs\debugpy\launcher/../..\debugpy/..\debugpy\server\cli.py", line 501, in main
    run()
  File "c:\Users\gmanw\.vscode\extensions\ms-python.debugpy-2025.10.0-win32-x64\bundled\libs\debugpy\launcher/../..\debugpy/..\debugpy\server\cli.py", line 351, in run_file
    runpy.run_path(target, run_name="__main__")
  File "c:\Users\gmanw\.vscode\extensions\ms-python.debugpy-2025.10.0-win32-x64\bundled\libs\debugpy\_vendored\pydevd\_pydevd_bundle\pydevd_runpy.py", line 310, in run_path
    return _run_module_code(code, init_globals, run_name, pkg_name=pkg_name, script_name=fname)
  File "c:\Users\gmanw\.vscode\extensions\ms-python.debugpy-2025.10.0-win32-x64\bundled\libs\debugpy\_vendored\pydevd\_pydevd_bundle\pydevd_runpy.py", line 127, in _run_module_code
    _run_code(code, mod_globals, init_globals, mod_name, mod_spec, pkg_name, script_name)
  File "c:\Users\gmanw\.vscode\extensions\ms-python.debugpy-2025.10.0-win32-x64\bundled\libs\debugpy\_vendored\pydevd\_pydevd_bundle\pydevd_runpy.py", line 118, in _run_code
    exec(code, run_globals)
  File "D:\MusicProcessing\tests\test_audio_metadata.py", line 852, in <module>
    runner.run(suite)
  File "c:\Users\gmanw\AppData\Local\Programs\Python\Python312\Lib\unittest\runner.py", line 240, in run
    test(result)
  File "c:\Users\gmanw\AppData\Local\Programs\Python\Python312\Lib\unittest\suite.py", line 84, in __call__
    return self.run(*args, **kwds)
  File "c:\Users\gmanw\AppData\Local\Programs\Python\Python312\Lib\unittest\suite.py", line 122, in run
    test(result)
  File "c:\Users\gmanw\AppData\Local\Programs\Python\Python312\Lib\unittest\case.py", line 690, in __call__
    return self.run(*args, **kwds)
  File "c:\Users\gmanw\AppData\Local\Programs\Python\Python312\Lib\unittest\case.py", line 634, in run
    self._callTestMethod(testMethod)
  File "c:\Users\gmanw\AppData\Local\Programs\Python\Python312\Lib\unittest\case.py", line 589, in _callTestMethod
    if method() is not None:
  File "D:\MusicProcessing\tests\test_audio_metadata.py", line 406, in test_create_album_dir
    metadata.create_album_dir(self.prepped)
  File "D:\MusicProcessing\src\audio_info\audio_metadata.py", line 534, in create_album_dir
    logger.exception(f"Exception {type(e_error).__name__} creating sub-dirs for {start_path}", stack_info=True)

2025-10-04 16:57:47,641 — src.audio_info.audio_metadata — ERROR — get_media_tags:762 — JSONDecodeError decoding JSON output from ffprobe
Traceback (most recent call last):
  File "D:\MusicProcessing\src\audio_info\audio_metadata.py", line 756, in get_media_tags
    data = json.loads(result.stdout)
           ^^^^^^^^^^^^^^^^^^^^^^^^^
  File "c:\Users\gmanw\AppData\Local\Programs\Python\Python312\Lib\json\__init__.py", line 346, in loads
    return _default_decoder.decode(s)
           ^^^^^^^^^^^^^^^^^^^^^^^^^^
  File "c:\Users\gmanw\AppData\Local\Programs\Python\Python312\Lib\json\decoder.py", line 337, in decode
    obj, end = self.raw_decode(s, idx=_w(s, 0).end())
               ^^^^^^^^^^^^^^^^^^^^^^^^^^^^^^^^^^^^^^
  File "c:\Users\gmanw\AppData\Local\Programs\Python\Python312\Lib\json\decoder.py", line 353, in raw_decode
    obj, end = self.scan_once(s, idx)
               ^^^^^^^^^^^^^^^^^^^^^^
json.decoder.JSONDecodeError: Expecting ',' delimiter: line 18 column 1 (char 249)

2025-10-04 16:57:49,285 — src.audio_info.audio_metadata — ERROR — has_art_tag:932 — MusicProcessingError with file: D:\MusicProcessing\tests\Music\test has invalid extension: .m3u
NoneType: None

2025-10-04 16:57:49,313 — src.audio_info.audio_metadata — ERROR — load_any_file:978 — ValueError loading D:\MusicProcessing\tests\Music\test.m3u returned None
NoneType: None

2025-10-04 16:57:49,315 — src.audio_info.audio_metadata — ERROR — load_any_file:982 — MutagenError [Errno 2] No such file or directory: 'D:\\MusicProcessing\\tests\\Music\\Non-extant.wav' loading D:\MusicProcessing\tests\Music\Non-extant.wav
Traceback (most recent call last):
  File "c:\Users\gmanw\AppData\Local\Programs\Python\Python312\Lib\site-packages\mutagen\_util.py", line 251, in _openfile
    fileobj = open(filename, "rb+" if writable else "rb")
              ^^^^^^^^^^^^^^^^^^^^^^^^^^^^^^^^^^^^^^^^^^^
FileNotFoundError: [Errno 2] No such file or directory: 'D:\\MusicProcessing\\tests\\Music\\Non-extant.wav'

During handling of the above exception, another exception occurred:

Traceback (most recent call last):
  File "D:\MusicProcessing\src\audio_info\audio_metadata.py", line 974, in load_any_file
    audio_file = mutagen.File(file_path)
                 ^^^^^^^^^^^^^^^^^^^^^^^
  File "c:\Users\gmanw\AppData\Local\Programs\Python\Python312\Lib\site-packages\mutagen\_util.py", line 162, in wrapper_func
    with _openfile(None, filething, filename, fileobj,
  File "c:\Users\gmanw\AppData\Local\Programs\Python\Python312\Lib\contextlib.py", line 137, in __enter__
    return next(self.gen)
           ^^^^^^^^^^^^^^
  File "c:\Users\gmanw\AppData\Local\Programs\Python\Python312\Lib\site-packages\mutagen\_util.py", line 272, in _openfile
    raise MutagenError(e)
mutagen.MutagenError: [Errno 2] No such file or directory: 'D:\\MusicProcessing\\tests\\Music\\Non-extant.wav'

2025-10-04 17:01:16,236 — src.audio_info.audio_metadata — ERROR — get_media_tags:762 — JSONDecodeError decoding JSON output from ffprobe
Traceback (most recent call last):
  File "D:\MusicProcessing\src\audio_info\audio_metadata.py", line 756, in get_media_tags
    data = json.loads(result.stdout)
           ^^^^^^^^^^^^^^^^^^^^^^^^^
  File "c:\Users\gmanw\AppData\Local\Programs\Python\Python312\Lib\json\__init__.py", line 346, in loads
    return _default_decoder.decode(s)
           ^^^^^^^^^^^^^^^^^^^^^^^^^^
  File "c:\Users\gmanw\AppData\Local\Programs\Python\Python312\Lib\json\decoder.py", line 337, in decode
    obj, end = self.raw_decode(s, idx=_w(s, 0).end())
               ^^^^^^^^^^^^^^^^^^^^^^^^^^^^^^^^^^^^^^
  File "c:\Users\gmanw\AppData\Local\Programs\Python\Python312\Lib\json\decoder.py", line 353, in raw_decode
    obj, end = self.scan_once(s, idx)
               ^^^^^^^^^^^^^^^^^^^^^^
json.decoder.JSONDecodeError: Expecting ',' delimiter: line 18 column 1 (char 249)

2025-10-04 17:01:17,320 — src.audio_info.audio_metadata — ERROR — has_art_tag:932 — MusicProcessingError with file: D:\MusicProcessing\tests\Music\test has invalid extension: .m3u
NoneType: None

2025-10-04 17:01:17,346 — src.audio_info.audio_metadata — ERROR — load_any_file:978 — ValueError loading D:\MusicProcessing\tests\Music\test.m3u returned None
NoneType: None

2025-10-04 17:01:17,348 — src.audio_info.audio_metadata — ERROR — load_any_file:982 — MutagenError [Errno 2] No such file or directory: 'D:\\MusicProcessing\\tests\\Music\\Non-extant.wav' loading D:\MusicProcessing\tests\Music\Non-extant.wav
Traceback (most recent call last):
  File "c:\Users\gmanw\AppData\Local\Programs\Python\Python312\Lib\site-packages\mutagen\_util.py", line 251, in _openfile
    fileobj = open(filename, "rb+" if writable else "rb")
              ^^^^^^^^^^^^^^^^^^^^^^^^^^^^^^^^^^^^^^^^^^^
FileNotFoundError: [Errno 2] No such file or directory: 'D:\\MusicProcessing\\tests\\Music\\Non-extant.wav'

During handling of the above exception, another exception occurred:

Traceback (most recent call last):
  File "D:\MusicProcessing\src\audio_info\audio_metadata.py", line 974, in load_any_file
    audio_file = mutagen.File(file_path)
                 ^^^^^^^^^^^^^^^^^^^^^^^
  File "c:\Users\gmanw\AppData\Local\Programs\Python\Python312\Lib\site-packages\mutagen\_util.py", line 162, in wrapper_func
    with _openfile(None, filething, filename, fileobj,
  File "c:\Users\gmanw\AppData\Local\Programs\Python\Python312\Lib\contextlib.py", line 137, in __enter__
    return next(self.gen)
           ^^^^^^^^^^^^^^
  File "c:\Users\gmanw\AppData\Local\Programs\Python\Python312\Lib\site-packages\mutagen\_util.py", line 272, in _openfile
    raise MutagenError(e)
mutagen.MutagenError: [Errno 2] No such file or directory: 'D:\\MusicProcessing\\tests\\Music\\Non-extant.wav'
