audio file path;album metadata;album directory
C:\Music\Josh White Jr. With Robin Batteau\Josh White Jr. With Robin Batteau-Call Me Darling.mp3;Jazz, Ballads & Blues;Jazz, Ballads & Blues
C:\Music\Josh White Jr. With Robin Batteau\Josh White Jr. With Robin Batteau-Don't Smoke In Bed.mp3;Jazz, Ballads & Blues;Jazz, Ballads & Blues
C:\Music\Josh White Jr. With Robin Batteau\Josh White Jr. With Robin Batteau-Frankie & Johnnie.mp3;Jazz, Ballads & Blues;Jazz, Ballads & Blues
C:\Music\Josh White Jr. With Robin Batteau\Josh White Jr. With Robin Batteau-House Of The Rising Sun.mp3;Jazz, Ballads & Blues;Jazz, Ballads & Blues
C:\Music\Josh White Jr. With Robin Batteau\Josh White Jr. With Robin Batteau-Miss Otis Regrets.mp3;Jazz, Ballads & Blues;Jazz, Ballads & Blues
C:\Music\Josh White Jr. With Robin Batteau\Josh White Jr. With Robin Batteau-Outskirts Of Town.mp3;Jazz, Ballads & Blues;Jazz, Ballads & Blues
C:\Music\Josh White Jr. With Robin Batteau\Josh White Jr. With Robin Batteau-St. James Infirmary.mp3;Jazz, Ballads & Blues;Jazz, Ballads & Blues
C:\Music\Josh White Jr. With Robin Batteau\Josh White Jr. With Robin Batteau-Strange Fruit.mp3;Jazz, Ballads & Blues;Jazz, Ballads & Blues
C:\Music\Josh White Jr. With Robin Batteau\Josh White Jr. With Robin Batteau-You Won't Let Me Go.mp3;Jazz, Ballads & Blues;Jazz, Ballads & Blues
C:\Music\Josh White Jr. With Robin Batteau\Josh White Jr. With Robin Batteau-You'd Be So Nice To Come Home To.mp3;Jazz, Ballads & Blues;Jazz, Ballads & Blues
C:\Music\Josh White\Josh White-Gloomy Sunday.mp3;Josh At Midnight - Ballads & Blues;Josh At Midnight - Ballads & Blues
C:\Music\Josh White\Josh White-Good Morning Blues (w-Libby Holman).mp3;"From New York To London - ""Made In New York""";From New York To London - -Made In New York-
C:\Music\Josh White\Josh White-Green Grass Growing All Around (w-Bill White).mp3;"From New York To London - ""Made In New York""";From New York To London - -Made In New York-
C:\Music\Josh White\Josh White-Greenville Sheik.mp3;Blues Singer (1932-1936);Blues Singer (1932-1936)
C:\Music\Josh White\Josh White-Hard Time Blues.mp3;"From New York To London - ""Made In London""";From New York To London - -Made In London-
C:\Music\Josh White\Josh White-He Never Said A Mumblin' Word.mp3;"From New York To London - ""Made In London""";From New York To London - -Made In London-
C:\Music\Josh White\Josh White-Helleleu.mp3;Josh At Midnight - Ballads & Blues;Josh At Midnight - Ballads & Blues
C:\Music\Josh White\Josh White-Howling Wolf Blues.mp3;Blues Singer (1932-1936);Blues Singer (1932-1936)
C:\Music\Josh White\Josh White-I Ain't Got Nothing But The Blues (w-Beverly White).mp3;"From New York To London - ""Made In London""";From New York To London - -Made In London-
C:\Music\Josh White\Josh White-I Believe I'll Make A Change.mp3;Legends Of The Blues: Volume 1;Legends Of The Blues- Volume 1
C:\Music\Josh White\Josh White-I Gave My Love A Cherry.mp3;"From New York To London - ""Made In New York""";From New York To London - -Made In New York-
C:\Music\Josh White\Josh White-I Want You And I Need You.mp3;"From New York To London - ""Made In London""";From New York To London - -Made In London-
C:\Music\Josh White\Josh White-I'm Gonna Move To The Outskirts Of Town.mp3;"From New York To London - ""Made In London""";From New York To London - -Made In London-
C:\Music\Josh White\Josh White-Jelly, Jelly.mp3;Josh At Midnight - Ballads & Blues;Josh At Midnight - Ballads & Blues
C:\Music\Josh White\Josh White-Jesus Gonna Make Up My Dying Bed.mp3;Josh At Midnight - Ballads & Blues;Josh At Midnight - Ballads & Blues
C:\Music\Josh White\Josh White-Jim Crow (w-Bill White).mp3;"From New York To London - ""Made In New York""";From New York To London - -Made In New York-
C:\Music\Josh White\Josh White-Jim Crow Train.mp3;Josh At Midnight - Ballads & Blues;Josh At Midnight - Ballads & Blues
C:\Music\Josh White\Josh White-John Henry.mp3;"From New York To London - ""Made In New York""";From New York To London - -Made In New York-
C:\Music\Josh White\Josh White-Josh & Bill Blues (w-Bill White).mp3;"From New York To London - ""Made In New York""";From New York To London - -Made In New York-
C:\Music\Josh White\Josh White-Joshua Fit The Battle Of Jericho.mp3;Josh At Midnight - Ballads & Blues;Josh At Midnight - Ballads & Blues
C:\Music\Josh White\Josh White-Lazy Black Snake Blues.mp3;Blues Singer (1932-1936);Blues Singer (1932-1936)
C:\Music\Josh White\Josh White-Like A Natural Man.mp3;"From New York To London - ""Made In London""";From New York To London - -Made In London-
C:\Music\Josh White\Josh White-Lonesome Road.mp3;"From New York To London - ""Made In London""";From New York To London - -Made In London-
C:\Music\Josh White\Josh White-Lord Randall, My Son.mp3;"From New York To London - ""Made In New York""";From New York To London - -Made In New York-
C:\Music\Josh White\Josh White-Lord, I Want To Die Easy.mp3;Blues Singer (1932-1936);Blues Singer (1932-1936)
C:\Music\Josh White\Josh White-Low Cotton.mp3;Blues Singer (1932-1936);Blues Singer (1932-1936)
C:\Music\Josh White\Josh White-Midnight Special.mp3;Josh At Midnight - Ballads & Blues;Josh At Midnight - Ballads & Blues
C:\Music\Josh White\Josh White-Milk Cow Blues.mp3;Blues Singer (1932-1936);Blues Singer (1932-1936)
C:\Music\Josh White\Josh White-Miss Otis Regrets.mp3;Josh At Midnight - Ballads & Blues;Josh At Midnight - Ballads & Blues
C:\Music\Josh White\Josh White-Molly Malone.mp3;"From New York To London - ""Made In London""";From New York To London - -Made In London-
C:\Music\Josh White\Josh White-My Father Is A Husbandman.mp3;Blues Singer (1932-1936);Blues Singer (1932-1936)
C:\Music\Josh White\Josh White-New Milk Cow Blues.mp3;Blues Singer (1932-1936);Blues Singer (1932-1936)
C:\Music\Josh White\Josh White-Nobody Knows You When You're Down And Out.mp3;"From New York To London - ""Made In New York""";From New York To London - -Made In New York-
C:\Music\Josh White\Josh White-Number Twelve Train.mp3;Josh At Midnight - Ballads & Blues;Josh At Midnight - Ballads & Blues
C:\Music\Josh White\Josh White-On Top Of Old Smokey.mp3;"From New York To London - ""Made In London""";From New York To London - -Made In London-
C:\Music\Josh White\Josh White-One For My Baby.mp3;Josh At Midnight - Ballads & Blues;Josh At Midnight - Ballads & Blues
C:\Music\Josh White\Josh White-One Meat Ball.mp3;Josh At Midnight - Ballads & Blues;Josh At Midnight - Ballads & Blues
C:\Music\Josh White\Josh White-Paul And Silas Bound In Jail.mp3;Blues Singer (1932-1936);Blues Singer (1932-1936)
C:\Music\Josh White\Josh White-Peter.mp3;Josh At Midnight - Ballads & Blues;Josh At Midnight - Ballads & Blues
C:\Music\Josh White\Josh White-Prison BOund Blues.mp3;Josh At Midnight - Ballads & Blues;Josh At Midnight - Ballads & Blues
C:\Music\Josh White\Josh White-Raise A Ruckus.mp3;Josh At Midnight - Ballads & Blues;Josh At Midnight - Ballads & Blues
C:\Music\Josh White\Josh White-Scandalize My Name.mp3;Josh At Midnight - Ballads & Blues;Josh At Midnight - Ballads & Blues
C:\Music\Josh White\Josh White-Silicosis Is Killin' Me.mp3;Blues Singer (1932-1936);Blues Singer (1932-1936)
C:\Music\Josh White\Josh White-So Sonn In The Mornin'.mp3;Josh At Midnight - Ballads & Blues;Josh At Midnight - Ballads & Blues
C:\Music\Josh White\Josh White-Sometime (w-Sonny Terry & Brownie McGhee).mp3;"From New York To London - ""Made In New York""";From New York To London - -Made In New York-
C:\Music\Josh White\Josh White-St. James Infirmary.mp3;Josh At Midnight - Ballads & Blues;Josh At Midnight - Ballads & Blues
C:\Music\Josh White\Josh White-Stormy Weather No. 1.mp3;Blues Singer (1932-1936);Blues Singer (1932-1936)
C:\Music\Josh White\Josh White-Strange Fruit.mp3;"From New York To London - ""Made In New York""";From New York To London - -Made In New York-
C:\Music\Josh White\Josh White-T. B. Blues.mp3;"From New York To London - ""Made In London""";From New York To London - -Made In London-
C:\Music\Josh White\Josh White-Take A Gal Like You.mp3;"From New York To London - ""Made In London""";From New York To London - -Made In London-
C:\Music\Josh White\Josh White-Takin' Names.mp3;Josh At Midnight - Ballads & Blues;Josh At Midnight - Ballads & Blues
C:\Music\Josh White\Josh White-The Butterfly Song.mp3;"From New York To London - ""Made In London""";From New York To London - -Made In London-
C:\Music\Josh White\Josh White-The Foggy, Foggy Dew.mp3;"From New York To London - ""Made In London""";From New York To London - -Made In London-
C:\Music\Josh White\Josh White-The House Of The Risin' Sun.mp3;"From New York To London - ""Made In New York""";From New York To London - -Made In New York-
C:\Music\Josh White\Josh White-The Lass With The Delicate Air.mp3;"From New York To London - ""Made In London""";From New York To London - -Made In London-
C:\Music\Josh White\Josh White-Timber (Jerry The Mule).mp3;Josh At Midnight - Ballads & Blues;Josh At Midnight - Ballads & Blues
C:\Music\Josh White\Josh White-Told My Captain.mp3;Josh At Midnight - Ballads & Blues;Josh At Midnight - Ballads & Blues
C:\Music\Josh White\Josh White-Waltzing Matilda.mp3;"From New York To London - ""Made In New York""";From New York To London - -Made In New York-
C:\Music\Josh White\Josh White-Wanderings.mp3;"From New York To London - ""Made In London""";From New York To London - -Made In London-
C:\Music\Josh White\Josh White-Watercress.mp3;"From New York To London - ""Made In New York""";From New York To London - -Made In New York-
C:\Music\Josh White\Josh White-Welfare Blues.mp3;Blues Singer (1932-1936);Blues Singer (1932-1936)
C:\Music\Josh White\Josh White-When The Sun Goes Down (w-Libby Holman).mp3;"From New York To London - ""Made In New York""";From New York To London - -Made In New York-
C:\Music\Josh White\Josh White-Woman Sure Is A Curious Critter.mp3;Josh At Midnight - Ballads & Blues;Josh At Midnight - Ballads & Blues
C:\Music\Journey\Journey-Don't Stop Believin'.mp3;Escape;Escape
C:\Music\Journey\Journey-Escape.mp3;Escape;Escape
C:\Music\Journey\Journey-Keep on Runnin'.mp3;Escape;Escape
C:\Music\Journey\Journey-Lay It Down.mp3;Escape;Escape
C:\Music\Journey\Journey-Lovin', Touchin', Squeezin'.mp3;Journey's Greatest Hits;Journey's Greatest Hits
C:\Music\Journey\Journey-Stone in Love.mp3;Escape;Escape
C:\Music\Journey\Journey-Wheel in the Sky.mp3;Journey's Greatest Hits;Journey's Greatest Hits
C:\Music\Julian Lennon\Julian Lennon-Too Late For Goodbyes.mp3;Valotte;Valotte
C:\Music\Julian Lennon\Julian Lennon-Valotte.mp3;Valotte;Valotte
C:\Music\Junior Parker\Junior Parker - The Things I Used To Do.mp3;Best Of The Blues, Vol. 1;Best Of The Blues, Vol. 1
C:\Music\Junior White\Junior Wells-(I Can't Get No) Satisfaction.mp3;Paint It Blue: Songs Of The Rolling Stones;Paint It Blue- Songs Of The Rolling Stones
C:\Music\Kansas\Kansas-Carry on Wayward Son.mp3;The Best of Kansas;The Best of Kansas
C:\Music\Kate Bush\Kate Bush-Wuthering Heights.mp3;The Kick Inside;The Kick Inside
C:\Music\Kathy Mattea\Kathy Mattea-Daddy's Hands.mp3;All Star Country;All Star Country
C:\Music\Kathy Mattea\Kathy Mattea-Eighteen Wheels and a Dozen Roses.mp3;Untasted Honey;Untasted Honey
C:\Music\Kathy Mattea\Kathy Mattea-Walking Away A Winner.mp3;Walking Away A Winner;Walking Away A Winner
C:\Music\Keb' Mo'\Keb' Mo' - I'm On Your Side.mp3;The Blues;The Blues
C:\Music\Keith Woodrow\Keith Woodrow - Don't Tell Your Children.mp3;Don't Tell Your Children;Don't Tell Your Children
C:\Music\Keith Woodrow\Keith Woodrow - Double Trouble.mp3;Don't Tell Your Children;Don't Tell Your Children
C:\Music\Keith Woodrow\Keith Woodrow - Floatin' Bridge.mp3;Don't Tell Your Children;Don't Tell Your Children
C:\Music\Keith Woodrow\Keith Woodrow - Four Till Late.mp3;Don't Tell Your Children;Don't Tell Your Children
C:\Music\Keith Woodrow\Keith Woodrow - Highwater Blues.mp3;Don't Tell Your Children;Don't Tell Your Children
C:\Music\Keith Woodrow\Keith Woodrow - If I Had Possession Over Judgement Day.mp3;Don't Tell Your Children;Don't Tell Your Children
C:\Music\Keith Woodrow\Keith Woodrow - Love In Vain.mp3;Don't Tell Your Children;Don't Tell Your Children
C:\Music\Keith Woodrow\Keith Woodrow - Love You Pretty Baby.mp3;Don't Tell Your Children;Don't Tell Your Children
C:\Music\Keith Woodrow\Keith Woodrow - Me And The Devil.mp3;Don't Tell Your Children;Don't Tell Your Children
C:\Music\Keith Woodrow\Keith Woodrow - Standin' Around Crying.mp3;Don't Tell Your Children;Don't Tell Your Children
C:\Music\Keith Woodrow\Keith Woodrow - Stones In My Passway.mp3;Don't Tell Your Children;Don't Tell Your Children
C:\Music\Keith Woodrow\Keith Woodrow - Stop Breaking Down.mp3;Don't Tell Your Children;Don't Tell Your Children
C:\Music\Keith Woodrow\Keith Woodrow - You Shook Me.mp3;Don't Tell Your Children;Don't Tell Your Children
C:\Music\Kelly Joe Phelps\Kelly Joe Phelps-Capman Bootman.mp3;Shine Eyed Mister Zen;Shine Eyed Mister Zen
C:\Music\Kelly Joe Phelps\Kelly Joe Phelps-Dock Boggs Country Blues.mp3;Shine Eyed Mister Zen;Shine Eyed Mister Zen
C:\Music\Kelly Joe Phelps\Kelly Joe Phelps-Goodnight Irene.mp3;Shine Eyed Mister Zen;Shine Eyed Mister Zen
C:\Music\Kelly Joe Phelps\Kelly Joe Phelps-Hobo's Son.mp3;Shine Eyed Mister Zen;Shine Eyed Mister Zen
C:\Music\Kelly Joe Phelps\Kelly Joe Phelps-Katy.mp3;Shine Eyed Mister Zen;Shine Eyed Mister Zen
C:\Music\Kelly Joe Phelps\Kelly Joe Phelps-Many A Time.mp3;Shine Eyed Mister Zen;Shine Eyed Mister Zen
C:\Music\Kelly Joe Phelps\Kelly Joe Phelps-Piece By Piece.mp3;Shine Eyed Mister Zen;Shine Eyed Mister Zen
C:\Music\Kelly Joe Phelps\Kelly Joe Phelps-River Rat Jimmy.mp3;Shine Eyed Mister Zen;Shine Eyed Mister Zen
C:\Music\Kelly Joe Phelps\Kelly Joe Phelps-The House Carpenter.mp3;Shine Eyed Mister Zen;Shine Eyed Mister Zen
C:\Music\Kelly Joe Phelps\Kelly Joe Phelps-Train Carried My Girl From Town.mp3;Shine Eyed Mister Zen;Shine Eyed Mister Zen
C:\Music\Kelly Joe Phelps\Kelly Joe Phelps-Wandering Away.mp3;Shine Eyed Mister Zen;Shine Eyed Mister Zen
C:\Music\Ken Hamm\Ken Hamm-32-20 Blues.mp3;Galvanized!;Galvanized!
C:\Music\Ken Hamm\Ken Hamm-Bourgeois Blues.mp3;Galvanized!;Galvanized!
C:\Music\Ken Hamm\Ken Hamm-Bring It On Home.mp3;Galvanized!;Galvanized!
C:\Music\Ken Hamm\Ken Hamm-Can't Judge A Book - Who Do You Love.mp3;Galvanized!;Galvanized!
C:\Music\Ken Hamm\Ken Hamm-Candyman Blues.mp3;Galvanized!;Galvanized!
C:\Music\Ken Hamm\Ken Hamm-Come In My Kitchen.mp3;Galvanized!;Galvanized!
C:\Music\Ken Hamm\Ken Hamm-Crow Jane.mp3;Galvanized!;Galvanized!
C:\Music\Ken Hamm\Ken Hamm-Dig Myself A Hole.mp3;Galvanized!;Galvanized!
C:\Music\Ken Hamm\Ken Hamm-Duncan And Brady.mp3;Galvanized!;Galvanized!
C:\Music\Ken Hamm\Ken Hamm-From A Buick Six.mp3;Galvanized!;Galvanized!
C:\Music\Ken Hamm\Ken Hamm-From Four Until Late.mp3;Galvanized!;Galvanized!
C:\Music\Ken Hamm\Ken Hamm-I Can't Be Satisfied.mp3;Galvanized!;Galvanized!
C:\Music\Ken Hamm\Ken Hamm-Pony Boy.mp3;Galvanized!;Galvanized!
C:\Music\Ken Hamm\Ken Hamm-Poor Boy Long Ways From Home.mp3;Galvanized!;Galvanized!
C:\Music\Ken Hamm\Ken Hamm-Prodigal Son.mp3;Galvanized!;Galvanized!
C:\Music\Ken Hamm\Ken Hamm-Relax Your Mind.mp3;Galvanized!;Galvanized!
C:\Music\Ken Hamm\Ken Hamm-Seventh Son.mp3;Galvanized!;Galvanized!
C:\Music\Ken Hamm\Ken Hamm-Shake It and Break It.mp3;Galvanized!;Galvanized!
C:\Music\Ken Hamm\Ken Hamm-She Moves Me.mp3;Galvanized!;Galvanized!
C:\Music\Ken Hamm\Ken Hamm-When You Got A Good Friend.mp3;Galvanized!;Galvanized!
C:\Music\Kenny Loggins\Kenny Loggins-Caddy Shack Theme.mp3;Yesterday, Today, Tomorrow - The Greatest Hits;Yesterday, Today, Tomorrow - The Greatest Hits
C:\Music\Kenny Loggins\Kenny Loggins-Danger Zone.mp3;Yesterday, Today, Tomorrow -The Greatest Hits;Yesterday, Today, Tomorrow -The Greatest Hits
C:\Music\Kenny Loggins\Kenny Loggins-Forever.mp3;Yesterday, Today, Tomorrow: The Greatest Hits of Kenny Loggins;Yesterday, Today, Tomorrow- The Greatest Hits of Kenny Loggins
C:\Music\Kenny Loggins\Kenny Loggins-The Last Unicorn.mp3;Return to Pooh Corner;Return to Pooh Corner
C:\Music\Kid Rock\Kid Rock-All Summer Long.mp3;Rock N Roll Jesus;Rock N Roll Jesus
C:\Music\Kid Rock\Kid Rock-Amen.mp3;Rock N Roll Jesus;Rock N Roll Jesus
C:\Music\Kim Carnes\Kim Carnes-Bette Davis Eyes.mp3;Mistaken Identity;Mistaken Identity
C:\Music\Kim Mitchell\Kim Mitchell-Go For Soda.mp3;Akimbo Alogo;Akimbo Alogo
C:\Music\Kim Mitchell\Kim Mitchell-Lager & Ale.mp3;Akimbo Alogo;Akimbo Alogo
C:\Music\Kiss\Kiss-Domino.mp3;Revenge;Revenge
C:\Music\Klaatu\Klaatu-Calling Occupants Of Interplanetary Craft.mp3;Endangered Species;Endangered Species
C:\Music\Koko Taylor\Koko Taylor-Big Boss Man.mp3;Blues Legends;Blues Legends
C:\Music\Koko Taylor\Koko Taylor-I Got What It Takes.mp3;Blues Favorites;Blues Favorites
C:\Music\Koko Taylor\Koko Taylor-Wang Dang Doodle.mp3;Greatest Blues Legends;Greatest Blues Legends
C:\Music\Kylie Minogue\Kylie Minogue-I cant get you out of my head.mp3;Fever;Fever
C:\Music\Kylie Minogue\Kylie Minogue-The Loco-Motion.mp3;Kylie;Kylie
C:\Music\Lacy Gibson\Lacy Gibson-You Better Be Sure.mp3;Still Got The Blues, Vol:4;Still Got The Blues, Vol-4
C:\Music\Larry Davis\Larry Davis-Angels In Houston.mp3;Whole Lotta...Blues - Legends Of Texas Blues;Whole Lotta...Blues - Legends Of Texas Blues
C:\Music\Larry McCray\Larry McCray-Midnight Rambler.mp3;Paint It Blue: Songs Of The Rolling Stones;Paint It Blue- Songs Of The Rolling Stones
C:\Music\Laura Branigan\Laura Branigan-Gloria.mp3;Branigan;Branigan
C:\Music\Laura Branigan\Laura Branigan-Self Control.mp3;Self Control;Self Control
C:\Music\LeAnn Rimes\LeAnn Rimes-Big Deal.MP3;LeAnn Rimes;LeAnn Rimes
C:\Music\Leadbelly\Leadbelly - Bring Me Lil Water Silvy.mp3;Its All About the Blues;Its All About the Blues
C:\Music\Leadbelly\Leadbelly - Midnight Special.mp3;The Great Tomato Blues Package;The Great Tomato Blues Package
C:\Music\Leadbelly\Leadbelly - You Don't Know My Mind.mp3;The Blues;The Blues
C:\Music\Leadbelly\Leadbelly-Blue Tail Fly.mp3;Travelin' Blues;Travelin' Blues
C:\Music\Leadbelly\Leadbelly-Easy Rider.mp3;Nothin' But The Blues;Nothin' But The Blues
C:\Music\Leadbelly\Leadbelly-Fort Worth And Dallas Blues.mp3;Legends Of The Blues: Volume 1;Legends Of The Blues- Volume 1
C:\Music\Leadbelly\Leadbelly-Good Morning Blues.mp3;Nothin' But The Blues;Nothin' But The Blues
C:\Music\Leadbelly\Leadbelly-Where Did You Sleep Last Night.mp3;Denim Blues;Denim Blues
C:\Music\Led Zepplin\Led Zeppelin-Black Dog.mp3;Led Zeppelin IV;Led Zeppelin IV
C:\Music\Led Zepplin\Led Zeppelin-Rock and Roll.mp3;Led Zeppelin IV;Led Zeppelin IV
C:\Music\Led Zepplin\Led Zeppelin-Stairway to Heaven.mp3;Led Zeppelin IV;Led Zeppelin IV
C:\Music\Lena Horn\Lena Horn-Frankie & Johnny.mp3;The Blues In The Rain;The Blues In The Rain
C:\Music\Lena Horn\Lena Horn-Unlucky Woman.mp3;The Blues In The Rain;The Blues In The Rain
C:\Music\Leroy Carr\Leroy Carr-Stormy Night Blues.mp3;Legends Of The Blues: Volume 1;Legends Of The Blues- Volume 1
C:\Music\Lifehouse\Lifehouse-Hanging By a Moment.mp3;No Name Face;No Name Face
C:\Music\Lightnin' Hopkins\Lightnin' Hopkins - Blues Is A Feeling.mp3;The Rising Sun Collection Vol. 11;The Rising Sun Collection Vol. 11
C:\Music\Lightnin' Hopkins\Lightnin' Hopkins - Cryin'Shame.mp3;The Great Tomato Blues Package;The Great Tomato Blues Package
C:\Music\Lightnin' Hopkins\Lightnin' Hopkins - Lightnin's Blues.mp3;The Rising Sun Collection Vol. 11;The Rising Sun Collection Vol. 11
C:\Music\Lightnin' Hopkins\Lightnin' Hopkins - Shotgun Blues.mp3;Best Of The Blues, Vol. 1;Best Of The Blues, Vol. 1
C:\Music\Lightnin' Hopkins\Lightnin' Hopkins - Suicide Blues.mp3;Every Day I Have The Blues;Every Day I Have The Blues
C:\Music\Lightnin' Hopkins\Lightnin' Hopkins - Trouble In Mind.mp3;The Rising Sun Collection Vol. 11;The Rising Sun Collection Vol. 11
C:\Music\Lightnin' Hopkins\Lightnin' Hopkins - Your Own Fault Baby To Treat Me The Way You Do.mp3;The Blues For The Road;The Blues For The Road
C:\Music\Lightnin' Hopkins\Lightnin' Hopkins-Awful Dreams.mp3;Denim Blues;Denim Blues
C:\Music\Lightnin' Hopkins\Lightnin' Hopkins-Black Cat Blues.mp3;Every Day I Have The Blues;Every Day I Have The Blues
C:\Music\Lightnin' Hopkins\Lightnin' Hopkins-Let Me Play With Your Poodle.mp3;Nothin' But The Blues;Nothin' But The Blues
C:\Music\Lightnin' Hopkins\Lightnin' Hopkins-Shine On Moon.mp3;Travelin' Blues;Travelin' Blues
C:\Music\Lightnin' Hopkins\Lightnin' Hopkins-Short Haired Woman.mp3;Nothin' But The Blues;Nothin' But The Blues
C:\Music\Lightnin' Hopkins\Lightnin' Hopkins-Shotgun.mp3;Whole Lotta...Blues - Legends Of Texas Blues;Whole Lotta...Blues - Legends Of Texas Blues
C:\Music\Lightnin' Hopkins\Lightnin' Hopkins-Wonder Why.mp3;The Blues As It Was;The Blues As It Was
C:\Music\Lindsey Buckingham\Lindsey Buckingham-Trouble.mp3;Law And Order;Law And Order
C:\Music\Lisa Brokop\Lisa Brokop-Faith, Hope & Love (Not So Far Away).mp3;Hey Do You Know Me;Hey Do You Know Me
C:\Music\Lisa Brokop\Lisa Brokop-I'd Like To See You Try.mp3;Undeniable;Undeniable
C:\Music\Lisa Brokop\Lisa Brokop-Take That.mp3;Give Me a Ring Sometime;Give Me a Ring Sometime
C:\Music\Little Junior Parker\Little Junior Parker - Don't Throw Your Love On Me So Strong.mp3;Blues In The Night;Blues In The Night
C:\Music\Little Junior Parker\Little Junior Parker - Hey Pretty Baby.mp3;Blues In The Night;Blues In The Night
C:\Music\Little Junior Parker\Little Junior Parker - I Need Your Love So Bad.mp3;Blues In The Night;Blues In The Night
C:\Music\Little Milton\Little Milton-A Touch Of The Blues.mp3;Greatest Blues Legends;Greatest Blues Legends
C:\Music\Little Milton\Little Milton-Blind Man.mp3;Blues Favorites;Blues Favorites
C:\Music\Little Milton\Little Milton-We're Gonna Make It.mp3;Blues Legends;Blues Legends
C:\Music\Little Miss Higgins\Little Miss Higgins - St. Louis Blues.mp3;Junction City;Junction City
C:\Music\Little Miss Higgins\Little Miss Higgins - The Dirty Ol Tractor Song (Live).mp3;Two Nights In March (Live);Two Nights In March (Live)
C:\Music\Little Miss Higgins\Little Miss Higgins - Wash These Blues Away.mp3;Across the Plains;Across the Plains
C:\Music\Little Miss Higgins\Little Miss Higgins-Broadcast Boogie.mp3;Live: Two Nights in March;Live- Two Nights in March
C:\Music\Little Miss Higgins\Little Miss Higgins-Give Your Mama One Smile.mp3;Cobbler Shop Sessions;Cobbler Shop Sessions
C:\Music\Little Miss Higgins\Little Miss Higgins-Gone for Good.mp3;Cobbler Shop Sessions;Cobbler Shop Sessions
C:\Music\Little Miss Higgins\Little Miss Higgins-I'm Gonna Bake My Biscuits.mp3;Live: Two Nights in March;Live- Two Nights in March
C:\Music\Little Miss Higgins\Little Miss Higgins-Numb Foot Strut.mp3;Cobbler Shop Sessions;Cobbler Shop Sessions
C:\Music\Little Miss Higgins\Little Miss Higgins-Pete's Back Shack Blues.mp3;Cobbler Shop Sessions;Cobbler Shop Sessions
C:\Music\Little Miss Higgins\Little Miss Higgins-The Silvertone Swing.mp3;Live: Two Nights in March;Live- Two Nights in March
C:\Music\Little Miss Higgins\Little Miss Higgins-You Turn Me On, I'm a Radio.mp3;Cobbler Shop Sessions;Cobbler Shop Sessions
C:\Music\Little Richard\Little Richard - Lucille.mp3;The Great Tomato Blues Package;The Great Tomato Blues Package
C:\Music\Little Texas\Little Texas-Peaceful Easy Feeling.mp3;Common Thread-The Songs of the Eagles;Common Thread-The Songs of the Eagles
C:\Music\Little Walter\Little Walter - Juke.mp3;The Great Tomato Blues Package;The Great Tomato Blues Package
C:\Music\Lonesome Sundown\Lonesome Sundown-Steppin' Up In Class.mp3;Louisiana Scrapbook;Louisiana Scrapbook
C:\Music\Long John Baldry\Long John Baldry-Morning Dew.mp3;Long John Baldry Trio Live;Long John Baldry Trio Live
C:\Music\Lonnie Johnson\Lonnie Johnson-I Have To Do My Time.mp3;Every Day I Have The Blues;Every Day I Have The Blues
C:\Music\Lonnie Johnson\Lonnie Johnson-Low Down St. Louis Blues.mp3;Legends Of The Blues: Volume 1;Legends Of The Blues- Volume 1
C:\Music\Loreena McKennit\Loreena McKennitt-The Mummers' Dance.mp3;The Book Of Secrets;The Book Of Secrets
C:\Music\Los Lobos\Los Lobos-La Bamba.mp3;La Bamba;La Bamba
C:\Music\Lou Ann Barton\Lou Ann Barton-Shake Your Hips.mp3;Whole Lotta...Blues - Legends Of Texas Blues;Whole Lotta...Blues - Legends Of Texas Blues
C:\Music\Louis Armstrong\Louis Armstrong - St. Louis Blues.mp3;The Great Tomato Blues Package;The Great Tomato Blues Package
C:\Music\Louisiana Red\Louisiana Red - (I'm A) King Bee.mp3;The Rising Sun Collection Vol. 11;The Rising Sun Collection Vol. 11
C:\Music\Louisiana Red\Louisiana Red - Sweet Blood Call.mp3;The Great Tomato Blues Package;The Great Tomato Blues Package
C:\Music\Louisiana Red\Louisiana Red - Sweet Home Chicago.mp3;The Rising Sun Collection Vol. 11;The Rising Sun Collection Vol. 11
C:\Music\Louisiana Red\Louisiana Red - Sweet Little Angel.mp3;The Rising Sun Collection Vol. 11;The Rising Sun Collection Vol. 11
C:\Music\Louisiana Red\Louisiana Red-Lightnin' Bug.mp3;Still Got The Blues, Vol:4;Still Got The Blues, Vol-4
C:\Music\Lowell Fulson\Lowell Fulson - Black Nights.mp3;Best Of The Blues, Vol. 1;Best Of The Blues, Vol. 1
C:\Music\Lowell Fulson\Lowell Fulson - Everyday I Have The Blues.mp3;Its All About the Blues;Its All About the Blues
C:\Music\Lucky Peterson\Lucky Peterson-Under My Thumb.mp3;Paint It Blue: Songs Of The Rolling Stones;Paint It Blue- Songs Of The Rolling Stones
C:\Music\Luther Allison\Luther Allison-You Can't Always Get What You Want.mp3;Paint It Blue: Songs Of The Rolling Stones;Paint It Blue- Songs Of The Rolling Stones
C:\Music\Madonna\Madonna - Die Another Day.mp3;Celebration;Celebration
C:\Music\Madonna\Madonna - La Isla Bonita.mp3;True Blue;True Blue
C:\Music\Madonna\Madonna-Like a Prayer.mp3;Like a Prayer;Like a Prayer
C:\Music\Mae Moore\Mae Moore-Charlie Picked His Apple.mp3;Oh My!;Oh My!
C:\Music\Mae Moore\Mae Moore-Compass.mp3;Oh My!;Oh My!
C:\Music\Mae Moore\Mae Moore-Don't Miss My Misery.mp3;Oh My!;Oh My!
C:\Music\Mae Moore\Mae Moore-Here and Gone.mp3;Oh My!;Oh My!
C:\Music\Mae Moore\Mae Moore-Hold On.mp3;Oh My!;Oh My!
C:\Music\Mae Moore\Mae Moore-In Your Arms Again.mp3;Oh My!;Oh My!
C:\Music\Mae Moore\Mae Moore-Little Wing.mp3;Oh My!;Oh My!
C:\Music\Mae Moore\Mae Moore-Oh My.mp3;Oh My!;Oh My!
C:\Music\Mae Moore\Mae Moore-Stepping Through Fire.mp3;Oh My!;Oh My!
C:\Music\Mae Moore\Mae Moore-Tell Me.mp3;Oh My!;Oh My!
C:\Music\Mae Moore\Mae Moore-Troubled Ways.mp3;Oh My!;Oh My!
C:\Music\Maggie Reilly\Maggie Reilly-Every Single Heartbeat.mp3;Midnight Sun;Midnight Sun
C:\Music\Maggie Reilly\Maggie Reilly-Everytime We Touch.mp3;Echoes;Echoes
C:\Music\Magic Sam\Magic Sam - Gangster Blues.mp3;The Blues For The Road;The Blues For The Road
C:\Music\Magic Sam\Magic Sam-Barbecue Blues.mp3;The Blues As It Was;The Blues As It Was
C:\Music\Marc Cohn\Marc Cohn-Walking in Memphis.mp3;Marc Cohn;Marc Cohn
C:\Music\Marcia Ball\Marcia Ball-Don't You Know I Love You.mp3;Louisiana Scrapbook;Louisiana Scrapbook
C:\Music\Maria Muldaur\Maria Muldaur-A Woman Alone With The Blues.mp3;A Woman Alone With The Blues;A Woman Alone With The Blues
C:\Music\Maria Muldaur\Maria Muldaur-Ain't What You Used To Have.mp3;Sweet Lovin' Ol' Soul;Sweet Lovin' Ol' Soul
C:\Music\Maria Muldaur\Maria Muldaur-Black Coffee.mp3;A Woman Alone With The Blues;A Woman Alone With The Blues
C:\Music\Maria Muldaur\Maria Muldaur-Crazy Cryin' Blues.mp3;Sweet Lovin' Ol' Soul: Old Highway 61 Revisited;Sweet Lovin' Ol' Soul- Old Highway 61 Revisited
C:\Music\Maria Muldaur\Maria Muldaur-Decent Woman Blues.mp3;Sweet Lovin' Ol' Soul;Sweet Lovin' Ol' Soul
C:\Music\Maria Muldaur\Maria Muldaur-Everything Is Moving Too Fast.mp3;A Woman Alone With The Blues;A Woman Alone With The Blues
C:\Music\Maria Muldaur\Maria Muldaur-Fever.mp3;A Woman Alone With The Blues;A Woman Alone With The Blues
C:\Music\Maria Muldaur\Maria Muldaur-For Every Man There's A Woman.mp3;A Woman Alone With The Blues;A Woman Alone With The Blues
C:\Music\Maria Muldaur\Maria Muldaur-I Am Sailin'.mp3;Sweet Lovin' Ol' Soul: Old Highway 61 Revisited;Sweet Lovin' Ol' Soul- Old Highway 61 Revisited
C:\Music\Maria Muldaur\Maria Muldaur-I Don't Know Enough About You.mp3;A Woman Alone With The Blues;A Woman Alone With The Blues
C:\Music\Maria Muldaur\Maria Muldaur-I'm Goin' Back.mp3;Sweet Lovin' Ol' Soul;Sweet Lovin' Ol' Soul
C:\Music\Maria Muldaur\Maria Muldaur-I'm Gonna Go Fishin'.mp3;A Woman Alone With The Blues;A Woman Alone With The Blues
C:\Music\Maria Muldaur\Maria Muldaur-Long as I Can See You Smile.mp3;Sweet Lovin' Ol' Soul: Old Highway 61 Revisited;Sweet Lovin' Ol' Soul- Old Highway 61 Revisited
C:\Music\Maria Muldaur\Maria Muldaur-Lookin' the World Over.mp3;Sweet Lovin' Ol' Soul: Old Highway 61 Revisited;Sweet Lovin' Ol' Soul- Old Highway 61 Revisited
C:\Music\Maria Muldaur\Maria Muldaur-Midnight At The Oasis (I'm A Woman).mp3;I'm A Woman;I'm A Woman
C:\Music\Maria Muldaur\Maria Muldaur-Moments Like This.mp3;A Woman Alone With The Blues;A Woman Alone With The Blues
C:\Music\Maria Muldaur\Maria Muldaur-Separation Blues (With Bonnie Raitt).mp3;Naughty Bawdy & Blue;Naughty Bawdy & Blue
C:\Music\Maria Muldaur\Maria Muldaur-Some Cats Know.mp3;A Woman Alone With The Blues;A Woman Alone With The Blues
C:\Music\Maria Muldaur\Maria Muldaur-Sweet Lovin' Ol' Soul.mp3;Sweet Lovin' Ol' Soul;Sweet Lovin' Ol' Soul
C:\Music\Maria Muldaur\Maria Muldaur-Take A Stand.mp3;Sweet Lovin' Ol' Soul;Sweet Lovin' Ol' Soul
C:\Music\Maria Muldaur\Maria Muldaur-The Freedom Train.mp3;A Woman Alone With The Blues;A Woman Alone With The Blues
C:\Music\Maria Muldaur\Maria Muldaur-Tricks Ain't Walkin'.mp3;Sweet Lovin' Ol' Soul: Old Highway 61 Revisited;Sweet Lovin' Ol' Soul- Old Highway 61 Revisited
C:\Music\Maria Muldaur\Maria Muldaur-Waitin' For The Train To Come In.mp3;A Woman Alone With The Blues;A Woman Alone With The Blues
C:\Music\Maria Muldaur\Maria Muldaur-Winter Weather.mp3;A Woman Alone With The Blues;A Woman Alone With The Blues
C:\Music\Marion Raven\Marion Raven-It's All Coming Back to Me Now.wma;Bat out of Hell III: The Monster Is Loose;Bat out of Hell III- The Monster Is Loose
C:\Music\Mark Chestnutt\Mark Chesnutt-Goin' Through The Big D.mp3;What A Way To Live;What A Way To Live
C:\Music\Martha & The Vandellas\Martha & the Vandellas-Nowhere to Run.mp3;Good Morning Vietnam;Good Morning Vietnam
C:\Music\Martina McBride\MARTINA MCBRIDE-INDEPENDENCE DAY.MP3;The Way That I Am;The Way That I Am
C:\Music\Marty Stuart\Marty Stuart & Travis Tritt-Double Trouble.mp3;Restless Kind;Restless Kind
C:\Music\Marty Stuart\Marty Stuart-Burn Me Down.mp3;The Marty Party Hit Pack;The Marty Party Hit Pack
C:\Music\Marty Stuart\Marty Stuart-Cry Cry Cry.mp3;Hillbilly Rock;Hillbilly Rock
C:\Music\Marty Stuart\Marty Stuart-Doin' My Time.mp3;This One's Gonna Hurt You;This One's Gonna Hurt You
C:\Music\Marty Stuart\Marty Stuart-Hey Baby.mp3;This One's Gonna Hurt You;This One's Gonna Hurt You
C:\Music\Marty Stuart\Marty Stuart-High on a Mountain Top.mp3;This One's Gonna Hurt You;This One's Gonna Hurt You
C:\Music\Marty Stuart\Marty Stuart-Honkey Tonk Crowd.mp3;This One's Gonna Hurt You;This One's Gonna Hurt You
C:\Music\Marty Stuart\Marty Stuart-Honky Tonkin's What I Do Best (Duet With Travis Tritt).mp3;Honky Tonkin's What I Do Best;Honky Tonkin's What I Do Best
C:\Music\Marty Stuart\Marty Stuart-Me & Hank & Jumpin' Jack Flash.mp3;This One's Gonna Hurt You;This One's Gonna Hurt You
C:\Music\Marty Stuart\Marty Stuart-Tempted.mp3;The Marty Party Hit Pack;The Marty Party Hit Pack
C:\Music\Mary Chapin Carpenter\Mary Chapin Carpenter-Down At The Twist And Shout.mp3;Shooting Straight In The Dark;Shooting Straight In The Dark
C:\Music\Matchbox Twenty\Matchbox 20-Breakfast at Tiffany's.mp3;Home;Home
C:\Music\Matchbox Twenty\Matchbox 20-Hows It gonna be.mp3;A Collection;A Collection
C:\Music\Matchbox Twenty\Matchbox 20-Mad Season.MP3;Mad Season;Mad Season
C:\Music\Matchbox Twenty\Matchbox 20-Push.mp3;Yourself Or Someone Like You;Yourself Or Someone Like You
C:\Music\Matchbox Twenty\Matchbox 20-Shame.mp3;Yourself Or Someone Like You;Yourself Or Someone Like You
C:\Music\Matchbox Twenty\Matchbox 20-Unwell.mp3;More Than You Think You Are;More Than You Think You Are
C:\Music\Max Webster\Max Webster-Diamonds Diamonds.mp3;20th Century Masters;20th Century Masters
C:\Music\Max Webster\Max Webster-paradise skies.mp3;A Million Vacations;A Million Vacations
C:\Music\Melissa Etheridge\Melissa Etheridge-Bring Me Some Water.mp3;Melissa Etheridge;Melissa Etheridge
C:\Music\Memphis Minnie\Memphis Minnie McCoy-Weary Woman Blues.mp3;Best Of The Blues, Vol. 2;Best Of The Blues, Vol. 2
C:\Music\Memphis Minnie\Memphis Minnie-Me And My Chauffeur Blues.mp3;Nothin' But The Blues;Nothin' But The Blues
C:\Music\Memphis Minnie\Memphis Minnie-Nothin' In Ramblin'.mp3;Legends Of The Blues: Volume 1;Legends Of The Blues- Volume 1
C:\Music\Memphis Slim\Memphis Slim & Buddy Guy - When Buddy Comes To Town.mp3;Best Of Blues;Best Of Blues
C:\Music\Memphis Slim\Memphis Slim & Roosevelt Sykes - Mr. Sykes Blues.mp3;Best Of Blues;Best Of Blues
C:\Music\Memphis Slim\Memphis Slim - Cow Cow Blues.mp3;Every Day I Have The Blues;Every Day I Have The Blues
C:\Music\Memphis Slim\Memphis Slim - Going Back To Tennessee.mp3;Best Of Blues;Best Of Blues
C:\Music\Memphis Slim\Memphis Slim - How Long Blues.mp3;Its All About the Blues;Its All About the Blues
C:\Music\Memphis Slim\Memphis Slim - Lonesome In My Bedroom.mp3;The Blues For The Road;The Blues For The Road
C:\Music\Memphis Slim\Memphis Slim - Three Women Blues.mp3;Its All About the Blues;Its All About the Blues
C:\Music\Memphis Slim\Memphis Slim Cannned Heat - When I Was Young.mp3;Best Of Blues;Best Of Blues
C:\Music\Memphis Slim\Memphis Slim-Born With The Blues.mp3;The Blues As It Was;The Blues As It Was
C:\Music\Memphis Slim\Memphis Slim-Rockin' Chair Blues.mp3;Every Day I Have The Blues;Every Day I Have The Blues
C:\Music\Men At Work\Men At Work-Down Under.mp3;Men At Work: Super Hits;Men At Work- Super Hits
C:\Music\Men At Work\Men At Work-Who Can It Be Now.mp3;Greatest Hits Volume II;Greatest Hits Volume II
C:\Music\Michelle Wright\Michelle Wright-He Would Be Sixteen.mp3;Greatest Hits;Greatest Hits
C:\Music\Mickey Baker\Mickey Baker - Midnight Midnight.mp3;Atlantic Blues Guitar;Atlantic Blues Guitar
C:\Music\Mickey Baker\Mickey Baker - Sun Is Going Down.mp3;Best Of Blues;Best Of Blues
C:\Music\Mickey Baker\Mickey Baker - Sweet Home Chicago.mp3;Best Of Blues;Best Of Blues
C:\Music\Midnight Oil\Midnight Oil-Beds Are Burning.mp3;Diesel And Dust;Diesel And Dust
C:\Music\Midnight Oil\Midnight Oil-Blue Sky Mine.mp3;Blue Sky Mining;Blue Sky Mining
C:\Music\Mike Bloomfield\Mike Bloomfield-Memphis Radio Blues.mp3;American Roots Songbook - The Blues;American Roots Songbook - The Blues
C:\Music\Mike Oldfield\Mike Oldfield - Crimes of Passion.mp3;Discovery;Discovery
C:\Music\Mike Oldfield\Mike Oldfield - Crystal Gazing.mp3;Discovery;Discovery
C:\Music\Mike Oldfield\Mike Oldfield - Poison Arrows.mp3;Discovery;Discovery
C:\Music\Mike Oldfield\Mike Oldfield - Talk About Your Life.mp3;Discovery;Discovery
C:\Music\Mike Oldfield\Mike Oldfield - To France.mp3;Discovery;Discovery
C:\Music\Mike Oldfield\Mike Oldfield - Tricks of The Light.mp3;Discovery;Discovery
C:\Music\Mike Oldfield\Mike Oldfield - Tubular Bells (Part One).mp3;Tubular Bells;Tubular Bells
C:\Music\Mike Oldfield\Mike Oldfield - Tubular Bells (Part Two).mp3;Tubular Bells;Tubular Bells
C:\Music\Mike Oldfield\Mike Oldfield-Crises.mp3;Crises;Crises
C:\Music\Mike Oldfield\Mike Oldfield-Family Man.mp3;Five Miles Out;Five Miles Out
C:\Music\Mike Oldfield\Mike Oldfield-Five Miles Out.mp3;Five Miles Out;Five Miles Out
C:\Music\Mike Oldfield\Mike Oldfield-Flying Start.mp3;Islands;Islands
C:\Music\Mike Oldfield\Mike Oldfield-Foreign Affair.mp3;Crises;Crises
C:\Music\Mike Oldfield\Mike Oldfield-Islands.mp3;islands;islands
C:\Music\Mike Oldfield\Mike Oldfield-Magic Touch.mp3;Islands;Islands
C:\Music\Mike Oldfield\Mike Oldfield-Man In The Rain.mp3;Tubular Bells III;Tubular Bells III
C:\Music\Mike Oldfield\Mike Oldfield-Moonlight Shadow.mp3;Crises;Crises
C:\Music\Mike Oldfield\Mike Oldfield-Mount Teidi.mp3;Five Miles Out;Five Miles Out
C:\Music\Mike Oldfield\Mike Oldfield-North Point.mp3;Islands;Islands
C:\Music\Mike Oldfield\Mike Oldfield-Orabidoo.mp3;Five Miles Out;Five Miles Out
C:\Music\Mike Oldfield\Mike Oldfield-Taurus 3.mp3;Crises;Crises
C:\Music\Mike Oldfield\Mike Oldfield-Taurus II.mp3;Five Miles Out;Five Miles Out
C:\Music\Mike Oldfield\Mike Oldfield-The Time Has Come.mp3;Islands;Islands
C:\Music\Mike Oldfield\Mike Oldfield-The Wind Chimes Part One.mp3;Islands;Islands
C:\Music\Mike Oldfield\Mike Oldfield-The Wind Chimes Part Two.mp3;Islands;Islands
C:\Music\Mike and the Mechanics\Mike and the Mechanics-All I Need is a Miracle.mp3;Top Hits of the 80s: Biggest Hits;Top Hits of the 80s- Biggest Hits
C:\Music\Mississppi Fred McDowell\Mississippi Fred McDowell - Shake 'Em Down.mp3;Atlantic Blues Guitar;Atlantic Blues Guitar
C:\Music\Mississppi Fred McDowell\Mississippi Fred McDowell - You Got To Move.mp3;The Great Tomato Blues Package;The Great Tomato Blues Package
C:\Music\Mississppi John Hurt\Mississippi John Hurt-Ain't No Tellin'.mp3;Legends Of The Blues: Volume 1;Legends Of The Blues- Volume 1
C:\Music\Mississppi John Hurt\Mississippi John Hurt-Big Leg Blues.mp3;Nothin' But The Blues;Nothin' But The Blues
C:\Music\Molly Hatchet\Molly Hatchet-Flirtin' With Disaster.mp3;Flirtin' With Disaster;Flirtin' With Disaster
C:\Music\Monkees\The Monkees-I'm A Believer.mp3;The Monkees Greatest Hits;The Monkees Greatest Hits
C:\Music\Monkees\The Monkees-Last Train To Clarksville.mp3;The Monkees Greatest Hits;The Monkees Greatest Hits
C:\Music\Moody Blues\Moody Blues-In Your Wildest Dreams.mp3;The Other Side Of Life;The Other Side Of Life
C:\Music\Moody Blues\The Moody Blues-Knights In White Satin.mp3;Legend of a Band;Legend of a Band
C:\Music\Motley Crue\Motley Crue-GirlsGirlsGirls!.mp3;Decade of Decadence;Decade of Decadence
C:\Music\Motley Crue\Motley Crue-Smokin In The Boys Room.mp3;Decade of Decadence;Decade of Decadence
C:\Music\Mr. Mister\Mister Mister-Broken Wings.mp3;Welcome to the Real World;Welcome to the Real World
C:\Music\Muddy Waters\Muddy Waters - Gypsy Woman.mp3;Every Day I Have The Blues;Every Day I Have The Blues
C:\Music\Muddy Waters\Muddy Waters - Mannish Boy.mp3;The Blues;The Blues
C:\Music\Muddy Waters\Muddy Waters - Outskirts Of Town.mp3;The Blues Collection;The Blues Collection
C:\Music\Muddy Waters\Muddy Waters - Rock Me.mp3;Best Of The Blues, Vol. 1;Best Of The Blues, Vol. 1
C:\Music\Muddy Waters\Muddy Waters - You Gonna Need My Help.mp3;The Blues For The Road;The Blues For The Road
C:\Music\Muddy Waters\Muddy Waters-All Aboard.mp3;Muddy & The Wolf;Muddy & The Wolf
C:\Music\Muddy Waters\Muddy Waters-Blow Wind Blow.mp3;Muddy & The Wolf;Muddy & The Wolf
C:\Music\Muddy Waters\Muddy Waters-Can't Get No Grindin' (What's The Matter With The Mean).mp3;Blues Favorites;Blues Favorites
C:\Music\Muddy Waters\Muddy Waters-Can't Lose What You Ain't Never Had.mp3;Muddy & The Wolf;Muddy & The Wolf
C:\Music\Muddy Waters\Muddy Waters-Diamonds At Your Feet.mp3;The Blues Collection;The Blues Collection
C:\Music\Muddy Waters\Muddy Waters-Funky Butt.mp3;Greatest Blues Legends;Greatest Blues Legends
C:\Music\Muddy Waters\Muddy Waters-Hard Day Blues.mp3;Legends Of The Blues: Volume 1;Legends Of The Blues- Volume 1
C:\Music\Muddy Waters\Muddy Waters-Hard Loser.mp3;Blues Legends;Blues Legends
C:\Music\Muddy Waters\Muddy Waters-I Feel Like Going Home.mp3;Every Day I Have The Blues;Every Day I Have The Blues
C:\Music\Muddy Waters\Muddy Waters-I'm Ready.mp3;Muddy & The Wolf;Muddy & The Wolf
C:\Music\Muddy Waters\Muddy Waters-Kind Hearted Woman.mp3;Every Day I Have The Blues;Every Day I Have The Blues
C:\Music\Muddy Waters\Muddy Waters-Long Distance Call.mp3;Muddy & The Wolf;Muddy & The Wolf
C:\Music\Muddy Waters\Muddy Waters-Mean Red Spider.mp3;Nothin' But The Blues;Nothin' But The Blues
C:\Music\Muddy Waters\Muddy Waters-Rollin' And Tumblin'.mp3;Nothin' But The Blues;Nothin' But The Blues
C:\Music\Muddy Waters\Muddy Waters-Rollin' Stone.mp3;Best Of The Blues, Vol. 2;Best Of The Blues, Vol. 2
C:\Music\Muddy Waters\Muddy Waters-Standing Around Crying.mp3;The Blues As It Was;The Blues As It Was
C:\Music\Muddy Waters\Muddy Waters-Walkin' Thru The Park.mp3;Muddy & The Wolf;Muddy & The Wolf
C:\Music\Muddy Waters\Muddy Waters-You're Gonna Miss Me.mp3;Nothin' But The Blues;Nothin' But The Blues
C:\Music\Mumford & Sons\Mumford & Sons-I Will Wait.mp3;Babel;Babel
C:\Music\Nat King Cole\Nat King Cole - The Christmas Song (Merry Christmas To You).mp3;Now Christmas Traditional;Now Christmas Traditional
C:\Music\Nazareth\Nazareth - Bad Bad Boy.mp3;Greatest Hits;Greatest Hits
C:\Music\Nazareth\Nazareth - Broken Down Angel.mp3;Greatest Hits;Greatest Hits
C:\Music\Nazareth\Nazareth - Hair Of The Dog.mp3;Greatest Hits;Greatest Hits
C:\Music\Nazareth\Nazareth - Holy Roller.mp3;Greatest Hits;Greatest Hits
C:\Music\Nazareth\Nazareth - My White Bicycle.mp3;Greatest Hits;Greatest Hits
C:\Music\Nazareth\Nazareth - Razamanaz.mp3;Greatest Hits;Greatest Hits
C:\Music\Nazareth\Nazareth - Shanghaid 'n' Shanghai.mp3;Greatest Hits;Greatest Hits
C:\Music\Nazareth\Nazareth-Love Hurts.mp3;Hair of the Dog;Hair of the Dog
C:\Music\Nazareth\Nazareth-This Flight Tonight.mp3;Greatest Hits;Greatest Hits
C:\Music\Neil Diamond\Neil Diamond - If You Know What I Mean.mp3;All-Time Greatest Hits;All-Time Greatest Hits
C:\Music\Neil Diamond\Neil Diamond-America.mp3;The Jazz Singer;The Jazz Singer
C:\Music\Neil Diamond\Neil Diamond-Cracklin' Rosie.MP3;His 12 Greatest Hits;His 12 Greatest Hits
C:\Music\Neil Diamond\Neil Diamond-Forever In Blue Jeans.mp3;His Very Best;His Very Best
C:\Music\Neil Diamond\Neil Diamond-Hello Again.mp3;The Jazz Singer;The Jazz Singer
C:\Music\Neil Diamond\Neil Diamond-Kentucky Woman.mp3;Greatest Hits 1966-1992 Disk 1;Greatest Hits 1966-1992 Disk 1
C:\Music\Neil Diamond\Neil Diamond-Song Sung Blue.mp3;The Very Best of Neil Diamond;The Very Best of Neil Diamond
C:\Music\Neil Diamond\Neil Diamond-Sweet Caroline.mp3;His 12 Greatest Hits;His 12 Greatest Hits
C:\Music\Neil Finn\Neil Finn - Fall At Your Feet (acoustic).mp3;live acoustic;live acoustic
C:\Music\Nickelback\Nickelback-Animals.mp3;All The Right Reasons;All The Right Reasons
C:\Music\Nickelback\Nickelback-Far Away.mp3;All The Right Reasons;All The Right Reasons
C:\Music\Nickelback\Nickelback-Fight for All the Wrong Reasons.mp3;All The Right Reasons;All The Right Reasons
C:\Music\Nickelback\Nickelback-Follow You Home.mp3;All The Right Reasons;All The Right Reasons
C:\Music\Nickelback\Nickelback-Gotta Be Somebody.mp3;Dark Horse;Dark Horse
C:\Music\Nickelback\Nickelback-How You Remind Me.mp3;Silver Side Up;Silver Side Up
C:\Music\Nickelback\Nickelback-If Everyone Cared.mp3;All The Right Reasons;All The Right Reasons
C:\Music\Nickelback\Nickelback-Next Contestant.mp3;All The Right Reasons;All The Right Reasons
C:\Music\Nickelback\Nickelback-Photograph.mp3;All The Right Reasons;All The Right Reasons
C:\Music\Nickelback\Nickelback-Rock Star.mp3;All The Right Reasons;All The Right Reasons
C:\Music\Nickelback\Nickelback-Savin' Me.mp3;All The Right Reasons;All The Right Reasons
C:\Music\Nickelback\Nickelback-Side of a Bullet.mp3;All The Right Reasons;All The Right Reasons
C:\Music\Nickelback\Nickelback-Someday.mp3;Someday;Someday
C:\Music\Nickelback\Nickelback-Someone That You're With.mp3;All The Right Reasons;All The Right Reasons
C:\Music\Nickelback\Nickelback-Too Bad.mp3;Silver Side Up;Silver Side Up
C:\Music\Nina Simone\Nina Simone-Cotton-Eyed Joe.mp3;The Blues In The Rain;The Blues In The Rain
C:\Music\Nina Simone\Nina Simone-Forbidden Fruit.mp3;The Blues In The Rain;The Blues In The Rain
C:\Music\Nina Simone\Nina Simone-Gin House Blues.mp3;The Blues In The Rain;The Blues In The Rain
C:\Music\Nitty Gritty Dirt Band\Nitty Gritty Dirt Band-Fishin in the Dark.mp3;More Great Dirt;More Great Dirt
C:\Music\Norman Greenbaum\Norman Greenbaum-Spirit In the Sky.mp3;Wayne's World 2 Soundtrack;Wayne's World 2 Soundtrack
C:\Music\Northern Pikes\The Northern Pikes-She Ain't Pretty.mp3;Snow In June;Snow In June
C:\Music\Oasis\Oasis-The Shock of the Lightning.mp3;Dig Out Your Soul;Dig Out Your Soul
C:\Music\One To One\One To One-Hold Me Now.mp3;Forward Your Emotions;Forward Your Emotions
C:\Music\Opus\Opus-Live Is Life.mp3;Millennium Edition;Millennium Edition
C:\Music\Otis Clay\Otis Clay-Wild Horses.mp3;Paint It Blue: Songs Of The Rolling Stones;Paint It Blue- Songs Of The Rolling Stones
C:\Music\Otis Redding\Otis Redding - Sittin' On The Dock of The Bay.mp3;The Very Best Of;The Very Best Of
C:\Music\Otis Span\Otis Span - Worried Life Blues.mp3;Every Day I Have The Blues;Every Day I Have The Blues
C:\Music\Otis Span\Otis Span-This Is The Blues.mp3;Every Day I Have The Blues;Every Day I Have The Blues
C:\Music\Otis Span\Otis Spann - Worried Life Blues.mp3;The Blues For The Road;The Blues For The Road
C:\Music\Otis Span\Otis Spann-My Home Is In The Delta.mp3;The Blues As It Was;The Blues As It Was
C:\Music\Otis Taylor\Otis Taylor-Stone Pony.mp3;American Roots Songbook - The Blues;American Roots Songbook - The Blues
C:\Music\Pam Tillis\Pam Tillis-All of This Love.mp3;All of This Love;All of This Love
C:\Music\Pam Tillis\Pam Tillis-Betty's Got a Bass Boat.mp3;All of This Love;All of This Love
C:\Music\Pam Tillis\Pam Tillis-Cleopatra, Queen of Denial.mp3;Homeward Looking Angel;Homeward Looking Angel
C:\Music\Pam Tillis\Pam Tillis-Deep Down.mp3;All of This Love;All of This Love
C:\Music\Pam Tillis\Pam Tillis-Don't Tell Me What To Do.mp3;Greatest Hits;Greatest Hits
C:\Music\Pam Tillis\Pam Tillis-Land of the Living.mp3;Homeward Looking Angel;Homeward Looking Angel
C:\Music\Pam Tillis\Pam Tillis-Maybe It Was Memphis.mp3;Greatest Hits;Greatest Hits
C:\Music\Pam Tillis\Pam Tillis-Shake The Sugar Tree.mp3;Homeward Looking Angel;Homeward Looking Angel
C:\Music\Pam Tillis\Pam Tillis-Sunset Red and Pale Moonlight.mp3;All of This Love;All of This Love
C:\Music\Pam Tillis\Pam Tillis-Thunder and Roses.mp3;Thunder & Roses;Thunder & Roses
C:\Music\Pam Tillis\Pam Tillis-When You Walk In The Room.mp3;Greatest Hits;Greatest Hits
C:\Music\Paper Lace\Paper Lace-Billy Don't Be a Hero.mp3;Billy Don’t Be a Hero;Billy Don’t Be a Hero
C:\Music\Pat Benetar\Pat Benatar-Hit Me With Your Best Shot.mp3;Live from Earth;Live from Earth
C:\Music\Pat Benetar\Pat Benatar-Love Is A Battlefield.mp3;Live from Earth;Live from Earth
C:\Music\Pat Benetar\Pat Benatar-We belong.mp3;16 Classic Performances;16 Classic Performances
C:\Music\Patty Loveless\Patty Loveless - I'm That Kinda Girl.mp3;Greatest Hits;Greatest Hits
C:\Music\Patty Loveless\Patty Loveless-Chains.mp3;Greatest Hits;Greatest Hits
C:\Music\Patty Loveless\Patty Loveless-Halfway Down.mp3;When Fallen Angels Fly;When Fallen Angels Fly
C:\Music\Patty Loveless\Patty Loveless-Here I Am.mp3;When Fallen Angels Fly;When Fallen Angels Fly
C:\Music\Patty Loveless\Patty Loveless-I Try To Think About Elvis.mp3;When Fallen Angels Fly;When Fallen Angels Fly
C:\Music\Patty Loveless\Patty Loveless-Lonely Too Long.mp3;The Trouble With The Truth;The Trouble With The Truth
C:\Music\Patty Loveless\Patty Loveless-She Drew A Broken Heart.mp3;The Trouble With The Truth;The Trouble With The Truth
C:\Music\Patty Loveless\Patty Loveless-Tear Stained Letter.mp3;The Trouble With The Truth;The Trouble With The Truth
C:\Music\Patty Loveless\Patty Loveless-You Can Feel Bad.mp3;The Trouble With The Truth;The Trouble With The Truth
C:\Music\Patty Loveless\Patty Loveless-You Don't Even Know Who I Am.mp3;When Fallen Angels Fly;When Fallen Angels Fly
C:\Music\Paul DeLay Band\Paul DeLay Band-Mine All Mine.mp3;The Story of the Blues;The Story of the Blues
C:\Music\Paul Lamb\Paul Lamb-Late One Evening.mp3;Still Got The Blues, Vol:4;Still Got The Blues, Vol-4
C:\Music\Paul Orta\Paul Orta-Babe.mp3;Still Got The Blues, Vol:4;Still Got The Blues, Vol-4
C:\Music\Paul Revere & The Raiders\Paul Revere & The Raiders - Cherokee People.mp3;Kicks;Kicks
C:\Music\Paul Revere & The Raiders\Paul Revere & The Raiders - Kicks.mp3;Kicks;Kicks
C:\Music\Paul Rodgers\Paul Rodgers - Born Under A Bad Sign.mp3;Muddy Water Blues;Muddy Water Blues
C:\Music\Paul Rodgers\Paul Rodgers - Good Morning Little School Girl (Part 1).mp3;Muddy Water Blues;Muddy Water Blues
C:\Music\Paul Rodgers\Paul Rodgers - Good Morning Little School Girl (Part 2).mp3;Muddy Water Blues;Muddy Water Blues
C:\Music\Paul Rodgers\Paul Rodgers - I Can't Be Satisfied.mp3;Muddy Water Blues;Muddy Water Blues
C:\Music\Paul Rodgers\Paul Rodgers - I Just Want To Make Love To You.mp3;Muddy Water Blues;Muddy Water Blues
C:\Music\Paul Rodgers\Paul Rodgers - I'm Ready.mp3;Muddy Water Blues;Muddy Water Blues
C:\Music\Paul Rodgers\Paul Rodgers - I'm Your Hoochie Coochie Man.mp3;Muddy Water Blues;Muddy Water Blues
C:\Music\Paul Rodgers\Paul Rodgers - Louisiana Blues.mp3;Muddy Water Blues;Muddy Water Blues
C:\Music\Paul Rodgers\Paul Rodgers - Muddy Water Blues (Electric Version).mp3;Muddy Water Blues;Muddy Water Blues
C:\Music\Paul Rodgers\Paul Rodgers - Muddy Water Blues [Acoustic].mp3;Muddy Water Blues;Muddy Water Blues
C:\Music\Paul Rodgers\Paul Rodgers - Rollin' Stone.mp3;Muddy Water Blues;Muddy Water Blues
C:\Music\Paul Rodgers\Paul Rodgers - She Moves Me.mp3;Muddy Water Blues;Muddy Water Blues
C:\Music\Paul Rodgers\Paul Rodgers - She's Alright.mp3;Muddy Water Blues;Muddy Water Blues
C:\Music\Paul Rodgers\Paul Rodgers - Standing Around Crying.mp3;Muddy Water Blues;Muddy Water Blues
C:\Music\Paul Rodgers\Paul Rodgers - The Hunter.mp3;Muddy Water Blues;Muddy Water Blues
C:\Music\Paul Simon & George Harrison\Paul Simon and George Harrison - Here Comes the Sun.mp3;Saturday Night Live;Saturday Night Live
C:\Music\Pearl Bailey\Pearl Bailey-St. Louis Blues.mp3;Ladies Sing The Blues;Ladies Sing The Blues
C:\Music\Pee Wee Crayton\Pee Wee Crayton - Blues After Hours.mp3;Blues Collection [Disc 1];Blues Collection [Disc 1]
C:\Music\Pee Wee Crayton\Pee Wee Crayton-Need Your Love So Bad.mp3;The Blues Collection;The Blues Collection
C:\Music\Peetie Wheatstraw\Peetie Wheatstraw-Sweet Home Blues.mp3;Legends Of The Blues: Volume 1;Legends Of The Blues- Volume 1
C:\Music\Peg Leg Sam\Peg Leg Sam - Joshua Fit The Battle Of Jericho.mp3;The Great Tomato Blues Package;The Great Tomato Blues Package
C:\Music\Peggy Lee\Peggy Lee - The Christmas Waltz.mp3;Now Christmas Traditional;Now Christmas Traditional
C:\Music\Peppermint Harris\Peppermint Harris-I Got Loaded.mp3;Whole Lotta...Blues - Legends Of Texas Blues;Whole Lotta...Blues - Legends Of Texas Blues
C:\Music\Percy Sledge\Percy Sledge - When A Man Needs A Woman.mp3;The Great Tomato Blues Package;The Great Tomato Blues Package
C:\Music\Peter Frampton\Peter Frampton-Do You Feel Like I Do-.mp3;Frampton Comes Alive!;Frampton Comes Alive!
C:\Music\Peter Frampton\Peter Frampton-Show Me The Way.mp3;Greatest Hits;Greatest Hits
C:\Music\Phillip Walker\Phillip Walker-Wondering.mp3;Louisiana Scrapbook;Louisiana Scrapbook
C:\Music\Pinetop Perkins\Pinetop Perkins-Hoochie Coochie Man.mp3;American Roots Songbook - The Blues;American Roots Songbook - The Blues
C:\Music\Pink\Pink-Just Give Me a Reason.mp3;The Truth About Love;The Truth About Love
C:\Music\Pink\Pink-Trouble.mp3;Trouble;Trouble
C:\Music\Poison\Poison-EVERY ROSE HAS ITS THORN.MP3;Open Up and Say...Ahh!;Open Up and Say...Ahh!
C:\Music\Poison\Poison-Once Bitten twice shy.mp3;Greatest Hits;Greatest Hits
C:\Music\Prairie Oyster\Prairie Oyster-Ancient History.mp3;Only One Moon;Only One Moon
C:\Music\Prairie Oyster\Prairie Oyster-Don't Cry Little Angel.mp3;Only One Moon;Only One Moon
C:\Music\Prairie Oyster\Prairie Oyster-Louisiette.mp3;Only One Moon;Only One Moon
C:\Music\Prairie Oyster\Prairie Oyster-One Way Track.mp3;Blue Plate Special;Blue Plate Special
C:\Music\Prairie Oyster\Prairie Oyster-Only One Moon.mp3;Only One Moon;Only One Moon
C:\Music\Prairie Oyster\Prairie Oyster-She Won't Be Lonely Long.mp3;Blue Plate Special;Blue Plate Special
C:\Music\Prince\Prince-Little Red Corvette.mp3;The Hits 2;The Hits 2
C:\Music\Prince\Prince-Raspberry Beret.mp3;The Hits 2;The Hits 2
C:\Music\Procol Harum\Procol Harum-Conquistador.mp3;The Best Of Procul Harum;The Best Of Procul Harum
C:\Music\Professor Longhair\Professor Longhair - How Long Has That Train Been Gone.mp3;Best Of Blues;Best Of Blues
C:\Music\Professor Longhair\Professor Longhair - They Call Me Doctor Professor Longhair.mp3;Best Of Blues;Best Of Blues
C:\Music\Queen\Queen-Bohemian Rhapsody.mp3;A Night At The Opera;A Night At The Opera
C:\Music\Quiet Riot\Quiet Riot-Cum On Feel The Noise.mp3;Best Of The 80's;Best Of The 80's
C:\Music\Quiet Riot\Quiet Riot-Girls Rock your Boys.mp3;Monsters of Rock;Monsters of Rock
C:\Music\REO Speedwagon\REO Speedwagon-I Can't Fight This Feeling Anymore.mp3;Wheels Are Turnin';Wheels Are Turnin'
C:\Music\Randy Travis\Randy Travis-Amazing Grace.mp3;Inspirational Journey;Inspirational Journey
C:\Music\Randy Travis\Randy Travis-Before You Kill Us All.mp3;This Is Me;This Is Me
C:\Music\Randy Travis\Randy Travis-Forever And Ever, Amen.mp3;Always & Forever;Always & Forever
C:\Music\Randy Travis\Randy Travis-Good Intentions.mp3;Forever & Ever;Forever & Ever
C:\Music\Randy Travis\Randy Travis-Honky Tonk Side Of Town.mp3;This Is Me;This Is Me
C:\Music\Randy Travis\Randy Travis-Runaway Train.mp3;This Is Me;This Is Me
C:\Music\Randy Travis\Randy Travis-The Box.mp3;This Is Me;This Is Me
C:\Music\Randy Travis\Randy Travis-Whisper My Name.mp3;This Is Me;This Is Me
C:\Music\Ray Charles\Ray Charles-Blues Is My Middle Name.mp3;The Blues Collection;The Blues Collection
C:\Music\Ray Charles\Ray Charles-C C Rider.mp3;The Blues As It Was;The Blues As It Was
C:\Music\Ray Charles\Ray Charles-Hey Now.mp3;The Blues Collection;The Blues Collection
C:\Music\Ray Charles\Ray Charles-I Wonder Who's Kissing Her Now.mp3;The Blues Collection;The Blues Collection
C:\Music\Ray Charles\Ray Charles-I'm Wonderin' And Wonderin'.mp3;The Blues Collection;The Blues Collection
C:\Music\Ray Charles\Ray Charles-Sentimental Blues.mp3;Travelin' Blues;Travelin' Blues
C:\Music\Red Hot Chili Peppers\Red Hot Chili Peppers - The Zepher Song.mp3;By the Way;By the Way
C:\Music\Red Hot Chili Peppers\Red Hot Chili Peppers-Californication.mp3;Greatest Hits;Greatest Hits
C:\Music\Red Hot Chili Peppers\Red Hot Chili Peppers-Otherside.mp3;Californication;Californication
C:\Music\Red Rider\Red Rider-Boy Inside The Man.mp3;The Symphony Sessions;The Symphony Sessions
C:\Music\Red Rider\Red Rider-Lunatic Fringe.mp3;As Far as Siam;As Far as Siam
C:\Music\Restless Heart\Restless Heart-When She Cries.mp3;Country Hearts;Country Hearts
C:\Music\Reverend Gary Davis\Reverend Gary Davis-Cross And Evil Woman Blues.mp3;American Roots Songbook - The Blues;American Roots Songbook - The Blues
C:\Music\Richard Berry\Richard Berry-Round About Midnight.mp3;The Blues Collection;The Blues Collection
C:\Music\Richard Groove Holmes\Richard Groove Holmes - Groovin' Groove.mp3;Blues In The Night;Blues In The Night
C:\Music\Richard Groove Holmes\Richard Groove Holmes - Here's The Rainy Day.mp3;Blues In The Night;Blues In The Night
C:\Music\Rick Fines\Rick Fines - 2000 Miles Back Home.mp3;Out Of The Living Room;Out Of The Living Room
C:\Music\Rick Fines\Rick Fines - Back In The Backwoods.mp3;Out Of The Living Room;Out Of The Living Room
C:\Music\Rick Fines\Rick Fines - Careful What You Want.mp3;Out Of The Living Room;Out Of The Living Room
C:\Music\Rick Fines\Rick Fines - Coffee, One Cream.mp3;Out Of The Living Room;Out Of The Living Room
C:\Music\Rick Fines\Rick Fines - My Baby Knows.mp3;Out Of The Living Room;Out Of The Living Room
C:\Music\Rick Fines\Rick Fines - No Expectations.mp3;Out Of The Living Room;Out Of The Living Room
C:\Music\Rick Fines\Rick Fines - Out Of The Living Room.mp3;Out Of The Living Room;Out Of The Living Room
C:\Music\Rick Fines\Rick Fines - Proud Papa.mp3;Out Of The Living Room;Out Of The Living Room
C:\Music\Rick Fines\Rick Fines - Richland Women Blues.mp3;Out Of The Living Room;Out Of The Living Room
C:\Music\Rick Fines\Rick Fines - Same Boat.mp3;Out Of The Living Room;Out Of The Living Room
C:\Music\Rick Fines\Rick Fines - That's How I Feel.mp3;Out Of The Living Room;Out Of The Living Room
C:\Music\Rick Fines\Rick Fines - Where Birds Sing.mp3;Out Of The Living Room;Out Of The Living Room
C:\Music\Rick Springfield\Rick Springfield-Human Touch.mp3;We Are the '80s;We Are the '80s
C:\Music\Ricky Martin\Ricky Martin-She Bangs.mp3;Sound Loaded;Sound Loaded
C:\Music\Ricky Martin\Ricky Martin-The Cup of life.mp3;The Cup of Life;The Cup of Life
C:\Music\Ricky Nelson\Rick Nelson-Hello Mary Lou.mp3;The Best Of Rick Nelson;The Best Of Rick Nelson
C:\Music\Robbie Neville\Robbie Neville-Dominoes.mp3;Wot's It to Ya: The Best of Robbie Nevil;Wot's It to Ya- The Best of Robbie Nevil
C:\Music\Robert Cray\Robert Cray - Too Many Cooks.mp3;The Great Tomato Blues Package;The Great Tomato Blues Package
C:\Music\Robert Cray\Robert Cray-Fantasized.mp3;Strong Persuader;Strong Persuader
C:\Music\Robert Cray\Robert Cray-Foul Play.mp3;Strong Persuader;Strong Persuader
C:\Music\Robert Cray\Robert Cray-I Guess I Showed Her.mp3;Strong Persuader;Strong Persuader
C:\Music\Robert Cray\Robert Cray-I Wonder.mp3;Strong Persuader;Strong Persuader
C:\Music\Robert Cray\Robert Cray-More Than I Can Stand.mp3;Strong Persuader;Strong Persuader
C:\Music\Robert Cray\Robert Cray-New Blood.mp3;Strong Persuader;Strong Persuader
C:\Music\Robert Cray\Robert Cray-Nothin' But A Woman.mp3;Strong Persuader;Strong Persuader
C:\Music\Robert Cray\Robert Cray-Right Next Door (Because Of Me).mp3;Strong Persuader;Strong Persuader
C:\Music\Robert Cray\Robert Cray-Smoking Gun.mp3;Strong Persuader;Strong Persuader
C:\Music\Robert Cray\Robert Cray-Still Around.mp3;Strong Persuader;Strong Persuader
C:\Music\Robert Johnson\Robert Johnson - Kindhearted Woman Blues.mp3;Every Day I Have The Blues;Every Day I Have The Blues
C:\Music\Robert Johnson\Robert Johnson - Sweet Home Chicago.mp3;The Blues;The Blues
C:\Music\Robert Johnson\Robert Johnson-Cross Road Blues.mp3;Every Day I Have The Blues;Every Day I Have The Blues
C:\Music\Robert Johnson\Robert Johnson-Hellhound On My Trail.mp3;Every Day I Have The Blues;Every Day I Have The Blues
C:\Music\Robert Johnson\Robert Johnson-Stop Breakin' Down Blues.mp3;Legends Of The Blues: Volume 1;Legends Of The Blues- Volume 1
C:\Music\Robert Nighthawk\Robert Nighthawk-Anna Lee Blues.mp3;Every Day I Have The Blues;Every Day I Have The Blues
C:\Music\Robert Nighthawk\Robert Nighthawk-Black Angel Blues.mp3;Every Day I Have The Blues;Every Day I Have The Blues
C:\Music\Robert Plant & Alison Krauss\Robert Plant & Alison Krauss-Fortune Teller.mp3;Raising Sand;Raising Sand
C:\Music\Robert Plant & Alison Krauss\Robert Plant & Alison Krauss-Gone Gone Gone (Done moved On).mp3;Raising Sand;Raising Sand
C:\Music\Robert Plant & Alison Krauss\Robert Plant & Alison Krauss-Killing the Blues.mp3;Raising Sand;Raising Sand
C:\Music\Robert Plant & Alison Krauss\Robert Plant & Alison Krauss-Let Your Loss Be Your lesson.mp3;Raising Sand;Raising Sand
C:\Music\Robert Plant & Alison Krauss\Robert Plant & Alison Krauss-Nothin'.mp3;Raising Sand;Raising Sand
C:\Music\Robert Plant & Alison Krauss\Robert Plant & Alison Krauss-Please Read The Letter.mp3;Raising Sand;Raising Sand
C:\Music\Robert Plant & Alison Krauss\Robert Plant & Alison Krauss-Polly Come Home.mp3;Raising Sand;Raising Sand
C:\Music\Robert Plant & Alison Krauss\Robert Plant & Alison Krauss-Rich Woman.mp3;Raising Sand;Raising Sand
C:\Music\Robert Plant & Alison Krauss\Robert Plant & Alison Krauss-Sister Rosetta Goes Before Us.mp3;Raising Sand;Raising Sand
C:\Music\Robert Plant & Alison Krauss\Robert Plant & Alison Krauss-Stick With Me Baby.mp3;Raising Sand;Raising Sand
C:\Music\Robert Plant & Alison Krauss\Robert Plant & Alison Krauss-Through The Morning, Through The Night.mp3;Raising Sand;Raising Sand
C:\Music\Robert Plant & Alison Krauss\Robert Plant & Alison Krauss-Trampled Rose.mp3;Raising Sand;Raising Sand
C:\Music\Robert Plant & Alison Krauss\Robert Plant & Alison Krauss-Your Long Journey.mp3;Raising Sand;Raising Sand
C:\Music\Robert Shaw\Robert Shaw-Going Down The Gulf.mp3;Whole Lotta...Blues - Legends Of Texas Blues;Whole Lotta...Blues - Legends Of Texas Blues
C:\Music\Robin Williams\Robin Williams - Reality ... What a Concept Side 1.mp3;Reality ... What a Concept;Reality ... What a Concept
C:\Music\Robin Williams\Robin Williams - Reality ... What a Concept Side 2.mp3;Reality ... What a Cconcept;Reality ... What a Cconcept
C:\Music\Rod Stewart\Rod Stewart-Mandolin Wind.mp3;Every Picture Tells A Story;Every Picture Tells A Story
C:\Music\Roger Whittaker\Roger Whittaker-The Last Farewell.mp3;The World of Roger Whittaker;The World of Roger Whittaker
C:\Music\Ronan Hardiman\Ronan Hardiman-Love Song.mp3;Solas;Solas
C:\Music\Roosevelt Sykes\Roosevelt Sykes - Music Is My Business.mp3;The Great Tomato Blues Package;The Great Tomato Blues Package
C:\Music\Roosevelt Sykes\Roosevelt Sykes - Out on a Limb.mp3;Its All About the Blues;Its All About the Blues
C:\Music\Roosevelt Sykes\Roosevelt Sykes - St. James Infirmary.mp3;Best Of Blues;Best Of Blues
C:\Music\Roosevelt Sykes\Roosevelt Sykes-Bad News.mp3;Still Got The Blues, Vol:4;Still Got The Blues, Vol-4
C:\Music\Roosevelt Sykes\Roosevelt Sykes-Roosevelt Blues.mp3;Every Day I Have The Blues;Every Day I Have The Blues
C:\Music\Roxette\Roxette - Joyride.mp3;Tourism;Tourism
C:\Music\Roxette\Roxette - Sleeping In My Car.mp3;Crash! Boom! Bang!;Crash! Boom! Bang!
C:\Music\Roxette\Roxette - The Look.mp3;Tourism;Tourism
C:\Music\Roxette\Roxette-Dressed for success.mp3;Look Sharp!;Look Sharp!
C:\Music\Roxette\Roxette-Fading Like a Flower.mp3;Joyride;Joyride
C:\Music\Roxette\Roxette-Hotblooded.mp3;Joyride;Joyride
C:\Music\Roxette\Roxette-Knockin' on Every Door.mp3;Joyride;Joyride
C:\Music\Roxette\Roxette-Small Talk.mp3;Joyride;Joyride
C:\Music\Roxette\Roxette-The Big L.mp3;Joyride;Joyride
C:\Music\Roxy Music\Roxy Music-Avalon.mp3;Avalon;Avalon
C:\Music\Roy Brown\Roy Brown - Let The Four Winds Blow.mp3;Best Of The Blues, Vol. 1;Best Of The Blues, Vol. 1
C:\Music\Roy Buchanan\Roy Buchanan-After Hours.mp3;20th Century Masters;20th Century Masters
C:\Music\Roy Buchanan\Roy Buchanan-CC Ryder.mp3;20th Century Masters;20th Century Masters
C:\Music\Roy Buchanan\Roy Buchanan-Country Preacher.mp3;20th Century Masters;20th Century Masters
C:\Music\Roy Buchanan\Roy Buchanan-Filthy Teddy.mp3;20th Century Masters;20th Century Masters
C:\Music\Roy Buchanan\Roy Buchanan-Five String Blues.mp3;20th Century Masters;20th Century Masters
C:\Music\Roy Buchanan\Roy Buchanan-Hey Joe.mp3;20th Century Masters;20th Century Masters
C:\Music\Roy Buchanan\Roy Buchanan-I'm Evil [Live].mp3;20th Century Masters;20th Century Masters
C:\Music\Roy Buchanan\Roy Buchanan-Pete's Blue.mp3;20th Century Masters;20th Century Masters
C:\Music\Roy Buchanan\Roy Buchanan-Roy's Bluz.mp3;20th Century Masters;20th Century Masters
C:\Music\Roy Buchanan\Roy Buchanan-Sweet Dreams.mp3;20th Century Masters;20th Century Masters
C:\Music\Roy Buchanan\Roy Buchanan-The Messiah Will Come Again.mp3;20th Century Masters;20th Century Masters
C:\Music\Roy Buchanan\Roy Buchanan-Wayfaring Pilgrim.mp3;20th Century Masters;20th Century Masters
C:\Music\Roy Milton\Roy Millton - Information Blues.mp3;Blues Collection [Disc 1];Blues Collection [Disc 1]
C:\Music\Roy Milton\Roy Milton-RM Blues.mp3;The Blues Collection;The Blues Collection
C:\Music\Roy Milton\Roy Milton-Red Light.mp3;The Blues Collection;The Blues Collection
C:\Music\Russell Watson\Russell Watson-Faith Of The Heart (Enterprise Theme).mp3;Encore;Encore
C:\Music\Ruth Brown\Ruth Brown-Ain't No Piece Of Cake.mp3;Ladies Sing The Blues;Ladies Sing The Blues
C:\Music\Ruthie Foster\Ruthie Foster-Death Came A-Knockin' (Travelin' Shoes).mp3;Runaway Soul;Runaway Soul
C:\Music\Ruthie Foster\Ruthie Foster-Give You My Love.mp3;Runaway Soul;Runaway Soul
C:\Music\Ruthie Foster\Ruthie Foster-Hole In My Pocket.mp3;Runaway Soul;Runaway Soul
C:\Music\Ruthie Foster\Ruthie Foster-Home.mp3;Runaway Soul;Runaway Soul
C:\Music\Ruthie Foster\Ruthie Foster-Joy.mp3;Runaway Soul;Runaway Soul
C:\Music\Ruthie Foster\Ruthie Foster-Ocean Of Tears (Mama).mp3;Runaway Soul;Runaway Soul
C:\Music\Ruthie Foster\Ruthie Foster-Runaway Soul.mp3;Runaway Soul;Runaway Soul
C:\Music\Ruthie Foster\Ruthie Foster-Smalltown Blues.mp3;Runaway Soul;Runaway Soul
C:\Music\Ruthie Foster\Ruthie Foster-Walk On.mp3;Runaway Soul;Runaway Soul
C:\Music\Ruthie Foster\Ruthie Foster-Woke Up This Morning.mp3;Runaway Soul;Runaway Soul
C:\Music\Sam the Sham and the Pharoahs\Sam the Sham and the Pharaohs-Wooley Bully.mp3;Tacky Tunes;Tacky Tunes
C:\Music\Sammy Hagar\Sammy Hagar-Can't Drive 55.mp3;VOA;VOA
C:\Music\Sara Evans\Sara Evans-Suds In the Bucket.mp3;Restless;Restless
C:\Music\Sarah Brightman\Sarah Brightman - Ave Maria.mp3;Now Christmas Traditional;Now Christmas Traditional
C:\Music\Sarah Vaughan\Sarah Vaughan-Mean To Me.mp3;Ladies Sing The Blues;Ladies Sing The Blues
C:\Music\Sawyer Brown\Sawyer Brown-Six Days On The Road.mp3;The Hits Live;The Hits Live
C:\Music\Sawyer Brown\Sawyer Brown-Some Girls Do.mp3;The Dirt Road;The Dirt Road
C:\Music\Sawyer Brown\Sawyer Brown-The Race Is On.mp3;Greatest Hits;Greatest Hits
C:\Music\Scandal\Scandal-The Warrior.mp3;Rock Of The 80's Volume 14;Rock Of The 80's Volume 14
C:\Music\Schuld & Stamer\Schuld & Stamer-Backwater Blues.mp3;You Got the Bread...We Got the Jam!;You Got the Bread...We Got the Jam!
C:\Music\Schuld & Stamer\Schuld & Stamer-Bourgeois Blues.mp3;You Got the Bread...We Got the Jam!;You Got the Bread...We Got the Jam!
C:\Music\Schuld & Stamer\Schuld & Stamer-Dark Was the Night.mp3;You Got the Bread...We Got the Jam!;You Got the Bread...We Got the Jam!
C:\Music\Schuld & Stamer\Schuld & Stamer-Down in Mississippi.mp3;You Got the Bread...We Got the Jam!;You Got the Bread...We Got the Jam!
C:\Music\Schuld & Stamer\Schuld & Stamer-Easy Rider Blues.mp3;You Got the Bread...We Got the Jam!;You Got the Bread...We Got the Jam!
C:\Music\Schuld & Stamer\Schuld & Stamer-Going Down Slow.mp3;You Got the Bread...We Got the Jam!;You Got the Bread...We Got the Jam!
C:\Music\Schuld & Stamer\Schuld & Stamer-Here I Am.mp3;You Got the Bread...We Got the Jam!;You Got the Bread...We Got the Jam!
C:\Music\Schuld & Stamer\Schuld & Stamer-How Long.mp3;You Got the Bread...We Got the Jam!;You Got the Bread...We Got the Jam!
C:\Music\Schuld & Stamer\Schuld & Stamer-This Train.mp3;You Got the Bread...We Got the Jam!;You Got the Bread...We Got the Jam!
C:\Music\Schuld & Stamer\Schuld & Stamer-Trouble in Mind.mp3;You Got the Bread...We Got the Jam!;You Got the Bread...We Got the Jam!
C:\Music\Schuld & Stamer\Schuld & Stamer-Voodoo Music.mp3;You Got the Bread...We Got the Jam!;You Got the Bread...We Got the Jam!
C:\Music\Schuld & Stamer\Schuld & Stamer-Worried Man Blues.mp3;You Got the Bread...We Got the Jam!;You Got the Bread...We Got the Jam!
C:\Music\Scorpions\Scorpions-Rock You Like A Hurricane.mp3;Scorpions;Scorpions
C:\Music\Screamin' Jay Hawkins\Screamin' Jay Hawkins - I Put A Spell On You.mp3;The Blues;The Blues
C:\Music\Shakira\Shakira-Underneath your clothes.mp3;Laundry Service;Laundry Service
C:\Music\Shakira\Shakira-Whenever, Wherever.mp3;Laundry Service;Laundry Service
C:\Music\Shaye\Shaye - Happy Baby.mp3;The Bridge;The Bridge
C:\Music\Sheryl Crow\Sheryl Crow-A Change Would Do You Good.mp3;The Very Best of Sheryl Crow;The Very Best of Sheryl Crow
C:\Music\Sheryl Crow\Sheryl Crow-All I Wanna Do.mp3;The Very Best of Sheryl Crow;The Very Best of Sheryl Crow
C:\Music\Sheryl Crow\Sheryl Crow-Everyday Is a Winding Road.mp3;The Very Best of Sheryl Crow;The Very Best of Sheryl Crow
C:\Music\Sheryl Crow\Sheryl Crow-If It Makes You Happy.mp3;The Very Best of Sheryl Crow;The Very Best of Sheryl Crow
C:\Music\Sheryl Crow\Sheryl Crow-Light in Your Eyes.mp3;The Very Best of Sheryl Crow;The Very Best of Sheryl Crow
C:\Music\Sheryl Crow\Sheryl Crow-My Favorite Mistake.mp3;The Very Best of Sheryl Crow;The Very Best of Sheryl Crow
C:\Music\Sheryl Crow\Sheryl Crow-Soak Up the Sun.mp3;The Very Best of Sheryl Crow;The Very Best of Sheryl Crow
C:\Music\Sheryl Crow\Sheryl Crow-Steve McQueen.mp3;The Very Best of Sheryl Crow;The Very Best of Sheryl Crow
C:\Music\Sheryl Crow\Sheryl Crow-Swwet Child O' Mine.mp3;Globe Sessions;Globe Sessions
C:\Music\Sheryl Crow\Sheryl Crow-The First Cut Is the Deepest.mp3;The Very Best of Sheryl Crow;The Very Best of Sheryl Crow
C:\Music\Shinedown\Shinedown-If You Only Knew.mp3;The Sound of Madness;The Sound of Madness
C:\Music\Sick Puppies\Sick Puppies-Maybe.mp3;Tri-Polar;Tri-Polar
C:\Music\Sid Marty\Sid Marty-A Serious Man.mp3;Elsewhere;Elsewhere
C:\Music\Sid Marty\Sid Marty-Alpenglow.mp3;Elsewhere;Elsewhere
C:\Music\Sid Marty\Sid Marty-Arrows Of Pity.mp3;Elsewhere;Elsewhere
C:\Music\Sid Marty\Sid Marty-For The Wild Rose.mp3;Elsewhere;Elsewhere
C:\Music\Sid Marty\Sid Marty-Hidden Hotsprings.mp3;Elsewhere;Elsewhere
C:\Music\Sid Marty\Sid Marty-Maybe The Wind.mp3;Elsewhere;Elsewhere
C:\Music\Sid Marty\Sid Marty-Mountain Earth.mp3;Elsewhere;Elsewhere
C:\Music\Sid Marty\Sid Marty-Other Peoples Cattle.mp3;Elsewhere;Elsewhere
C:\Music\Sid Marty\Sid Marty-Ou Sont Les Neiges D'Antan.mp3;Elsewhere;Elsewhere
C:\Music\Sid Marty\Sid Marty-The Key Of Joy.mp3;Elsewhere;Elsewhere
C:\Music\Sid Marty\Sid Marty-Two Pink Flamingos.mp3;Elsewhere;Elsewhere
C:\Music\Sid Marty\Sid Marty-When The Raven Sings.mp3;Elsewhere;Elsewhere
C:\Music\Sidney Bechet\Sidney Bechet-St. Louis Blues.mp3;Best Of Sidney Bechet;Best Of Sidney Bechet
C:\Music\Simon & Garfunkel\Simon and Garfunkel - A Hazy Shade of Winter.mp3;The Best Of Simon & Garfunkel;The Best Of Simon & Garfunkel
C:\Music\Simon & Garfunkel\Simon and Garfunkel - America.mp3;The Concert in Central Park;The Concert in Central Park
C:\Music\Simon & Garfunkel\Simon and Garfunkel - Feeling Groovy.mp3;The Concert in Central Park;The Concert in Central Park
C:\Music\Simon & Garfunkel\Simon and Garfunkel - I Am a Rock.mp3;Simon and Garfunkel's Greatest Hits;Simon and Garfunkel's Greatest Hits
C:\Music\Simon & Garfunkel\Simon and Garfunkel - Mrs. Robinson.mp3;Simon and Garfunkel's Greatest Hits;Simon and Garfunkel's Greatest Hits
C:\Music\Simon & Garfunkel\Simon and Garfunkel - Scarborough Fair.mp3;The Concert in Central Park;The Concert in Central Park
C:\Music\Simon & Garfunkel\Simon and Garfunkel - The Sound of Silence.mp3;Simon and Garfunkel's Greatest Hits;Simon and Garfunkel's Greatest Hits
C:\Music\Simon & Garfunkel\Simon and Garfunkel-59 Street Song.mp3;Live 1969;Live 1969
C:\Music\Simon & Garfunkel\Simon and Garfunkel-Fifty ways to leave your lover.mp3;The Concert in Central Park;The Concert in Central Park
C:\Music\Simple Minds\Simple Minds-Don't You (Forget About Me).mp3;Glittering Prize;Glittering Prize
C:\Music\Sinead O'Connor\Sinéad O'Connor-The Emperor's New Clothes.mp3;I Do Not Want What I Haven't Got;I Do Not Want What I Haven't Got
C:\Music\Sixpence None The Richer\Sixpence None The Richer-Don't Dream It's Over.mp3;Divine Discontent;Divine Discontent
C:\Music\Sixpence None The Richer\Sixpence None The Richer-Kiss Me.mp3;Sixpence None The Richer;Sixpence None The Richer
C:\Music\Sixpence None The Richer\Sixpence None The Richer-There She Goes.mp3;Sixpence None The Richer;Sixpence None The Richer
C:\Music\Sixpence None The Richer\Sixpence None the Richer-I Need Love.mp3;Here on Earth Soundtrack;Here on Earth Soundtrack
C:\Music\Smokey Hogg\Smokey Hogg - Little School Girl.mp3;Its All About the Blues;Its All About the Blues
C:\Music\Smokey Hogg\Smokey Hogg-Long Tall Mama.mp3;Whole Lotta...Blues - Legends Of Texas Blues;Whole Lotta...Blues - Legends Of Texas Blues
C:\Music\Sniff 'n' The Tears\Sniff 'n' The Tears-Driver's Seat.mp3;Fickle Heart;Fickle Heart
C:\Music\Son House\Son House - A True Friend Is Hard To Find.mp3;The Blues For The Road;The Blues For The Road
C:\Music\Son House\Son House-Death Letter.mp3;Legends Of The Blues: Volume 1;Legends Of The Blues- Volume 1
C:\Music\Son House\Son House-Preachin' The Blues.mp3;The Blues As It Was;The Blues As It Was
C:\Music\Sonny Boy Williamson\Sonny Boy Williamson - Black Gal Blues.mp3;Early In The Morning;Early In The Morning
C:\Music\Sonny Boy Williamson\Sonny Boy Williamson - Bluebird Blues.mp3;Early In The Morning;Early In The Morning
C:\Music\Sonny Boy Williamson\Sonny Boy Williamson - Decoration Blues.mp3;Early In The Morning;Early In The Morning
C:\Music\Sonny Boy Williamson\Sonny Boy Williamson - Early In The Morning.mp3;Early In The Morning;Early In The Morning
C:\Music\Sonny Boy Williamson\Sonny Boy Williamson - Fattening Frogs For Snakes.mp3;The Great Tomato Blues Package;The Great Tomato Blues Package
C:\Music\Sonny Boy Williamson\Sonny Boy Williamson - Good Gravy.mp3;Early In The Morning;Early In The Morning
C:\Music\Sonny Boy Williamson\Sonny Boy Williamson - Good Morning Little Schoolgirl.mp3;Early In The Morning;Early In The Morning
C:\Music\Sonny Boy Williamson\Sonny Boy Williamson - Got The Bottle Up And Gone.mp3;Early In The Morning;Early In The Morning
C:\Music\Sonny Boy Williamson\Sonny Boy Williamson - I Been Dealing With The Devil.mp3;Early In The Morning;Early In The Morning
C:\Music\Sonny Boy Williamson\Sonny Boy Williamson - Jivin' The Blues.mp3;Early In The Morning;Early In The Morning
C:\Music\Sonny Boy Williamson\Sonny Boy Williamson - Lord, Oh Lord Blues.mp3;Early In The Morning;Early In The Morning
C:\Music\Sonny Boy Williamson\Sonny Boy Williamson - Million Years Blues.mp3;Early In The Morning;Early In The Morning
C:\Music\Sonny Boy Williamson\Sonny Boy Williamson - My Little Machine.mp3;Early In The Morning;Early In The Morning
C:\Music\Sonny Boy Williamson\Sonny Boy Williamson - Shotgun Blues.mp3;Early In The Morning;Early In The Morning
C:\Music\Sonny Boy Williamson\Sonny Boy Williamson - Sugar Mama.mp3;Early In The Morning;Early In The Morning
C:\Music\Sonny Boy Williamson\Sonny Boy Williamson - TB Blues.mp3;Early In The Morning;Early In The Morning
C:\Music\Sonny Boy Williamson\Sonny Boy Williamson - Tell Me Baby.mp3;Early In The Morning;Early In The Morning
C:\Music\Sonny Boy Williamson\Sonny Boy Williamson - Welfare Store Blues.mp3;Early In The Morning;Early In The Morning
C:\Music\Sonny Boy Williamson\Sonny Boy Williamson - Whiskey Headed Woman.mp3;Early In The Morning;Early In The Morning
C:\Music\Sonny Boy Williamson\Sonny Boy Williamson-Bye Bye Bird.mp3;Still Got The Blues, Vol:4;Still Got The Blues, Vol-4
C:\Music\Sonny Terry\Sonny Terry & Brownie McGhee - Good Morning Blues.mp3;The Rising Sun Collection Vol. 11;The Rising Sun Collection Vol. 11
C:\Music\Sonny Terry\Sonny Terry & Brownie McGhee - I'm Gonna Get On My Feets After A While.mp3;The Rising Sun Collection Vol. 11;The Rising Sun Collection Vol. 11
C:\Music\Sonny Terry\Sonny Terry & Brownie McGhee - I've Never Felt Like This Before.mp3;The Rising Sun Collection Vol. 11;The Rising Sun Collection Vol. 11
C:\Music\Sonny Terry\Sonny Terry & Brownie McGhee - My Father's Words.mp3;The Rising Sun Collection Vol. 11;The Rising Sun Collection Vol. 11
C:\Music\Sonny Terry\Sonny Terry & Brownie McGhee - Old Jabo.mp3;The Rising Sun Collection Vol. 11;The Rising Sun Collection Vol. 11
C:\Music\Sonny Terry\Sonny Terry & Brownie McGhee - Walk On.mp3;The Rising Sun Collection Vol. 11;The Rising Sun Collection Vol. 11
C:\Music\Sonny Terry\Sonny Terry & Brownie McGhee- Playing With The Thing.mp3;The Great Tomato Blues Package;The Great Tomato Blues Package
C:\Music\Spencer Davis Group\The Spencer Davis Group-Gimme Some Loving.mp3;Best of Spencer Davis Group;Best of Spencer Davis Group
C:\Music\Spencer Davis Group\The Spencer Davis Group-I'm A Man.mp3;Keep On Running;Keep On Running
C:\Music\Stampeders\The Stampeders - Wild Eyes.mp3;Greatest Hits;Greatest Hits
C:\Music\Stampeders\The Stampeders-Sweet City Woman.mp3;Sweet City Woman;Sweet City Woman
C:\Music\Stefan Grossman\Stefan Grossman-Love, Devils And The Blues.mp3;American Roots Songbook - The Blues;American Roots Songbook - The Blues
C:\Music\Steppenwolf\Steppenwolf-Born to Be Wild.mp3;Original Oldies 60's & 70's;Original Oldies 60's & 70's
C:\Music\Steppenwolf\Steppenwolf-Magic Carpet Ride.mp3;All Time Greatest Hits;All Time Greatest Hits
C:\Music\Steve Earle\Steve Earle-Copperhead Road.mp3;Copperhead Road;Copperhead Road
C:\Music\Steve Earle\Steve Earle-Guitar Town.mp3;Guitar Town;Guitar Town
C:\Music\Steve Perry\Steve Perry-Oh Sherrie.mp3;Street Talk;Street Talk
C:\Music\Steve Winwood\Steve Winwood-Valerie.mp3;Chronicles;Chronicles
C:\Music\Steve Winwood\Steve Winwood-While You See A Chance.mp3;Arc of a Diver;Arc of a Diver
C:\Music\Stevie Nicks & Kenny Loggins\Stevie Nicks & Kenny Loggins - Whenever I Call You 'Friend'.mp3;Kenny Loggins Alive;Kenny Loggins Alive
C:\Music\Stevie Nicks & Lindsey Buckingham\Buckingham Nicks-Crying in the Night.mp3;Buckingham Nicks;Buckingham Nicks
C:\Music\Stevie Nicks & Lindsey Buckingham\Buckingham Nicks-Stephanie.mp3;Buckingham Nicks;Buckingham Nicks
C:\Music\Stevie Nicks & Sarah Mclachlan\Stevie Nicks-Love Is.mp3;Trouble In Shangri-La;Trouble In Shangri-La
C:\Music\Stevie Nicks\Stevie Nicks - Beauty and the Beast.mp3;The Wild Heart;The Wild Heart
C:\Music\Stevie Nicks\Stevie Nicks - Sable on Blonde.mp3;The Wild Heart;The Wild Heart
C:\Music\Stevie Nicks\Stevie Nicks - Wild Heart.mp3;The Wild Heart;The Wild Heart
C:\Music\Stevie Nicks\Stevie Nicks-After The Glitter Fades.mp3;Bella Donna;Bella Donna
C:\Music\Stevie Nicks\Stevie Nicks-Alice.mp3;The Other Side of the Mirror;The Other Side of the Mirror
C:\Music\Stevie Nicks\Stevie Nicks-Belladonna.mp3;Bella Donna;Bella Donna
C:\Music\Stevie Nicks\Stevie Nicks-Blue Lamp.mp3;Street Angel;Street Angel
C:\Music\Stevie Nicks\Stevie Nicks-Cry Wolf.mp3;The Other Side of the Mirror;The Other Side of the Mirror
C:\Music\Stevie Nicks\Stevie Nicks-Doing the Best I Can (Escape from Berlin).mp3;The Other Side of the Mirror;The Other Side of the Mirror
C:\Music\Stevie Nicks\Stevie Nicks-Edge of Seventeen.mp3;Bella Donna;Bella Donna
C:\Music\Stevie Nicks\Stevie Nicks-Enchanted.mp3;The Wild Heart;The Wild Heart
C:\Music\Stevie Nicks\Stevie Nicks-Fire Burning.mp3;The Other Side of the Mirror;The Other Side of the Mirror
C:\Music\Stevie Nicks\Stevie Nicks-Gate and Garden.mp3;The Wild Heart;The Wild Heart
C:\Music\Stevie Nicks\Stevie Nicks-Ghosts.mp3;The Other Side of the Mirror;The Other Side of the Mirror
C:\Music\Stevie Nicks\Stevie Nicks-Has Anyone Ever Written Anything for You.mp3;Rock a Little;Rock a Little
C:\Music\Stevie Nicks\Stevie Nicks-How Still My Love.mp3;Bella Donna;Bella Donna
C:\Music\Stevie Nicks\Stevie Nicks-I Can't Wait.mp3;Rock a Little;Rock a Little
C:\Music\Stevie Nicks\Stevie Nicks-I Sing for the Things.mp3;Rock a Little;Rock a Little
C:\Music\Stevie Nicks\Stevie Nicks-I Still Miss Someone (Blue Eyes).mp3;The Other Side of the Mirror;The Other Side of the Mirror
C:\Music\Stevie Nicks\Stevie Nicks-I Will Run To You.mp3;The Wild Heart;The Wild Heart
C:\Music\Stevie Nicks\Stevie Nicks-If Anyone Falls.mp3;Crystal Visions-The Very Best of Stevie Nicks;Crystal Visions-The Very Best of Stevie Nicks
C:\Music\Stevie Nicks\Stevie Nicks-If I Were You.mp3;Rock a Little;Rock a Little
C:\Music\Stevie Nicks\Stevie Nicks-Imperial Hotel.mp3;Rock a Little;Rock a Little
C:\Music\Stevie Nicks\Stevie Nicks-Juliet.mp3;The Other Side of the Mirror;The Other Side of the Mirror
C:\Music\Stevie Nicks\Stevie Nicks-Kind of Woman.mp3;Bella Donna;Bella Donna
C:\Music\Stevie Nicks\Stevie Nicks-Leather and Lace.mp3;Bella Donna;Bella Donna
C:\Music\Stevie Nicks\Stevie Nicks-Long Way to Go.mp3;The Other Side of the Mirror;The Other Side of the Mirror
C:\Music\Stevie Nicks\Stevie Nicks-Nightbird.mp3;The Wild Heart;The Wild Heart
C:\Music\Stevie Nicks\Stevie Nicks-No Spoken Word.mp3;Rock a Little;Rock a Little
C:\Music\Stevie Nicks\Stevie Nicks-Nothing Ever Changes.mp3;The Wild Heart;The Wild Heart
C:\Music\Stevie Nicks\Stevie Nicks-Ooh My Love.mp3;The Other Side of the Mirror;The Other Side of the Mirror
C:\Music\Stevie Nicks\Stevie Nicks-Outside The Rain.mp3;Bella Donna;Bella Donna
C:\Music\Stevie Nicks\Stevie Nicks-Rock a Little (Go Ahead Lily).mp3;Rock a Little;Rock a Little
C:\Music\Stevie Nicks\Stevie Nicks-Rooms on Fire.mp3;The Other Side of the Mirror;The Other Side of the Mirror
C:\Music\Stevie Nicks\Stevie Nicks-Sister Honey.mp3;Rock a Little;Rock a Little
C:\Music\Stevie Nicks\Stevie Nicks-Some Become Strangers.mp3;Rock a Little;Rock a Little
C:\Music\Stevie Nicks\Stevie Nicks-Stand Back.mp3;Crystal Visions-The Very Best of Stevie Nicks;Crystal Visions-The Very Best of Stevie Nicks
C:\Music\Stevie Nicks\Stevie Nicks-Stop Draggin' My Heart Around.mp3;Bella Donna;Bella Donna
C:\Music\Stevie Nicks\Stevie Nicks-Talk to Me.mp3;Rock a Little;Rock a Little
C:\Music\Stevie Nicks\Stevie Nicks-The Highwayman.mp3;Bella Donna;Bella Donna
C:\Music\Stevie Nicks\Stevie Nicks-The Nightmare.mp3;Rock a Little;Rock a Little
C:\Music\Stevie Nicks\Stevie Nicks-Think About It.mp3;Bella Donna;Bella Donna
C:\Music\Stevie Nicks\Stevie Nicks-Two Kinds of Love.mp3;The Other Side of the Mirror;The Other Side of the Mirror
C:\Music\Stevie Nicks\Stevie Nicks-Whole Lotta Trouble.mp3;The Other Side of the Mirror;The Other Side of the Mirror
C:\Music\Stevie Ray Vaughan and Double Trouible\Stevie Ray Vaughan and Double Trouble-Ain't Gone 'n' Give Up On Love.mp3;The Real Deal: Greatest Hits, Vol. 2;The Real Deal- Greatest Hits, Vol. 2
C:\Music\Stevie Ray Vaughan and Double Trouible\Stevie Ray Vaughan and Double Trouble-Leave My Girl Alone [Live].mp3;The Real Deal: Greatest Hits, Vol. 2;The Real Deal- Greatest Hits, Vol. 2
C:\Music\Stevie Ray Vaughan and Double Trouible\Stevie Ray Vaughan and Double Trouble-Lenny.mp3;The Real Deal: Greatest Hits, Vol. 2;The Real Deal- Greatest Hits, Vol. 2
C:\Music\Stevie Ray Vaughan and Double Trouible\Stevie Ray Vaughan and Double Trouble-Life By The Drop.mp3;The Real Deal: Greatest Hits, Vol. 2;The Real Deal- Greatest Hits, Vol. 2
C:\Music\Stevie Ray Vaughan and Double Trouible\Stevie Ray Vaughan and Double Trouble-Look At Little Sister.mp3;The Real Deal: Greatest Hits, Vol. 2;The Real Deal- Greatest Hits, Vol. 2
C:\Music\Stevie Ray Vaughan and Double Trouible\Stevie Ray Vaughan and Double Trouble-Love Struck Baby.mp3;The Real Deal: Greatest Hits, Vol. 2;The Real Deal- Greatest Hits, Vol. 2
C:\Music\Stevie Ray Vaughan and Double Trouible\Stevie Ray Vaughan and Double Trouble-Pipeline.mp3;The Real Deal: Greatest Hits, Vol. 2;The Real Deal- Greatest Hits, Vol. 2
C:\Music\Stevie Ray Vaughan and Double Trouible\Stevie Ray Vaughan and Double Trouble-Riviera Paradise.mp3;The Real Deal: Greatest Hits, Vol. 2;The Real Deal- Greatest Hits, Vol. 2
C:\Music\Stevie Ray Vaughan and Double Trouible\Stevie Ray Vaughan and Double Trouble-Scuttle Buttin'.mp3;The Real Deal: Greatest Hits, Vol. 2;The Real Deal- Greatest Hits, Vol. 2
C:\Music\Stevie Ray Vaughan and Double Trouible\Stevie Ray Vaughan and Double Trouble-Shake For Me [Live].mp3;The Real Deal: Greatest Hits, Vol. 2;The Real Deal- Greatest Hits, Vol. 2
C:\Music\Stevie Ray Vaughan and Double Trouible\Stevie Ray Vaughan and Double Trouble-Superstition [Live].mp3;The Real Deal: Greatest Hits, Vol. 2;The Real Deal- Greatest Hits, Vol. 2
C:\Music\Stevie Ray Vaughan and Double Trouible\Stevie Ray Vaughan and Double Trouble-Voodoo Child (Slight Return).mp3;The Real Deal: Greatest Hits, Vol. 2;The Real Deal- Greatest Hits, Vol. 2
C:\Music\Stevie Ray Vaughan and Double Trouible\Stevie Ray Vaughan and Double Trouble-Wall Of Denial.mp3;The Real Deal: Greatest Hits, Vol. 2;The Real Deal- Greatest Hits, Vol. 2
C:\Music\Stevie Ray Vaughan and Double Trouible\Stevie Ray Vaughan and Double Trouble-Willie The Wimp [Live].mp3;The Real Deal: Greatest Hits, Vol. 2;The Real Deal- Greatest Hits, Vol. 2
C:\Music\Stevie Ray Vaughan\Stevie Ray Vaughan - Couldn't Stand The Weather.mp3;The Blues;The Blues
C:\Music\Stevie Ray Vaughan\Stevie Ray Vaughan - Flood Down In Texas [Live].mp3;Atlantic Blues Guitar;Atlantic Blues Guitar
C:\Music\Stevie Ray Vaughan\Stevie Ray Vaughan-Empty Arms.mp3;The Real Deal: Greatest Hits, Vol. 2;The Real Deal- Greatest Hits, Vol. 2
C:\Music\Stick McGhee\Stick McGhee - Tall Pretty Woman.mp3;Atlantic Blues Guitar;Atlantic Blues Guitar
C:\Music\Streetheart\Streetheart-Action.mp3;Meanwhile Back In Paris ...;Meanwhile Back In Paris
C:\Music\Streetheart\Streetheart-One More Time.mp3;Streetheart;Streetheart
C:\Music\Sue Foley\Sue Foley-Every Road I Take.mp3;American Roots Songbook - The Blues;American Roots Songbook - The Blues
C:\Music\Sunnyland Slim\Sunnyland Slim-I Had (It So Hard).mp3;The Story of the Blues;The Story of the Blues
C:\Music\Survivor\Survivor - Eye of the Tiger.mp3;Glass Tiger;Glass Tiger
C:\Music\Susan Aglukark\SUSAN AGLUKARK-O'SIEM.mp3;Celebrate Canada!;Celebrate Canada!
C:\Music\Susan Tedeschi\Susan Tedeschi-Evidence.mp3;Hope And Desire;Hope And Desire
C:\Music\Susan Tedeschi\Susan Tedeschi-Follow.mp3;Hope And Desire;Hope And Desire
C:\Music\Susan Tedeschi\Susan Tedeschi-Lord Protect My Child.mp3;Hope And Desire;Hope And Desire
C:\Music\Susan Tedeschi\Susan Tedeschi-Loving You Is Sweeter Than Ever.mp3;Hope And Desire;Hope And Desire
C:\Music\Susan Tedeschi\Susan Tedeschi-Magnificent Sanctuary Band.mp3;Hope And Desire;Hope And Desire
C:\Music\Susan Tedeschi\Susan Tedeschi-Security.mp3;Hope And Desire;Hope And Desire
C:\Music\Susan Tedeschi\Susan Tedeschi-Share Your Love.mp3;Hope And Desire;Hope And Desire
C:\Music\Susan Tedeschi\Susan Tedeschi-Soul Of A Man.mp3;Hope And Desire;Hope And Desire
C:\Music\Susan Tedeschi\Susan Tedeschi-Sweet Forgiveness.mp3;Hope And Desire;Hope And Desire
C:\Music\Susan Tedeschi\Susan Tedeschi-The Danger Zone.mp3;Hope And Desire;Hope And Desire
C:\Music\Susan Tedeschi\Susan Tedeschi-Tired Of My Tears.mp3;Hope And Desire;Hope And Desire
C:\Music\Susan Tedeschi\Susan Tedeschi-You Got The Silver.mp3;Hope And Desire;Hope And Desire
C:\Music\Suzi Quatro\Suzi Quatro-Devil Gate Drive.mp3;Quatro;Quatro
C:\Music\Suzi Quatro\Suzi Quatro-If You Can't Give Me Love.mp3;If You Knew Suzi;If You Knew Suzi
C:\Music\Suzi Quatro\Suzi Quatro-She's In Love With You.mp3;The Best Of...;The Best Of
C:\Music\Suzi Quatro\Suzi Quatro-Stumblin' In.mp3;Suzi And Other Four Letter Words;Suzi And Other Four Letter Words
C:\Music\Suzy Bogguss\Suzy Bogguss-Drive South.mp3;Voices In The Wind;Voices In The Wind
C:\Music\Suzy Bogguss\Suzy Bogguss-Hey Cinderella.mp3;Something Up My Sleeve;Something Up My Sleeve
C:\Music\Suzy Bogguss\Suzy Bogguss-Outbound Plane.mp3;Aces;Aces
C:\Music\Suzy Bogguss\Suzy Bogguss-Someday Soon.mp3;Aces;Aces
C:\Music\Sweeney Todd\Sweeney Todd-Roxy Roller.mp3;Oh What A Feeling;Oh What A Feeling
C:\Music\Sweet\Sweet - Ballroom Blitz.mp3;The Best of Sweet;The Best of Sweet
C:\Music\Sweet\Sweet-Fox On The Run.mp3;The Best of Sweet;The Best of Sweet
C:\Music\Sweet\Sweet-Little Willy.mp3;The Best of Sweet;The Best of Sweet
C:\Music\Sweet\Sweet-Love Is Like Oxygen.mp3;The Best of Sweet;The Best of Sweet
C:\Music\T'Pau\T'PAU - HEART AND SOUL.MP3;89.9;89.9
C:\Music\T-Bone Walker\T-Bone Walker - Blues Rock.mp3;T-Bone Blues;T-Bone Blues
C:\Music\T-Bone Walker\T-Bone Walker - Blues for Marili.mp3;T-Bone Blues;T-Bone Blues
C:\Music\T-Bone Walker\T-Bone Walker - Evenin'.mp3;T-Bone Blues;T-Bone Blues
C:\Music\T-Bone Walker\T-Bone Walker - How Long Blues.mp3;T-Bone Blues;T-Bone Blues
C:\Music\T-Bone Walker\T-Bone Walker - Mean Old World.mp3;T-Bone Blues;T-Bone Blues
C:\Music\T-Bone Walker\T-Bone Walker - Papa Ain't Salty.mp3;T-Bone Blues;T-Bone Blues
C:\Music\T-Bone Walker\T-Bone Walker - Play On Little Girl.mp3;T-Bone Blues;T-Bone Blues
C:\Music\T-Bone Walker\T-Bone Walker - Shufflin' the Blues.mp3;T-Bone Blues;T-Bone Blues
C:\Music\T-Bone Walker\T-Bone Walker - T-Bone Blues Special.mp3;T-Bone Blues;T-Bone Blues
C:\Music\T-Bone Walker\T-Bone Walker - T-Bone Blues.mp3;T-Bone Blues;T-Bone Blues
C:\Music\T-Bone Walker\T-Bone Walker - T-Bone Shuffle.mp3;T-Bone Blues;T-Bone Blues
C:\Music\T-Bone Walker\T-Bone Walker - Two Bones and a Pick.mp3;T-Bone Blues;T-Bone Blues
C:\Music\T-Bone Walker\T-Bone Walker - Why Not.mp3;T-Bone Blues;T-Bone Blues
C:\Music\T-Bone Walker\T-Bone Walker - You Don't Know What You're Doing.mp3;T-Bone Blues;T-Bone Blues
C:\Music\T-Bone Walker\T-Bone Walker-Call It Stormy Monday.mp3;Blues Legends;Blues Legends
C:\Music\T-Bone Walker\T-Bone Walker-Confusion Blues - T-Bone Walker.mp3;Blues Favorites;Blues Favorites
C:\Music\T-Bone Walker\T-Bone Walker-Goin' To Funky Town.mp3;Greatest Blues Legends;Greatest Blues Legends
C:\Music\T-Bone Walker\T-Bone Walker-Sail On Boogie.mp3;Nothin' But The Blues;Nothin' But The Blues
C:\Music\T-Bone Walker\T-Bone Walker-Stormy Monday Blues.mp3;Best Of The Blues, Vol. 2;Best Of The Blues, Vol. 2
C:\Music\T-Bone Walker\T-Bone Walker-T. Bone Boogie.mp3;Nothin' But The Blues;Nothin' But The Blues
C:\Music\TRex\T.Rex-Bang A Gong (Get It On).mp3;Electric Warrior;Electric Warrior
C:\Music\Taj Mahal\Taj Mahal - She Caught The Katy And Left Me A Mule To Ride.mp3;The Blues;The Blues
C:\Music\Taj Mahal\Taj Mahal-Ain't Gwine To Whistle Dixie (Any Mo') (Live).mp3;The Best Of Taj Mahal;The Best Of Taj Mahal
C:\Music\Taj Mahal\Taj Mahal-Ain't That A Lot Of Love (Live).mp3;Shoutin' In Key: Taj Mahal & The Phantom Blues Band Live;Shoutin' In Key- Taj Mahal & The Phantom Blues Band Live
C:\Music\Taj Mahal\Taj Mahal-Blue Light Boogie.mp3;Dancing The Blues;Dancing The Blues
C:\Music\Taj Mahal\Taj Mahal-Blue's Ain't Nothin'.mp3;Dancing The Blues;Dancing The Blues
C:\Music\Taj Mahal\Taj Mahal-Cakewalk Into Town.mp3;The Best Of Taj Mahal;The Best Of Taj Mahal
C:\Music\Taj Mahal\Taj Mahal-Chevrolet.mp3;The Best Of Taj Mahal;The Best Of Taj Mahal
C:\Music\Taj Mahal\Taj Mahal-Corinna.mp3;The Best Of Taj Mahal;The Best Of Taj Mahal
C:\Music\Taj Mahal\Taj Mahal-Corrina (Live).mp3;Shoutin' In Key: Taj Mahal & The Phantom Blues Band Live;Shoutin' In Key- Taj Mahal & The Phantom Blues Band Live
C:\Music\Taj Mahal\Taj Mahal-Cruisin' (Live).mp3;Shoutin' In Key: Taj Mahal & The Phantom Blues Band Live;Shoutin' In Key- Taj Mahal & The Phantom Blues Band Live
C:\Music\Taj Mahal\Taj Mahal-Down Home Girl.mp3;Dancing The Blues;Dancing The Blues
C:\Music\Taj Mahal\Taj Mahal-EZ Rider (Live).mp3;Shoutin' In Key: Taj Mahal & The Phantom Blues Band Live;Shoutin' In Key- Taj Mahal & The Phantom Blues Band Live
C:\Music\Taj Mahal\Taj Mahal-Ev'ry Wind (In The River) (Live).mp3;Shoutin' In Key: Taj Mahal & The Phantom Blues Band Live;Shoutin' In Key- Taj Mahal & The Phantom Blues Band Live
C:\Music\Taj Mahal\Taj Mahal-Farther On Down The Road.mp3;The Best Of Taj Mahal;The Best Of Taj Mahal
C:\Music\Taj Mahal\Taj Mahal-Fishin' Blues.mp3;The Best Of Taj Mahal;The Best Of Taj Mahal
C:\Music\Taj Mahal\Taj Mahal-Frankie And Albert.mp3;The Best Of Taj Mahal;The Best Of Taj Mahal
C:\Music\Taj Mahal\Taj Mahal-Going To The River.mp3;Dancing The Blues;Dancing The Blues
C:\Music\Taj Mahal\Taj Mahal-Going Up To The Country, Paint My Mailbox Blue.mp3;The Best Of Taj Mahal;The Best Of Taj Mahal
C:\Music\Taj Mahal\Taj Mahal-Hard Way.mp3;Dancing The Blues;Dancing The Blues
C:\Music\Taj Mahal\Taj Mahal-Honkey Tonk (Live).mp3;Shoutin' In Key: Taj Mahal & The Phantom Blues Band Live;Shoutin' In Key- Taj Mahal & The Phantom Blues Band Live
C:\Music\Taj Mahal\Taj Mahal-Honky Tonk Women.mp3;Paint It Blue: Songs Of The Rolling Stones;Paint It Blue- Songs Of The Rolling Stones
C:\Music\Taj Mahal\Taj Mahal-I Can't Help Myself (Sugarpie Honeybunch).mp3;Dancing The Blues;Dancing The Blues
C:\Music\Taj Mahal\Taj Mahal-I'm Ready.mp3;Dancing The Blues;Dancing The Blues
C:\Music\Taj Mahal\Taj Mahal-Johnny Too Bad.mp3;The Best Of Taj Mahal;The Best Of Taj Mahal
C:\Music\Taj Mahal\Taj Mahal-Leavin' Trunk (Live).mp3;Shoutin' In Key: Taj Mahal & The Phantom Blues Band Live;Shoutin' In Key- Taj Mahal & The Phantom Blues Band Live
C:\Music\Taj Mahal\Taj Mahal-Leaving Trunk.mp3;The Best Of Taj Mahal;The Best Of Taj Mahal
C:\Music\Taj Mahal\Taj Mahal-Mail Box Blues (Live).mp3;Shoutin' In Key: Taj Mahal & The Phantom Blues Band Live;Shoutin' In Key- Taj Mahal & The Phantom Blues Band Live
C:\Music\Taj Mahal\Taj Mahal-Mockingbird.mp3;Dancing The Blues;Dancing The Blues
C:\Music\Taj Mahal\Taj Mahal-Oh Susanna.mp3;The Best Of Taj Mahal;The Best Of Taj Mahal
C:\Music\Taj Mahal\Taj Mahal-Rain From The Sky (Live).mp3;Shoutin' In Key: Taj Mahal & The Phantom Blues Band Live;Shoutin' In Key- Taj Mahal & The Phantom Blues Band Live
C:\Music\Taj Mahal\Taj Mahal-Sentidos Dulce (Live).mp3;Shoutin' In Key: Taj Mahal & The Phantom Blues Band Live;Shoutin' In Key- Taj Mahal & The Phantom Blues Band Live
C:\Music\Taj Mahal\Taj Mahal-Sitting On Top Of The World.mp3;Dancing The Blues;Dancing The Blues
C:\Music\Taj Mahal\Taj Mahal-Six Days On The Road.mp3;The Best Of Taj Mahal;The Best Of Taj Mahal
C:\Music\Taj Mahal\Taj Mahal-Statesboro Blues.mp3;The Best Of Taj Mahal;The Best Of Taj Mahal
C:\Music\Taj Mahal\Taj Mahal-Stranger In My Own Home Town (Live).mp3;Shoutin' In Key: Taj Mahal & The Phantom Blues Band Live;Shoutin' In Key- Taj Mahal & The Phantom Blues Band Live
C:\Music\Taj Mahal\Taj Mahal-Stranger In My Own Home Town.mp3;Dancing The Blues;Dancing The Blues
C:\Music\Taj Mahal\Taj Mahal-Strut.mp3;Dancing The Blues;Dancing The Blues
C:\Music\Taj Mahal\Taj Mahal-Sweet Mama Janisse.mp3;The Best Of Taj Mahal;The Best Of Taj Mahal
C:\Music\Taj Mahal\Taj Mahal-Take A Giant Step.mp3;The Best Of Taj Mahal;The Best Of Taj Mahal
C:\Music\Taj Mahal\Taj Mahal-That's How Strong My Love Is.mp3;Dancing The Blues;Dancing The Blues
C:\Music\Taj Mahal\Taj Mahal-The Hoochi Coochi Coo (Live).mp3;Shoutin' In Key: Taj Mahal & The Phantom Blues Band Live;Shoutin' In Key- Taj Mahal & The Phantom Blues Band Live
C:\Music\Taj Mahal\Taj Mahal-The Hoochi Coochi Coo.mp3;Dancing The Blues;Dancing The Blues
C:\Music\Taj Mahal\Taj Mahal-Woulda Coulda Shoulda (Live).mp3;Shoutin' In Key: Taj Mahal & The Phantom Blues Band Live;Shoutin' In Key- Taj Mahal & The Phantom Blues Band Live
C:\Music\Taj Mahal\Taj Mahal-You're Going To Need Somebody On Your Bond (Live).mp3;The Best Of Taj Mahal;The Best Of Taj Mahal
C:\Music\Tal Bachman\Tal Bachman-If You Sleep.mp3;Here on Earth;Here on Earth
C:\Music\Tal Bachman\Tal Bachman-She's So High.mp3;Tal Bachman;Tal Bachman
C:\Music\Talking Heads\Talking Heads-And She Was.mp3;The Best of Talking Heads;The Best of Talking Heads
C:\Music\Tampa Red\Tampa Red-Sugar Mama Blues No. 1.mp3;Every Day I Have The Blues;Every Day I Have The Blues
C:\Music\Tampa Red\Tampa Red-Turpentine Blues.mp3;Every Day I Have The Blues;Every Day I Have The Blues
C:\Music\Tanya Tucker\Tanya Tucker - Delta Dawn.mp3;Tanya Tucker Disk 1;Tanya Tucker Disk 1
C:\Music\Tanya Tucker\Tanya Tucker - San Antonio Stroll.mp3;Greatest Hits;Greatest Hits
C:\Music\Tanya Tucker\Tanya Tucker-Already Gone.mp3;Common Thread-The Songs of the Eagles;Common Thread-The Songs of the Eagles
C:\Music\Tanya Tucker\Tanya Tucker-What's Your Mama's Name Child.mp3;Tanya Tucker Disc 1;Tanya Tucker Disc 1
C:\Music\Terri Clark\Terri Clark-Better Things To Do.mp3;Terri Clark;Terri Clark
C:\Music\Terri Clark\Terri Clark-Emotional Girl.mp3;Just The Same;Just The Same
C:\Music\Terri Clark\Terri Clark-Girls Lie Too.mp3;Greatest Hits 1994-2004;Greatest Hits 1994-2004
C:\Music\Terri Clark\Terri Clark-I Just Wanna Be Mad.mp3;The Best Of Terri Clark: The Millennium Collection;The Best Of Terri Clark- The Millennium Collection
C:\Music\Terri Clark\Terri Clark-Poor, Poor Pitiful Me.mp3;Just The Same;Just The Same
C:\Music\Terri Clark\Terri Clark-When Boy Meets Girl.mp3;Terri Clark;Terri Clark
C:\Music\Terri Clark\Terri Clark-When We Had It Bad.mp3;Terri Clark;Terri Clark
C:\Music\Terri Clark\Terri Clark-You're Easy on the Eyes.mp3;How I Feel;How I Feel
C:\Music\Terry Jacks\Terry Jacks-Concrete Sea.mp3;Terry Jacks;Terry Jacks
C:\Music\Terry Jacks\Terry Jacks-Seasons In The Sun.mp3;Terry Jacks;Terry Jacks
C:\Music\Terry Jacks\Terry Jacks-Where Evil Grows.mp3;Terry Jacks;Terry Jacks
C:\Music\Texas Johnny Brown\Texas Johnny Brown - Bongo Boogie.mp3;Atlantic Blues Guitar;Atlantic Blues Guitar
C:\Music\Texas Johnny Brown\Texas Johnny Brown - The Blues Rock.mp3;Atlantic Blues Guitar;Atlantic Blues Guitar
C:\Music\Texas Johnny Brown\Texas Johnny Brown - There Goes The Blues.mp3;Atlantic Blues Guitar;Atlantic Blues Guitar
C:\Music\Texas Johnny Brown\Texas Johnny Brown - Two Bones And A Pick.mp3;Atlantic Blues Guitar;Atlantic Blues Guitar
C:\Music\The Beach Boys\The Beach Boys - Little Saint Nick.mp3;Now Christmas Traditional;Now Christmas Traditional
C:\Music\The Beach Boys\The Beach Boys-Kokomo.mp3;Cocktail;Cocktail
C:\Music\The Beatles\The Beatles-I Saw Her Standing There.mp3;Please Please Me;Please Please Me
C:\Music\The Box\The Box-Closer Together.mp3;Closer Together;Closer Together
C:\Music\The Box\The Box-Crying Out Loud for Love.mp3;Closer Together;Closer Together
C:\Music\The Castaways\The Castaways-Liar, Liar.mp3;Good Morning Vietnam;Good Morning Vietnam
C:\Music\The Clovers\The Clovers-He Sure Could Hypnotize.mp3;The Story of the Blues;The Story of the Blues
C:\Music\The Corrs\The Corrs-Breathless.MP3;In Blue;In Blue
C:\Music\The Corrs\The Corrs-Dreams.mp3;Dreams: The Ultimate Corrs Collection;Dreams- The Ultimate Corrs Collection
C:\Music\The Cult\The Cult-She Sells Sanctuary.mp3;Pure Cult;Pure Cult
C:\Music\The Dirty Dozen Brass Band\The Dirty Dozen Brass Band-Mardi Gras in New Orleans [Live].mp3;Louisiana Scrapbook;Louisiana Scrapbook
C:\Music\The Doors\The Doors-Hello, I Love You.mp3;The Best Of The Doors;The Best Of The Doors
C:\Music\The Doors\The Doors-Riders on the Storm.mp3;Legacy: The Absolute Best;Legacy- The Absolute Best
C:\Music\The Eagles\The Eagles-Already Gone.mp3;Their Greatest Hits (1971-1975);Their Greatest Hits (1971-1975)
C:\Music\The Eagles\The Eagles-Lyin' Eyes.mp3;Their Greatest Hits (1971-1975);Their Greatest Hits (1971-1975)
C:\Music\The Eagles\The Eagles-One of These Nights.mp3;Their Greatest Hits (1971-1975);Their Greatest Hits (1971-1975)
C:\Music\The Eagles\The Eagles-Peaceful Easy Feeling.mp3;Their Greatest Hits (1971-1975);Their Greatest Hits (1971-1975)
C:\Music\The Eagles\The Eagles-Take It Easy.mp3;Their Greatest Hits (1971-1975);Their Greatest Hits (1971-1975)
C:\Music\The Eagles\The Eagles-Take It to the Limit.mp3;Their Greatest Hits (1971-1975);Their Greatest Hits (1971-1975)
C:\Music\The Eagles\The Eagles-Witchy Woman.mp3;Their Greatest Hits;Their Greatest Hits
C:\Music\The Fabulous Thunderbirds\The Fabulous Thunderbirds - Feelin' Good.mp3;The Blues;The Blues
C:\Music\The Georgia Satellites\The Georgia Satellites-Hippy Hippy Shake.mp3;Cocktail;Cocktail
C:\Music\The Hobbit\Howard Shore & Neil Finn-Song of the Lonely Mountain.mp3;The Hobbit: An Unexpected Journey;The Hobbit- An Unexpected Journey
C:\Music\The Hobbit\Howard Shore, Richard Armitage & The Dwarf Cast-Misty Mountains.mp3;The Hobbit: An Unexpected Journey;The Hobbit- An Unexpected Journey
C:\Music\The Holmes Brothers\The Holmes Brothers-Beast Of Burden.mp3;Paint It Blue: Songs Of The Rolling Stones;Paint It Blue- Songs Of The Rolling Stones
C:\Music\The Judds\The Judds-Why Not Me.mp3;Why Not Me;Why Not Me
C:\Music\The Kings\The Kings-THIS BEAT GOES ON.mp3;The Kings Are Here-Amazon Beach;The Kings Are Here-Amazon Beach
C:\Music\The Lord of the Rings\Howard Shore-The Taming Of Smeagol.mp3;Lord of The Rings;Lord of The Rings
C:\Music\The Marvelettes\The Marvelettes-Danger Hearbreak Dead Ahead.mp3;Good Morning Vietnam;Good Morning Vietnam
C:\Music\The Outfield\The Outfield-Your Love.mp3;Play Deep;Play Deep
C:\Music\The Police\The Police-roxanne.mp3;The Very Best of Sting & the Police;The Very Best of Sting & the Police
C:\Music\The Rankin Family\The Rankin Family - Rise Again.mp3;Collection;Collection
C:\Music\The Rankin Family\The Rankin Family - Roving Gypsy Boy .mp3;Collection;Collection
C:\Music\The Rankin Family\The Rankin Family - We'll Carry On.mp3;Collection;Collection
C:\Music\The Rankin Family\The Rankin Family - You Feel the Same Way Too.mp3;Collection;Collection
C:\Music\The Rankin Family\The Rankin Family-Gillis Mountain.mp3;Fare Thee Well Love;Fare Thee Well Love
C:\Music\The Rankin Family\The Rankin Family-Movin On.mp3;Reunion;Reunion
C:\Music\The Rankin Family\The Rankin Family-North Country.mp3;North Country;North Country
C:\Music\The Rankin Family\The Rankin Family-Orangedale Whistle.mp3;Fare Thee Well Love;Fare Thee Well Love
C:\Music\The Ravens & Jimmy Ricks\The Ravens & Jimmy Ricks-Daddy Rollin' Stone.mp3;Still Got The Blues, Vol:4;Still Got The Blues, Vol-4
C:\Music\The Rembrants\The Rembrants-I'll Be There For You.mp3;Absolute 90's;Absolute 90's
C:\Music\The Righteous Brothers\The Righteous Brothers-Unchained Melody.mp3;Ghost;Ghost
C:\Music\The Rivieras\The Rivieras-California Sun.mp3;Good Morning Vietnam;Good Morning Vietnam
C:\Music\The Royal Guardsmen\The Royal Guardsmen-Snoopy vs. The Red Baron (Remastered).mp3;Snoopy vs. the Red Barron-Snoopy and His Friends;Snoopy vs. the Red Barron-Snoopy and His Friends
C:\Music\The Searchers\The Searchers-Sugar and Spice.mp3;Good Morning Vietnam;Good Morning Vietnam
C:\Music\The Tragically Hip\The Tragically Hip-38 Years Old.mp3;Up To Here;Up To Here
C:\Music\The Tragically Hip\The Tragically Hip-Another Midnight.mp3;Up To Here;Up To Here
C:\Music\The Tragically Hip\The Tragically Hip-Blow At High Dough.mp3;Up To Here;Up To Here
C:\Music\The Tragically Hip\The Tragically Hip-Boots Or Hearts.mp3;Up To Here;Up To Here
C:\Music\The Tragically Hip\The Tragically Hip-Everytime You Go.mp3;Up To Here;Up To Here
C:\Music\The Tragically Hip\The Tragically Hip-I'll Believe In You (Or I'll Be Leaving You Tonight).mp3;Up To Here;Up To Here
C:\Music\The Tragically Hip\The Tragically Hip-New Orleans Is Sinking.mp3;Up To Here;Up To Here
C:\Music\The Tragically Hip\The Tragically Hip-Opiated.mp3;Up To Here;Up To Here
C:\Music\The Tragically Hip\The Tragically Hip-She Didn't Know.mp3;Up To Here;Up To Here
C:\Music\The Tragically Hip\The Tragically Hip-Trickle Down.mp3;Up To Here;Up To Here
C:\Music\The Tragically Hip\The Tragically Hip-When The Weight Comes Down.mp3;Up To Here;Up To Here
C:\Music\The Trews\The Trews-Man of Two Minds.mp3;No Time For Later;No Time For Later
C:\Music\The Vaughan Brothers\The Vaughan Brothers-Telephone Song.mp3;The Real Deal: Greatest Hits Vol. 2;The Real Deal- Greatest Hits Vol. 2
C:\Music\The Vogues\The Vogues-Five O'Clock World.mp3;Good Morning Vietnam;Good Morning Vietnam
C:\Music\The Who\The Who-Teenage Wasteland.mp3;Baba O'Reiley;Baba O'Reiley
C:\Music\Them\Them-Baby Please Don't Go.mp3;Good Morning Vietnam;Good Morning Vietnam
C:\Music\Theory of a Deadman\Theory of a Deadman - Out of My Head.mp3;The Truth Is...;The Truth Is
C:\Music\Theory of a Deadman\Theory of a Deadman-Bad Girlfriend.mp3;Scars and Souvenirs;Scars and Souvenirs
C:\Music\Theory of a Deadman\Theory of a Deadman-Hate My Life.mp3;Scars and Souvenirs;Scars and Souvenirs
C:\Music\Theory of a Deadman\Theory of a Deadman-Little Smirk.mp3;Scars and Souvenirs;Scars and Souvenirs
C:\Music\Thin Lizzie\Thin Lizzy-The Boys Are Back In Town.mp3;Dedication;Dedication
C:\Music\Third Eye Blind\Third Eye Blind-How's It Going To Be.mp3;Big Shiny Tunes 3;Big Shiny Tunes 3
C:\Music\Tim McGraw\Faith Hill & Tim McGraw-It's Your Love.MP3;Number One Hits;Number One Hits
C:\Music\Tim McGraw\Tim Mcgraw-BBQ Stain (On My White T Shirt).mp3;Number One Hits;Number One Hits
C:\Music\Tim McGraw\Tim Mcgraw-My Next 30 Years.mp3;Number One Hits;Number One Hits
C:\Music\Toby Keith\Toby Keith-As Good As I Once Was.mp3;Honkytonk University;Honkytonk University
C:\Music\Tommy James &The Shondells\Tommy James-Crimson And Clover.mp3;Story Disc 1;Story Disc 1
C:\Music\Tommy James &The Shondells\Tommy James-I Think We're Alone.mp3;The Essentials;The Essentials
C:\Music\Tommy James &The Shondells\Tommy James-Mony Mony.mp3;Chart Toppers-Rock Hits of the 60s;Chart Toppers-Rock Hits of the 60s
C:\Music\Tommy Tucker\Tommy Tucker-Drunk.mp3;The Story of the Blues;The Story of the Blues
C:\Music\Toronto Children's Chorus\Toronto Children's Chorus - The Huron Carol.mp3;Now Christmas Traditional;Now Christmas Traditional
C:\Music\Total Sharpville\Todd Sharpville-Can't Hold Out.mp3;Still Got The Blues, Vol:4;Still Got The Blues, Vol-4
C:\Music\Toto\Toto-Africa.mp3;Collections;Collections
C:\Music\Townes Van Zandt\Townes Van Zandt - Nothin'.mp3;The Great Tomato Blues Package;The Great Tomato Blues Package
C:\Music\Tracy Lawrence\Tracy Lawrence-I Threw the Rest Away.mp3;Live and Unplugged;Live and Unplugged
C:\Music\Tracy Lawrence\Tracy Lawrence-If the Good Die Young.mp3;Live and Unplugged;Live and Unplugged
C:\Music\Tracy Lawrence\Tracy Lawrence-Renegades, Rebels, and Rogues.mp3;Live and Unplugged;Live and Unplugged
C:\Music\Tracy Lawrence\Tracy Lawrence-Runnin' Behind.mp3;Live and Unplugged;Live and Unplugged
C:\Music\Tracy Lawrence\Tracy Lawrence-Somebody Paints the Wall.mp3;Live and Unplugged;Live and Unplugged
C:\Music\Tracy Lawrence\Tracy Lawrence-Sticks and Stones [Acoustic].mp3;Live and Unplugged;Live and Unplugged
C:\Music\Tracy Lawrence\Tracy Lawrence-Today's Lonely Fool.mp3;Live and Unplugged;Live and Unplugged
C:\Music\Train\Train-Save Me, San Francisco.mp3;Save Me, San Francisco;Save Me, San Francisco
C:\Music\Travis Tritt\Travis Tritt-Country Ain't Country.mp3;Strong Enough;Strong Enough
C:\Music\Travis Tritt\Travis Tritt-Country Club.mp3;Country Club;Country Club
C:\Music\Travis Tritt\Travis Tritt-Draggin' My Heart Around.mp3;Restless Kind;Restless Kind
C:\Music\Travis Tritt\Travis Tritt-Here's A Quarter (Call Someone Who Cares).mp3;It's All About To Change;It's All About To Change
C:\Music\Travis Tritt\Travis Tritt-Modern Day Bonnie And Clyde.MP3;Down The Road I Go;Down The Road I Go
C:\Music\Travis Tritt\Travis Tritt-More Than You'll Ever Know.mp3;Restless Kind;Restless Kind
C:\Music\Travis Tritt\Travis Tritt-Restless Kind.mp3;Restless Kind;Restless Kind
C:\Music\Travis Tritt\Travis Tritt-She's Going Home With Me.mp3;Restless Kind;Restless Kind
C:\Music\Travis Tritt\Travis Tritt-Still in Love With You.mp3;Restless Kind;Restless Kind
C:\Music\Travis Tritt\Travis Tritt-T-R-O-U-B-L-E.mp3;T-R-O-U-B-L-E;T-R-O-U-B-L-E
C:\Music\Travis Tritt\Travis Tritt-Take It Easy.mp3;Common Thread-The Songs of the Eagles;Common Thread-The Songs of the Eagles
C:\Music\Travis Tritt\Travis Tritt-Where Corn Don't Grow.mp3;Restless Kind;Restless Kind
C:\Music\Tri Continental\Tri Continental-Bill Miner.mp3;Tri Continental;Tri Continental
C:\Music\Tri Continental\Tri Continental-Fiderana.mp3;Tri Continental;Tri Continental
C:\Music\Tri Continental\Tri Continental-MBO.mp3;Tri Continental;Tri Continental
C:\Music\Tri Continental\Tri Continental-Precious Love.mp3;Tri Continental;Tri Continental
C:\Music\Tri Continental\Tri Continental-Red Moon.mp3;Tri Continental;Tri Continental
C:\Music\Tri Continental\Tri Continental-Scarecrow Murders.mp3;Tri Continental;Tri Continental
C:\Music\Tri Continental\Tri Continental-The Chant.mp3;Tri Continental;Tri Continental
C:\Music\Tri Continental\Tri Continental-The House.mp3;Tri Continental;Tri Continental
C:\Music\Tri Continental\Tri Continental-These Blues.mp3;Tri Continental;Tri Continental
C:\Music\Tri Continental\Tri Continental-Waiting.mp3;Tri Continental;Tri Continental
C:\Music\Tri Continental\Tri Continental-Yesterday is Gone.mp3;Tri Continental;Tri Continental
C:\Music\Trooper\Trooper-Raise A Little Hell.mp3;Hot Shots;Hot Shots
C:\Music\Trooper\Trooper-The Boys In The Bright White Sports Car.mp3;Hot Shots;Hot Shots
C:\Music\Tuts Washington\Tuts Washington-When The Saints Go Marching In.mp3;Louisiana Scrapbook;Louisiana Scrapbook
C:\Music\Twisted Sister\TWISTED SISTER-WE'RE NOT GONNA TAKE IT.MP3;Stay Hungry;Stay Hungry
C:\Music\U2\U2-New Year's Day.mp3;War;War
C:\Music\Ugly Kid Joe\Ugly Kid Joe-Cats in the cradle and a silver spoon.mp3;Cats in the Cradle;Cats in the Cradle
C:\Music\Unknown\It's All About The Blues - CC Rider.mp3;Its All About the Blues;Its All About the Blues
C:\Music\Unknown\It's All About The Blues - Harmonica Hop.mp3;Its All About the Blues;Its All About the Blues
C:\Music\Unknown\It's All About The Blues - Mean Old Bedbug Blues.mp3;Its All About the Blues;Its All About the Blues
C:\Music\Unknown\It's All About The Blues - Pratt City Blues.mp3;Its All About the Blues;Its All About the Blues
C:\Music\Unknown\It's All About The Blues - St Louis Blues.mp3;Its All About the Blues;Its All About the Blues
C:\Music\Van Halen\Van Halen-Dance The Night Away.MP3;Van Halen II;Van Halen II
C:\Music\Van Halen\Van Halen-Jump.MP3;1984;1984
C:\Music\Van Halen\Van Halen-PANAMA.MP3;1984;1984
C:\Music\Van Morrison\Van Morrison - Midnight Special.mp3;The Blues;The Blues
C:\Music\Van Morrison\Van Morrison-Brown Eyed Girl.mp3;T. B. Sheets;T. B. Sheets
C:\Music\Wade Hayes\Wade Hayes-Old Enough To Know Better.mp3;Old Enough To Know Better;Old Enough To Know Better
C:\Music\Wade Hayes\Wade Hayes-On A Good Night.mp3;On A Good Night;On A Good Night
C:\Music\Walter Wolfman Washington\Walter 'Wolfman' Washington-You Got Me Worried.mp3;Louisiana Scrapbook;Louisiana Scrapbook
C:\Music\Wayne Fontasna and the Mindbenders\Wayne Fontana and the Mindbenders-Game of Love.mp3;Good Morning Vietnam;Good Morning Vietnam
C:\Music\Whitesnake\Whitesnake - Here I Go Again.mp3;Greatest Hits;Greatest Hits
C:\Music\Whitney Houston\Whitney Houston-I Have Nothing (Remastered).mp3;Whitney - The Greatest Hits;Whitney - The Greatest Hits
C:\Music\Whitney Houston\Whitney Houston-I Will Always Love You.mp3;Whitney - The Greatest Hits;Whitney - The Greatest Hits
C:\Music\Wilbert Harrison\Wilbert Harrison - Kansas City.mp3;The Great Tomato Blues Package;The Great Tomato Blues Package
C:\Music\Willie Dixon\Willie Dixon - Back Door Man.mp3;The Blues;The Blues
C:\Music\Willie Dixon\Willie Dixon-Walkin' The Blues.mp3;Blues Legends;Blues Legends
C:\Music\Willie King\Willlie King-Peg Leg Woman.mp3;Still Got The Blues, Vol:4;Still Got The Blues, Vol-4
C:\Music\Willie Mabon\Willie Mabon - Poison Ivy.mp3;The Great Tomato Blues Package;The Great Tomato Blues Package
C:\Music\Willie Williams and Carey Bell\Willie Williams And Carey Bell-Showing Off My Car.mp3;The Story of the Blues;The Story of the Blues
C:\Music\Wilson Phillips\Wilson Phillips-Release Me.mp3;Wilson Phillips;Wilson Phillips
C:\Music\X Ambassadors\X Ambassadors-Renegades.mp3;VHS;VHS
C:\Music\Yes\Yes-Owner of a Lonely Heart.mp3;90125;90125
C:\Music\Z.Z. Hill\Z.Z. Hill-Love Is So Good When You Are Stealing It.mp3;Blues Legends;Blues Legends
C:\Music\ZZ Top\ZZ Top-Tush.mp3;The Best of ZZ Top;The Best of ZZ Top
